item_id,store_id,date,sales,sell_price,category
FOODS_1_005,CA_1,2011-04-24,7.0,2.94,FOODS
FOODS_1_005,CA_2,2011-04-24,21.0,2.94,FOODS
FOODS_1_005,CA_3,2011-04-24,21.0,2.94,FOODS
FOODS_1_005,TX_1,2011-04-24,1.0,2.94,FOODS
FOODS_1_005,TX_2,2011-04-24,3.0,2.94,FOODS
FOODS_1_005,TX_3,2011-04-24,6.0,2.94,FOODS
FOODS_1_010,CA_1,2013-05-05,1.0,5.23,FOODS
FOODS_1_010,CA_1,2014-06-15,1.0,5.4,FOODS
FOODS_1_010,CA_4,2014-06-15,2.0,5.4,FOODS
FOODS_1_010,TX_3,2014-06-15,2.0,6.03,FOODS
FOODS_1_010,WI_1,2014-06-15,2.0,7.03,FOODS
FOODS_1_011,CA_3,2011-04-24,2.0,2.28,FOODS
FOODS_1_011,CA_4,2011-04-24,1.0,2.28,FOODS
FOODS_1_014,CA_1,2014-04-20,2.0,0.98,FOODS
FOODS_1_014,CA_2,2014-06-15,1.0,0.98,FOODS
FOODS_1_014,CA_3,2014-04-20,2.0,0.98,FOODS
FOODS_1_014,TX_1,2013-05-05,4.0,0.98,FOODS
FOODS_1_014,TX_1,2014-04-20,1.0,0.98,FOODS
FOODS_1_014,TX_1,2014-06-15,1.0,0.98,FOODS
FOODS_1_014,TX_2,2013-05-05,3.0,0.98,FOODS
FOODS_1_014,TX_3,2013-05-05,2.0,0.98,FOODS
FOODS_1_014,WI_2,2013-05-05,1.0,0.98,FOODS
FOODS_1_014,WI_2,2014-04-20,1.0,0.98,FOODS
FOODS_1_014,WI_2,2014-06-15,1.0,0.98,FOODS
FOODS_1_014,WI_3,2013-05-05,2.0,0.98,FOODS
FOODS_1_016,CA_1,2011-04-24,1.0,1.96,FOODS
FOODS_1_016,CA_1,2014-04-20,1.0,1.98,FOODS
FOODS_1_016,CA_1,2014-06-15,3.0,1.98,FOODS
FOODS_1_016,CA_2,2011-04-24,2.0,1.96,FOODS
FOODS_1_016,CA_3,2014-04-20,1.0,1.98,FOODS
FOODS_1_016,CA_3,2014-06-15,3.0,1.98,FOODS
FOODS_1_016,CA_4,2013-05-05,5.0,1.98,FOODS
FOODS_1_016,CA_4,2014-06-15,2.0,1.98,FOODS
FOODS_1_016,TX_2,2013-05-05,4.0,1.98,FOODS
FOODS_1_016,TX_2,2014-04-20,1.0,1.98,FOODS
FOODS_1_016,TX_2,2014-06-15,2.0,1.98,FOODS
FOODS_1_016,TX_3,2014-06-15,5.0,1.98,FOODS
FOODS_1_016,WI_1,2013-05-05,1.0,1.98,FOODS
FOODS_1_016,WI_1,2014-04-20,1.0,1.98,FOODS
FOODS_1_016,WI_2,2013-05-05,1.0,1.98,FOODS
FOODS_1_016,WI_2,2014-06-15,2.0,1.98,FOODS
FOODS_1_030,CA_1,2013-05-05,1.0,3.24,FOODS
FOODS_1_030,CA_2,2014-04-20,1.0,3.24,FOODS
FOODS_1_030,CA_2,2014-06-15,2.0,3.24,FOODS
FOODS_1_030,CA_3,2011-04-24,3.0,2.78,FOODS
FOODS_1_030,CA_3,2013-05-05,2.0,3.24,FOODS
FOODS_1_030,CA_4,2013-05-05,1.0,3.24,FOODS
FOODS_1_030,TX_1,2013-05-05,3.0,3.24,FOODS
FOODS_1_030,TX_2,2014-06-15,2.0,3.24,FOODS
FOODS_1_030,TX_3,2011-04-24,4.0,2.78,FOODS
FOODS_1_040,CA_1,2014-04-20,3.0,1.78,FOODS
FOODS_1_040,CA_2,2011-04-24,5.0,1.76,FOODS
FOODS_1_040,CA_2,2013-05-05,2.0,1.78,FOODS
FOODS_1_040,CA_2,2014-04-20,7.0,1.78,FOODS
FOODS_1_040,CA_3,2011-04-24,7.0,1.76,FOODS
FOODS_1_040,CA_3,2013-05-05,8.0,1.78,FOODS
FOODS_1_040,CA_3,2014-04-20,1.0,1.78,FOODS
FOODS_1_040,CA_4,2014-04-20,4.0,1.78,FOODS
FOODS_1_040,TX_1,2011-04-24,2.0,1.76,FOODS
FOODS_1_040,TX_1,2014-04-20,4.0,1.78,FOODS
FOODS_1_040,TX_2,2011-04-24,4.0,1.76,FOODS
FOODS_1_040,TX_3,2013-05-05,2.0,1.78,FOODS
FOODS_1_040,WI_1,2013-05-05,2.0,1.78,FOODS
FOODS_1_040,WI_1,2014-04-20,4.0,1.78,FOODS
FOODS_1_040,WI_2,2011-04-24,8.0,1.76,FOODS
FOODS_1_040,WI_2,2013-05-05,3.0,1.78,FOODS
FOODS_1_040,WI_2,2014-04-20,2.0,1.78,FOODS
FOODS_1_040,WI_3,2011-04-24,3.0,1.76,FOODS
FOODS_1_040,WI_3,2013-05-05,1.0,1.78,FOODS
FOODS_1_040,WI_3,2014-04-20,2.0,1.78,FOODS
FOODS_1_045,CA_1,2013-05-05,2.0,1.78,FOODS
FOODS_1_045,CA_1,2014-04-20,6.0,1.78,FOODS
FOODS_1_045,CA_2,2011-04-24,5.0,1.76,FOODS
FOODS_1_045,CA_2,2014-04-20,2.0,1.78,FOODS
FOODS_1_045,CA_3,2011-04-24,8.0,1.76,FOODS
FOODS_1_045,CA_3,2014-04-20,2.0,1.78,FOODS
FOODS_1_045,CA_4,2013-05-05,5.0,1.78,FOODS
FOODS_1_045,CA_4,2014-04-20,4.0,1.78,FOODS
FOODS_1_045,TX_1,2011-04-24,1.0,1.76,FOODS
FOODS_1_045,TX_2,2014-04-20,1.0,1.78,FOODS
FOODS_1_045,TX_3,2011-04-24,5.0,1.76,FOODS
FOODS_1_045,TX_3,2013-05-05,2.0,1.78,FOODS
FOODS_1_045,WI_1,2013-05-05,3.0,1.78,FOODS
FOODS_1_045,WI_1,2014-04-20,5.0,1.78,FOODS
FOODS_1_045,WI_2,2011-04-24,2.0,1.76,FOODS
FOODS_1_045,WI_2,2013-05-05,2.0,1.78,FOODS
FOODS_1_047,CA_1,2011-04-24,4.0,2.94,FOODS
FOODS_1_047,CA_2,2011-04-24,9.0,2.94,FOODS
FOODS_1_047,CA_3,2011-04-24,4.0,2.94,FOODS
FOODS_1_047,TX_2,2011-04-24,1.0,2.94,FOODS
FOODS_1_047,WI_2,2011-04-24,1.0,3.24,FOODS
FOODS_1_047,WI_3,2011-04-24,2.0,2.94,FOODS
FOODS_1_052,CA_1,2014-04-20,2.0,0.98,FOODS
FOODS_1_052,CA_1,2014-06-15,5.0,0.98,FOODS
FOODS_1_052,CA_2,2014-04-20,1.0,0.98,FOODS
FOODS_1_052,CA_3,2014-04-20,2.0,0.98,FOODS
FOODS_1_052,CA_3,2014-06-15,3.0,0.98,FOODS
FOODS_1_052,TX_1,2014-04-20,1.0,0.98,FOODS
FOODS_1_052,TX_2,2014-06-15,1.0,0.98,FOODS
FOODS_1_052,TX_3,2013-05-05,1.0,0.98,FOODS
FOODS_1_052,WI_1,2013-05-05,4.0,0.98,FOODS
FOODS_1_052,WI_1,2014-06-15,3.0,0.98,FOODS
FOODS_1_052,WI_2,2014-06-15,4.0,0.98,FOODS
FOODS_1_052,WI_3,2013-05-05,1.0,0.98,FOODS
FOODS_1_052,WI_3,2014-06-15,1.0,0.98,FOODS
FOODS_1_065,CA_1,2011-04-24,4.0,2.94,FOODS
FOODS_1_065,CA_1,2013-05-05,1.0,2.88,FOODS
FOODS_1_065,CA_2,2011-04-24,9.0,2.94,FOODS
FOODS_1_065,CA_3,2011-04-24,2.0,2.94,FOODS
FOODS_1_065,CA_3,2013-05-05,1.0,2.88,FOODS
FOODS_1_065,CA_3,2014-06-15,3.0,2.88,FOODS
FOODS_1_065,TX_1,2013-05-05,1.0,2.88,FOODS
FOODS_1_065,TX_2,2013-05-05,1.0,2.88,FOODS
FOODS_1_065,WI_1,2011-04-24,1.0,2.94,FOODS
FOODS_1_065,WI_1,2013-05-05,1.0,2.88,FOODS
FOODS_1_065,WI_2,2013-05-05,1.0,2.88,FOODS
FOODS_1_065,WI_3,2013-05-05,6.0,2.88,FOODS
FOODS_1_078,CA_1,2014-04-20,2.0,3.24,FOODS
FOODS_1_078,CA_3,2013-05-05,2.0,3.24,FOODS
FOODS_1_078,CA_3,2014-06-15,2.0,3.24,FOODS
FOODS_1_078,TX_1,2014-04-20,1.0,3.24,FOODS
FOODS_1_078,TX_2,2013-05-05,1.0,3.24,FOODS
FOODS_1_078,TX_2,2014-04-20,1.0,3.24,FOODS
FOODS_1_078,TX_2,2014-06-15,1.0,3.24,FOODS
FOODS_1_078,TX_3,2013-05-05,1.0,3.24,FOODS
FOODS_1_078,TX_3,2014-04-20,2.0,3.24,FOODS
FOODS_1_078,WI_1,2013-05-05,2.0,3.24,FOODS
FOODS_1_078,WI_1,2014-06-15,1.0,3.24,FOODS
FOODS_1_078,WI_3,2014-06-15,1.0,3.24,FOODS
FOODS_1_079,TX_3,2014-06-15,1.0,5.57,FOODS
FOODS_1_093,CA_4,2014-04-20,1.0,5.33,FOODS
FOODS_1_093,TX_3,2014-06-15,1.0,6.03,FOODS
FOODS_1_099,CA_1,2013-05-05,4.0,0.98,FOODS
FOODS_1_099,CA_1,2014-04-20,12.0,0.98,FOODS
FOODS_1_099,CA_1,2014-06-15,8.0,0.98,FOODS
FOODS_1_099,CA_2,2013-05-05,6.0,0.98,FOODS
FOODS_1_099,CA_2,2014-04-20,6.0,0.98,FOODS
FOODS_1_099,CA_2,2014-06-15,2.0,0.98,FOODS
FOODS_1_099,CA_3,2013-05-05,5.0,0.98,FOODS
FOODS_1_099,CA_3,2014-04-20,3.0,0.98,FOODS
FOODS_1_099,CA_3,2014-06-15,1.0,0.98,FOODS
FOODS_1_099,CA_4,2013-05-05,7.0,0.98,FOODS
FOODS_1_099,CA_4,2014-04-20,9.0,0.98,FOODS
FOODS_1_099,CA_4,2014-06-15,8.0,0.98,FOODS
FOODS_1_099,TX_1,2013-05-05,2.0,0.98,FOODS
FOODS_1_099,TX_1,2014-04-20,1.0,0.98,FOODS
FOODS_1_099,TX_1,2014-06-15,4.0,0.98,FOODS
FOODS_1_099,TX_2,2013-05-05,3.0,0.98,FOODS
FOODS_1_099,TX_2,2014-04-20,11.0,0.98,FOODS
FOODS_1_099,TX_2,2014-06-15,6.0,0.98,FOODS
FOODS_1_099,TX_3,2014-04-20,2.0,0.98,FOODS
FOODS_1_099,TX_3,2014-06-15,5.0,0.98,FOODS
FOODS_1_099,WI_1,2013-05-05,5.0,0.98,FOODS
FOODS_1_099,WI_1,2014-04-20,8.0,0.98,FOODS
FOODS_1_099,WI_1,2014-06-15,4.0,0.98,FOODS
FOODS_1_099,WI_2,2013-05-05,7.0,0.98,FOODS
FOODS_1_099,WI_2,2014-04-20,6.0,0.98,FOODS
FOODS_1_099,WI_2,2014-06-15,9.0,0.98,FOODS
FOODS_1_099,WI_3,2014-04-20,1.0,0.98,FOODS
FOODS_1_099,WI_3,2014-06-15,1.0,0.98,FOODS
FOODS_1_101,CA_1,2011-04-24,1.0,1.97,FOODS
FOODS_1_101,CA_1,2014-06-15,1.0,1.97,FOODS
FOODS_1_101,CA_2,2014-04-20,7.0,1.97,FOODS
FOODS_1_101,CA_3,2014-06-15,1.0,1.97,FOODS
FOODS_1_101,TX_2,2014-06-15,1.0,1.97,FOODS
FOODS_1_101,WI_1,2011-04-24,2.0,1.97,FOODS
FOODS_1_101,WI_1,2014-06-15,2.0,1.97,FOODS
FOODS_1_101,WI_3,2011-04-24,1.0,1.97,FOODS
FOODS_1_101,WI_3,2014-06-15,2.0,1.97,FOODS
FOODS_1_102,CA_1,2011-04-24,2.0,1.5,FOODS
FOODS_1_102,CA_1,2014-04-20,1.0,1.78,FOODS
FOODS_1_102,CA_2,2013-05-05,1.0,1.78,FOODS
FOODS_1_102,CA_2,2014-04-20,4.0,1.78,FOODS
FOODS_1_102,CA_2,2014-06-15,1.0,1.78,FOODS
FOODS_1_102,CA_3,2011-04-24,3.0,1.5,FOODS
FOODS_1_102,CA_3,2013-05-05,2.0,1.78,FOODS
FOODS_1_102,CA_3,2014-04-20,4.0,1.78,FOODS
FOODS_1_102,CA_4,2014-04-20,1.0,1.78,FOODS
FOODS_1_102,TX_2,2013-05-05,1.0,1.78,FOODS
FOODS_1_102,TX_2,2014-04-20,2.0,1.78,FOODS
FOODS_1_102,TX_3,2011-04-24,3.0,1.5,FOODS
FOODS_1_102,TX_3,2013-05-05,1.0,1.78,FOODS
FOODS_1_102,WI_1,2013-05-05,2.0,1.78,FOODS
FOODS_1_102,WI_1,2014-04-20,3.0,1.78,FOODS
FOODS_1_102,WI_1,2014-06-15,2.0,1.78,FOODS
FOODS_1_102,WI_2,2011-04-24,1.0,1.64,FOODS
FOODS_1_102,WI_2,2013-05-05,3.0,1.78,FOODS
FOODS_1_102,WI_2,2014-04-20,3.0,1.78,FOODS
FOODS_1_102,WI_3,2011-04-24,2.0,1.5,FOODS
FOODS_1_102,WI_3,2014-04-20,1.0,1.78,FOODS
FOODS_1_103,CA_1,2014-04-20,3.0,3.94,FOODS
FOODS_1_103,CA_1,2014-06-15,6.0,3.94,FOODS
FOODS_1_103,CA_2,2011-04-24,3.0,3.18,FOODS
FOODS_1_103,CA_2,2014-06-15,7.0,3.94,FOODS
FOODS_1_103,CA_3,2011-04-24,2.0,3.18,FOODS
FOODS_1_103,CA_3,2014-04-20,7.0,3.94,FOODS
FOODS_1_103,CA_3,2014-06-15,5.0,3.94,FOODS
FOODS_1_103,CA_4,2014-04-20,1.0,3.94,FOODS
FOODS_1_103,TX_1,2011-04-24,1.0,3.18,FOODS
FOODS_1_103,TX_2,2011-04-24,1.0,3.18,FOODS
FOODS_1_103,TX_2,2014-04-20,2.0,3.94,FOODS
FOODS_1_103,TX_2,2014-06-15,4.0,3.94,FOODS
FOODS_1_103,TX_3,2011-04-24,1.0,3.18,FOODS
FOODS_1_103,TX_3,2014-04-20,4.0,3.94,FOODS
FOODS_1_103,TX_3,2014-06-15,2.0,3.94,FOODS
FOODS_1_103,WI_1,2014-04-20,2.0,3.88,FOODS
FOODS_1_103,WI_2,2014-04-20,1.0,3.88,FOODS
FOODS_1_103,WI_2,2014-06-15,2.0,3.88,FOODS
FOODS_1_103,WI_3,2011-04-24,1.0,3.18,FOODS
FOODS_1_105,CA_1,2014-04-20,1.0,1.88,FOODS
FOODS_1_105,CA_2,2014-04-20,7.0,1.88,FOODS
FOODS_1_105,CA_3,2013-05-05,1.0,1.88,FOODS
FOODS_1_105,CA_3,2014-06-15,3.0,1.88,FOODS
FOODS_1_105,TX_1,2013-05-05,2.0,1.88,FOODS
FOODS_1_105,WI_1,2013-05-05,1.0,1.88,FOODS
FOODS_1_105,WI_1,2014-04-20,1.0,1.88,FOODS
FOODS_1_105,WI_1,2014-06-15,1.0,1.88,FOODS
FOODS_1_105,WI_2,2013-05-05,1.0,1.88,FOODS
FOODS_1_105,WI_2,2014-04-20,1.0,1.88,FOODS
FOODS_1_116,CA_2,2011-04-24,2.0,2.18,FOODS
FOODS_1_116,CA_2,2013-05-05,3.0,2.48,FOODS
FOODS_1_116,CA_3,2013-05-05,1.0,2.48,FOODS
FOODS_1_116,CA_3,2014-06-15,1.0,2.23,FOODS
FOODS_1_116,WI_1,2013-05-05,1.0,2.48,FOODS
FOODS_1_116,WI_2,2013-05-05,3.0,2.48,FOODS
FOODS_1_118,CA_2,2014-04-20,2.0,0.98,FOODS
FOODS_1_118,CA_2,2014-06-15,3.0,0.98,FOODS
FOODS_1_118,TX_1,2014-04-20,1.0,0.98,FOODS
FOODS_1_118,WI_1,2013-05-05,3.0,0.98,FOODS
FOODS_1_118,WI_1,2014-06-15,2.0,0.98,FOODS
FOODS_1_118,WI_2,2014-04-20,3.0,0.98,FOODS
FOODS_1_118,WI_2,2014-06-15,2.0,0.98,FOODS
FOODS_1_118,WI_3,2013-05-05,1.0,0.98,FOODS
FOODS_1_120,CA_1,2013-05-05,1.0,1.78,FOODS
FOODS_1_120,CA_1,2014-04-20,3.0,1.78,FOODS
FOODS_1_120,CA_1,2014-06-15,3.0,1.78,FOODS
FOODS_1_120,CA_2,2013-05-05,12.0,1.78,FOODS
FOODS_1_120,CA_2,2014-04-20,3.0,1.78,FOODS
FOODS_1_120,CA_2,2014-06-15,2.0,1.78,FOODS
FOODS_1_120,CA_3,2013-05-05,8.0,1.78,FOODS
FOODS_1_120,CA_3,2014-04-20,5.0,1.78,FOODS
FOODS_1_120,CA_3,2014-06-15,2.0,1.78,FOODS
FOODS_1_120,CA_4,2013-05-05,1.0,1.78,FOODS
FOODS_1_120,TX_2,2013-05-05,2.0,1.78,FOODS
FOODS_1_120,TX_2,2014-04-20,4.0,1.78,FOODS
FOODS_1_120,TX_3,2013-05-05,1.0,1.78,FOODS
FOODS_1_120,TX_3,2014-06-15,3.0,1.78,FOODS
FOODS_1_120,WI_1,2013-05-05,3.0,1.78,FOODS
FOODS_1_120,WI_1,2014-04-20,1.0,1.78,FOODS
FOODS_1_120,WI_1,2014-06-15,1.0,1.78,FOODS
FOODS_1_120,WI_2,2013-05-05,1.0,1.78,FOODS
FOODS_1_120,WI_2,2014-06-15,2.0,1.78,FOODS
FOODS_1_120,WI_3,2014-04-20,1.0,1.78,FOODS
FOODS_1_120,WI_3,2014-06-15,1.0,1.78,FOODS
FOODS_1_136,CA_1,2013-05-05,2.0,4.74,FOODS
FOODS_1_136,CA_1,2014-04-20,1.0,4.74,FOODS
FOODS_1_136,CA_2,2011-04-24,1.0,3.97,FOODS
FOODS_1_136,CA_2,2014-06-15,1.0,4.74,FOODS
FOODS_1_136,CA_3,2014-04-20,1.0,4.74,FOODS
FOODS_1_136,CA_4,2011-04-24,1.0,3.97,FOODS
FOODS_1_136,CA_4,2014-06-15,2.0,4.74,FOODS
FOODS_1_136,WI_1,2011-04-24,5.0,3.97,FOODS
FOODS_1_136,WI_1,2013-05-05,1.0,4.74,FOODS
FOODS_1_136,WI_1,2014-04-20,1.0,4.74,FOODS
FOODS_1_136,WI_1,2014-06-15,3.0,4.74,FOODS
FOODS_1_151,CA_4,2014-06-15,1.0,10.98,FOODS
FOODS_1_151,TX_1,2014-04-20,1.0,10.98,FOODS
FOODS_1_151,TX_1,2014-06-15,1.0,10.98,FOODS
FOODS_1_151,TX_2,2014-06-15,2.0,10.98,FOODS
FOODS_1_151,TX_3,2013-05-05,2.0,10.98,FOODS
FOODS_1_151,WI_1,2013-05-05,2.0,10.98,FOODS
FOODS_1_151,WI_2,2013-05-05,1.0,10.98,FOODS
FOODS_1_151,WI_3,2014-04-20,1.0,10.98,FOODS
FOODS_1_157,CA_2,2014-04-20,2.0,4.58,FOODS
FOODS_1_157,CA_2,2014-06-15,1.0,4.65,FOODS
FOODS_1_157,TX_3,2014-04-20,1.0,5.11,FOODS
FOODS_1_157,WI_2,2014-04-20,1.0,6.11,FOODS
FOODS_1_169,CA_1,2014-06-15,1.0,3.24,FOODS
FOODS_1_169,CA_2,2013-05-05,1.0,3.24,FOODS
FOODS_1_169,CA_2,2014-04-20,1.0,3.24,FOODS
FOODS_1_169,CA_2,2014-06-15,1.0,3.24,FOODS
FOODS_1_169,CA_3,2014-04-20,1.0,3.24,FOODS
FOODS_1_169,CA_4,2013-05-05,2.0,3.24,FOODS
FOODS_1_169,TX_2,2013-05-05,2.0,3.24,FOODS
FOODS_1_169,TX_3,2013-05-05,1.0,3.24,FOODS
FOODS_1_169,WI_1,2013-05-05,1.0,3.24,FOODS
FOODS_1_169,WI_1,2014-06-15,3.0,3.24,FOODS
FOODS_1_169,WI_2,2013-05-05,1.0,3.24,FOODS
FOODS_1_169,WI_3,2014-06-15,1.0,3.24,FOODS
FOODS_1_171,CA_2,2014-06-15,1.0,4.65,FOODS
FOODS_1_171,CA_4,2014-04-20,4.0,4.58,FOODS
FOODS_1_171,WI_2,2014-04-20,1.0,6.03,FOODS
FOODS_1_172,CA_1,2011-04-24,6.0,1.68,FOODS
FOODS_1_172,CA_1,2014-06-15,6.0,1.84,FOODS
FOODS_1_172,CA_2,2013-05-05,2.0,1.84,FOODS
FOODS_1_172,CA_2,2014-04-20,4.0,1.84,FOODS
FOODS_1_172,CA_2,2014-06-15,2.0,1.84,FOODS
FOODS_1_172,CA_3,2011-04-24,12.0,1.68,FOODS
FOODS_1_172,CA_3,2014-04-20,6.0,1.84,FOODS
FOODS_1_172,CA_3,2014-06-15,2.0,1.84,FOODS
FOODS_1_172,CA_4,2011-04-24,1.0,1.68,FOODS
FOODS_1_172,CA_4,2013-05-05,1.0,1.84,FOODS
FOODS_1_172,CA_4,2014-04-20,2.0,1.84,FOODS
FOODS_1_172,TX_1,2011-04-24,4.0,1.54,FOODS
FOODS_1_172,TX_1,2014-04-20,2.0,1.84,FOODS
FOODS_1_172,TX_2,2011-04-24,9.0,1.54,FOODS
FOODS_1_172,TX_2,2013-05-05,2.0,1.84,FOODS
FOODS_1_172,TX_2,2014-04-20,3.0,1.84,FOODS
FOODS_1_172,TX_3,2013-05-05,1.0,1.84,FOODS
FOODS_1_172,TX_3,2014-06-15,1.0,1.84,FOODS
FOODS_1_172,WI_1,2011-04-24,1.0,1.68,FOODS
FOODS_1_172,WI_1,2014-04-20,4.0,1.84,FOODS
FOODS_1_172,WI_1,2014-06-15,4.0,1.84,FOODS
FOODS_1_172,WI_2,2013-05-05,4.0,1.84,FOODS
FOODS_1_172,WI_2,2014-04-20,3.0,1.84,FOODS
FOODS_1_172,WI_3,2011-04-24,1.0,1.68,FOODS
FOODS_1_172,WI_3,2013-05-05,1.0,1.84,FOODS
FOODS_1_172,WI_3,2014-06-15,2.0,1.84,FOODS
FOODS_1_176,CA_1,2014-06-15,2.0,3.24,FOODS
FOODS_1_176,CA_2,2014-04-20,1.0,3.24,FOODS
FOODS_1_176,CA_2,2014-06-15,2.0,3.24,FOODS
FOODS_1_176,CA_3,2014-06-15,2.0,3.24,FOODS
FOODS_1_176,CA_4,2013-05-05,1.0,3.24,FOODS
FOODS_1_176,TX_3,2014-04-20,2.0,3.24,FOODS
FOODS_1_176,WI_1,2013-05-05,1.0,3.24,FOODS
FOODS_1_178,CA_1,2013-05-05,1.0,8.98,FOODS
FOODS_1_178,CA_1,2014-06-15,2.0,8.98,FOODS
FOODS_1_178,CA_2,2011-04-24,3.0,8.97,FOODS
FOODS_1_178,CA_2,2013-05-05,2.0,8.98,FOODS
FOODS_1_178,CA_2,2014-04-20,6.0,8.98,FOODS
FOODS_1_178,CA_3,2013-05-05,2.0,8.98,FOODS
FOODS_1_178,CA_3,2014-04-20,5.0,8.98,FOODS
FOODS_1_178,CA_4,2011-04-24,1.0,8.97,FOODS
FOODS_1_178,TX_1,2013-05-05,1.0,8.98,FOODS
FOODS_1_178,TX_1,2014-04-20,3.0,8.98,FOODS
FOODS_1_178,TX_2,2011-04-24,3.0,8.97,FOODS
FOODS_1_178,TX_2,2013-05-05,1.0,8.98,FOODS
FOODS_1_178,TX_2,2014-04-20,5.0,8.98,FOODS
FOODS_1_178,TX_2,2014-06-15,1.0,8.98,FOODS
FOODS_1_178,TX_3,2013-05-05,2.0,8.98,FOODS
FOODS_1_178,TX_3,2014-04-20,9.0,8.98,FOODS
FOODS_1_178,WI_2,2014-06-15,2.0,8.98,FOODS
FOODS_1_178,WI_3,2011-04-24,1.0,8.97,FOODS
FOODS_1_178,WI_3,2013-05-05,1.0,8.98,FOODS
FOODS_1_193,CA_4,2014-04-20,3.0,4.58,FOODS
FOODS_1_193,CA_4,2014-06-15,1.0,4.65,FOODS
FOODS_1_193,TX_1,2014-04-20,2.0,5.11,FOODS
FOODS_1_193,TX_1,2014-06-15,1.0,5.18,FOODS
FOODS_1_193,TX_2,2014-04-20,2.0,5.11,FOODS
FOODS_1_193,TX_3,2014-04-20,6.0,5.11,FOODS
FOODS_1_193,TX_3,2014-06-15,6.0,5.18,FOODS
FOODS_1_193,WI_3,2014-04-20,1.0,6.03,FOODS
FOODS_1_195,CA_1,2013-05-05,2.0,2.24,FOODS
FOODS_1_195,CA_1,2014-04-20,2.0,2.24,FOODS
FOODS_1_195,CA_2,2013-05-05,2.0,2.24,FOODS
FOODS_1_195,CA_2,2014-04-20,5.0,2.24,FOODS
FOODS_1_195,CA_3,2013-05-05,3.0,2.24,FOODS
FOODS_1_195,CA_3,2014-04-20,5.0,2.24,FOODS
FOODS_1_195,CA_3,2014-06-15,2.0,2.24,FOODS
FOODS_1_195,CA_4,2013-05-05,2.0,2.24,FOODS
FOODS_1_195,CA_4,2014-04-20,2.0,2.24,FOODS
FOODS_1_195,CA_4,2014-06-15,2.0,2.24,FOODS
FOODS_1_195,TX_1,2013-05-05,2.0,2.24,FOODS
FOODS_1_195,TX_1,2014-06-15,3.0,2.24,FOODS
FOODS_1_195,TX_2,2013-05-05,3.0,2.24,FOODS
FOODS_1_195,TX_2,2014-06-15,1.0,2.24,FOODS
FOODS_1_195,WI_1,2013-05-05,1.0,2.24,FOODS
FOODS_1_195,WI_1,2014-04-20,2.0,2.24,FOODS
FOODS_1_195,WI_1,2014-06-15,3.0,2.24,FOODS
FOODS_1_195,WI_3,2014-04-20,3.0,2.24,FOODS
FOODS_1_195,WI_3,2014-06-15,1.0,2.24,FOODS
FOODS_1_201,CA_1,2011-04-24,4.0,2.0,FOODS
FOODS_1_201,CA_1,2014-04-20,2.0,2.24,FOODS
FOODS_1_201,CA_1,2014-06-15,1.0,2.24,FOODS
FOODS_1_201,CA_2,2011-04-24,2.0,2.0,FOODS
FOODS_1_201,CA_2,2014-04-20,5.0,2.24,FOODS
FOODS_1_201,CA_2,2014-06-15,2.0,2.24,FOODS
FOODS_1_201,CA_3,2014-04-20,3.0,2.24,FOODS
FOODS_1_201,CA_3,2014-06-15,4.0,2.24,FOODS
FOODS_1_201,CA_4,2011-04-24,1.0,2.0,FOODS
FOODS_1_201,CA_4,2014-04-20,1.0,2.24,FOODS
FOODS_1_201,TX_1,2014-04-20,1.0,2.24,FOODS
FOODS_1_201,TX_1,2014-06-15,3.0,2.24,FOODS
FOODS_1_201,TX_2,2011-04-24,1.0,2.0,FOODS
FOODS_1_201,TX_2,2014-04-20,1.0,2.24,FOODS
FOODS_1_201,TX_2,2014-06-15,2.0,2.24,FOODS
FOODS_1_201,TX_3,2011-04-24,1.0,2.0,FOODS
FOODS_1_201,TX_3,2014-04-20,1.0,2.24,FOODS
FOODS_1_201,TX_3,2014-06-15,1.0,2.24,FOODS
FOODS_1_201,WI_1,2011-04-24,1.0,2.0,FOODS
FOODS_1_201,WI_2,2014-04-20,1.0,2.24,FOODS
FOODS_1_201,WI_2,2014-06-15,4.0,2.24,FOODS
FOODS_1_201,WI_3,2014-04-20,3.0,2.24,FOODS
FOODS_1_201,WI_3,2014-06-15,2.0,2.24,FOODS
FOODS_1_206,CA_1,2011-04-24,6.0,1.58,FOODS
FOODS_1_206,CA_1,2014-06-15,2.0,2.28,FOODS
FOODS_1_206,CA_2,2011-04-24,3.0,1.58,FOODS
FOODS_1_206,CA_2,2014-04-20,2.0,2.28,FOODS
FOODS_1_206,CA_3,2014-06-15,1.0,2.28,FOODS
FOODS_1_206,CA_4,2011-04-24,3.0,1.58,FOODS
FOODS_1_206,CA_4,2013-05-05,1.0,1.76,FOODS
FOODS_1_206,CA_4,2014-04-20,1.0,2.28,FOODS
FOODS_1_206,TX_1,2013-05-05,3.0,1.76,FOODS
FOODS_1_206,TX_1,2014-06-15,1.0,2.28,FOODS
FOODS_1_206,TX_2,2011-04-24,4.0,1.58,FOODS
FOODS_1_206,TX_2,2014-04-20,2.0,2.28,FOODS
FOODS_1_206,TX_3,2011-04-24,8.0,1.58,FOODS
FOODS_1_206,TX_3,2013-05-05,2.0,1.76,FOODS
FOODS_1_206,TX_3,2014-04-20,1.0,2.28,FOODS
FOODS_1_206,WI_1,2011-04-24,1.0,1.58,FOODS
FOODS_1_206,WI_1,2013-05-05,2.0,1.76,FOODS
FOODS_1_206,WI_1,2014-04-20,1.0,2.28,FOODS
FOODS_1_206,WI_2,2014-06-15,7.0,2.28,FOODS
FOODS_1_206,WI_3,2011-04-24,7.0,1.58,FOODS
FOODS_1_207,CA_1,2011-04-24,1.0,3.12,FOODS
FOODS_1_207,CA_1,2013-05-05,2.0,3.32,FOODS
FOODS_1_207,CA_2,2013-05-05,1.0,3.32,FOODS
FOODS_1_207,CA_2,2014-04-20,4.0,3.32,FOODS
FOODS_1_207,CA_3,2011-04-24,1.0,3.12,FOODS
FOODS_1_207,CA_3,2014-06-15,2.0,3.32,FOODS
FOODS_1_207,CA_4,2011-04-24,2.0,3.12,FOODS
FOODS_1_207,CA_4,2013-05-05,1.0,3.32,FOODS
FOODS_1_207,CA_4,2014-04-20,1.0,3.32,FOODS
FOODS_1_207,TX_1,2014-04-20,2.0,3.32,FOODS
FOODS_1_207,TX_2,2011-04-24,2.0,3.12,FOODS
FOODS_1_207,TX_2,2014-06-15,1.0,3.32,FOODS
FOODS_1_207,WI_1,2011-04-24,4.0,3.12,FOODS
FOODS_1_207,WI_1,2013-05-05,4.0,3.32,FOODS
FOODS_1_207,WI_1,2014-06-15,3.0,3.32,FOODS
FOODS_1_207,WI_2,2011-04-24,2.0,3.12,FOODS
FOODS_1_207,WI_3,2011-04-24,5.0,3.12,FOODS
FOODS_1_209,CA_1,2011-04-24,1.0,2.38,FOODS
FOODS_1_209,CA_1,2014-06-15,1.0,2.24,FOODS
FOODS_1_209,CA_2,2011-04-24,5.0,2.38,FOODS
FOODS_1_209,CA_3,2011-04-24,5.0,2.38,FOODS
FOODS_1_209,CA_3,2014-06-15,1.0,2.24,FOODS
FOODS_1_209,CA_4,2014-06-15,1.0,2.24,FOODS
FOODS_1_209,TX_1,2011-04-24,7.0,2.38,FOODS
FOODS_1_209,TX_2,2014-06-15,1.0,2.24,FOODS
FOODS_1_209,WI_1,2011-04-24,1.0,2.38,FOODS
FOODS_1_209,WI_1,2014-06-15,1.0,2.24,FOODS
FOODS_1_209,WI_3,2011-04-24,2.0,2.38,FOODS
FOODS_1_212,CA_2,2014-06-15,1.0,5.98,FOODS
FOODS_1_212,TX_1,2014-06-15,1.0,5.98,FOODS
FOODS_1_212,TX_2,2013-05-05,1.0,6.28,FOODS
FOODS_1_214,CA_1,2013-05-05,1.0,2.92,FOODS
FOODS_1_214,CA_1,2014-04-20,2.0,2.92,FOODS
FOODS_1_214,CA_2,2014-04-20,4.0,2.92,FOODS
FOODS_1_214,CA_2,2014-06-15,1.0,2.92,FOODS
FOODS_1_214,CA_3,2013-05-05,1.0,2.92,FOODS
FOODS_1_214,CA_3,2014-04-20,7.0,2.92,FOODS
FOODS_1_214,CA_4,2013-05-05,1.0,2.92,FOODS
FOODS_1_214,CA_4,2014-04-20,1.0,2.92,FOODS
FOODS_1_214,TX_1,2013-05-05,1.0,2.92,FOODS
FOODS_1_214,TX_1,2014-04-20,2.0,2.92,FOODS
FOODS_1_214,TX_2,2013-05-05,3.0,2.92,FOODS
FOODS_1_214,TX_2,2014-04-20,3.0,2.92,FOODS
FOODS_1_214,TX_3,2014-04-20,1.0,2.92,FOODS
FOODS_1_214,WI_1,2014-06-15,2.0,2.92,FOODS
FOODS_1_214,WI_2,2013-05-05,2.0,2.92,FOODS
FOODS_1_214,WI_2,2014-04-20,1.0,2.92,FOODS
FOODS_1_214,WI_2,2014-06-15,2.0,2.92,FOODS
FOODS_2_002,CA_1,2014-06-15,1.0,1.98,FOODS
FOODS_2_002,CA_3,2014-04-20,2.0,1.88,FOODS
FOODS_2_002,CA_3,2014-06-15,7.0,1.98,FOODS
FOODS_2_002,CA_4,2014-04-20,1.0,1.88,FOODS
FOODS_2_002,WI_1,2014-04-20,6.0,1.88,FOODS
FOODS_2_002,WI_1,2014-06-15,4.0,1.98,FOODS
FOODS_2_002,WI_2,2014-04-20,2.0,1.88,FOODS
FOODS_2_002,WI_2,2014-06-15,4.0,1.98,FOODS
FOODS_2_002,WI_3,2014-04-20,2.0,1.88,FOODS
FOODS_2_002,WI_3,2014-06-15,8.0,1.98,FOODS
FOODS_2_006,TX_2,2013-05-05,1.0,9.67,FOODS
FOODS_2_006,WI_1,2013-05-05,1.0,9.97,FOODS
FOODS_2_006,WI_2,2013-05-05,1.0,9.97,FOODS
FOODS_2_010,CA_1,2011-04-24,2.0,2.48,FOODS
FOODS_2_010,CA_1,2013-05-05,2.0,2.48,FOODS
FOODS_2_010,CA_1,2014-06-15,2.0,2.5,FOODS
FOODS_2_010,CA_3,2011-04-24,2.0,2.48,FOODS
FOODS_2_010,CA_3,2013-05-05,3.0,2.48,FOODS
FOODS_2_010,CA_3,2014-04-20,1.0,2.5,FOODS
FOODS_2_010,CA_3,2014-06-15,2.0,2.5,FOODS
FOODS_2_010,CA_4,2011-04-24,2.0,2.48,FOODS
FOODS_2_010,TX_1,2011-04-24,1.0,2.48,FOODS
FOODS_2_010,TX_1,2014-04-20,2.0,2.5,FOODS
FOODS_2_010,TX_2,2011-04-24,1.0,2.48,FOODS
FOODS_2_010,TX_2,2013-05-05,2.0,2.48,FOODS
FOODS_2_010,TX_2,2014-04-20,1.0,2.5,FOODS
FOODS_2_010,TX_2,2014-06-15,2.0,2.5,FOODS
FOODS_2_010,WI_3,2013-05-05,1.0,2.48,FOODS
FOODS_2_012,CA_3,2014-04-20,4.0,2.96,FOODS
FOODS_2_012,TX_1,2014-06-15,2.0,2.42,FOODS
FOODS_2_012,TX_2,2014-06-15,1.0,2.42,FOODS
FOODS_2_012,TX_3,2014-04-20,1.0,2.96,FOODS
FOODS_2_012,WI_1,2014-06-15,2.0,2.96,FOODS
FOODS_2_012,WI_3,2014-04-20,2.0,2.96,FOODS
FOODS_2_018,CA_1,2011-04-24,1.0,6.98,FOODS
FOODS_2_018,CA_3,2014-06-15,1.0,6.98,FOODS
FOODS_2_018,CA_4,2011-04-24,1.0,6.98,FOODS
FOODS_2_018,TX_1,2013-05-05,2.0,7.26,FOODS
FOODS_2_018,TX_2,2013-05-05,2.0,7.26,FOODS
FOODS_2_018,TX_3,2013-05-05,1.0,7.26,FOODS
FOODS_2_018,WI_1,2013-05-05,4.0,7.26,FOODS
FOODS_2_018,WI_2,2013-05-05,9.0,7.26,FOODS
FOODS_2_018,WI_3,2013-05-05,2.0,7.26,FOODS
FOODS_2_022,CA_1,2013-05-05,1.0,7.26,FOODS
FOODS_2_022,CA_3,2013-05-05,1.0,7.26,FOODS
FOODS_2_022,CA_4,2013-05-05,1.0,7.26,FOODS
FOODS_2_022,TX_1,2013-05-05,1.0,7.26,FOODS
FOODS_2_022,TX_2,2013-05-05,3.0,7.26,FOODS
FOODS_2_022,TX_3,2013-05-05,2.0,7.26,FOODS
FOODS_2_022,WI_2,2013-05-05,6.0,7.26,FOODS
FOODS_2_022,WI_3,2013-05-05,1.0,7.26,FOODS
FOODS_2_044,CA_1,2011-04-24,1.0,2.48,FOODS
FOODS_2_044,CA_1,2013-05-05,2.0,2.5,FOODS
FOODS_2_044,CA_3,2013-05-05,2.0,2.5,FOODS
FOODS_2_044,CA_3,2014-06-15,2.0,2.5,FOODS
FOODS_2_044,CA_4,2011-04-24,2.0,2.48,FOODS
FOODS_2_044,CA_4,2013-05-05,2.0,2.5,FOODS
FOODS_2_044,CA_4,2014-06-15,1.0,2.5,FOODS
FOODS_2_044,TX_1,2014-04-20,1.0,2.0,FOODS
FOODS_2_044,TX_2,2011-04-24,4.0,1.96,FOODS
FOODS_2_044,TX_2,2014-04-20,2.0,2.0,FOODS
FOODS_2_044,TX_2,2014-06-15,1.0,2.0,FOODS
FOODS_2_044,WI_1,2013-05-05,2.0,2.5,FOODS
FOODS_2_044,WI_1,2014-06-15,3.0,2.5,FOODS
FOODS_2_044,WI_2,2013-05-05,8.0,2.5,FOODS
FOODS_2_044,WI_2,2014-06-15,1.0,2.5,FOODS
FOODS_2_044,WI_3,2013-05-05,1.0,2.5,FOODS
FOODS_2_045,CA_1,2013-05-05,1.0,6.92,FOODS
FOODS_2_045,CA_1,2014-04-20,1.0,6.98,FOODS
FOODS_2_045,CA_3,2013-05-05,6.0,6.92,FOODS
FOODS_2_045,TX_2,2014-06-15,1.0,6.98,FOODS
FOODS_2_045,TX_3,2013-05-05,1.0,6.92,FOODS
FOODS_2_045,WI_1,2013-05-05,1.0,6.92,FOODS
FOODS_2_045,WI_1,2014-06-15,1.0,6.98,FOODS
FOODS_2_045,WI_2,2013-05-05,1.0,6.92,FOODS
FOODS_2_045,WI_2,2014-06-15,1.0,6.98,FOODS
FOODS_2_051,CA_3,2013-05-05,4.0,2.5,FOODS
FOODS_2_051,CA_3,2014-06-15,1.0,2.0,FOODS
FOODS_2_051,TX_1,2011-04-24,1.0,2.48,FOODS
FOODS_2_051,TX_1,2013-05-05,5.0,2.5,FOODS
FOODS_2_051,TX_2,2011-04-24,2.0,2.48,FOODS
FOODS_2_051,TX_2,2013-05-05,2.0,2.5,FOODS
FOODS_2_051,WI_1,2013-05-05,1.0,2.5,FOODS
FOODS_2_051,WI_2,2013-05-05,2.0,2.5,FOODS
FOODS_2_064,CA_1,2011-04-24,1.0,2.48,FOODS
FOODS_2_064,CA_1,2013-05-05,1.0,2.28,FOODS
FOODS_2_064,CA_3,2011-04-24,1.0,2.48,FOODS
FOODS_2_064,CA_3,2014-04-20,3.0,2.28,FOODS
FOODS_2_064,CA_3,2014-06-15,2.0,2.28,FOODS
FOODS_2_064,TX_2,2014-04-20,2.0,2.28,FOODS
FOODS_2_064,TX_2,2014-06-15,1.0,2.28,FOODS
FOODS_2_064,TX_3,2014-06-15,2.0,2.28,FOODS
FOODS_2_064,WI_1,2013-05-05,2.0,2.28,FOODS
FOODS_2_069,CA_1,2013-05-05,1.0,9.98,FOODS
FOODS_2_069,CA_3,2013-05-05,2.0,9.98,FOODS
FOODS_2_069,CA_3,2014-06-15,1.0,8.98,FOODS
FOODS_2_069,WI_1,2014-04-20,1.0,8.98,FOODS
FOODS_2_069,WI_2,2013-05-05,2.0,9.98,FOODS
FOODS_2_082,CA_1,2011-04-24,2.0,5.98,FOODS
FOODS_2_082,CA_1,2013-05-05,4.0,6.33,FOODS
FOODS_2_082,CA_1,2014-04-20,3.0,5.98,FOODS
FOODS_2_082,CA_1,2014-06-15,2.0,5.98,FOODS
FOODS_2_082,CA_3,2014-04-20,6.0,5.98,FOODS
FOODS_2_082,CA_3,2014-06-15,1.0,5.98,FOODS
FOODS_2_082,CA_4,2013-05-05,1.0,6.33,FOODS
FOODS_2_082,TX_1,2011-04-24,2.0,5.86,FOODS
FOODS_2_082,TX_1,2013-05-05,5.0,6.33,FOODS
FOODS_2_082,TX_1,2014-04-20,1.0,5.74,FOODS
FOODS_2_082,TX_1,2014-06-15,5.0,5.74,FOODS
FOODS_2_082,TX_2,2011-04-24,2.0,5.86,FOODS
FOODS_2_082,TX_2,2014-04-20,3.0,5.74,FOODS
FOODS_2_082,TX_2,2014-06-15,5.0,5.74,FOODS
FOODS_2_082,TX_3,2011-04-24,2.0,5.86,FOODS
FOODS_2_082,TX_3,2014-06-15,5.0,5.74,FOODS
FOODS_2_082,WI_2,2013-05-05,3.0,6.33,FOODS
FOODS_2_082,WI_2,2014-04-20,3.0,5.98,FOODS
FOODS_2_082,WI_3,2013-05-05,1.0,6.33,FOODS
FOODS_2_082,WI_3,2014-06-15,1.0,5.98,FOODS
FOODS_2_086,CA_1,2013-05-05,1.0,2.47,FOODS
FOODS_2_086,CA_1,2014-06-15,2.0,2.47,FOODS
FOODS_2_086,CA_3,2013-05-05,4.0,2.47,FOODS
FOODS_2_086,CA_3,2014-04-20,4.0,2.47,FOODS
FOODS_2_086,CA_3,2014-06-15,5.0,2.47,FOODS
FOODS_2_086,CA_4,2013-05-05,1.0,2.47,FOODS
FOODS_2_086,CA_4,2014-06-15,1.0,2.47,FOODS
FOODS_2_086,TX_1,2011-04-24,1.0,2.22,FOODS
FOODS_2_086,TX_1,2013-05-05,1.0,2.22,FOODS
FOODS_2_086,TX_1,2014-06-15,2.0,2.22,FOODS
FOODS_2_086,TX_2,2013-05-05,1.0,2.22,FOODS
FOODS_2_086,TX_2,2014-04-20,9.0,2.22,FOODS
FOODS_2_086,TX_2,2014-06-15,5.0,2.22,FOODS
FOODS_2_086,TX_3,2013-05-05,1.0,2.22,FOODS
FOODS_2_086,TX_3,2014-04-20,1.0,2.22,FOODS
FOODS_2_086,TX_3,2014-06-15,8.0,2.22,FOODS
FOODS_2_086,WI_1,2013-05-05,3.0,2.47,FOODS
FOODS_2_086,WI_1,2014-04-20,4.0,2.47,FOODS
FOODS_2_086,WI_1,2014-06-15,1.0,2.47,FOODS
FOODS_2_086,WI_2,2013-05-05,1.0,2.47,FOODS
FOODS_2_086,WI_3,2013-05-05,5.0,2.47,FOODS
FOODS_2_086,WI_3,2014-06-15,1.0,2.47,FOODS
FOODS_2_094,CA_3,2014-06-15,3.0,1.28,FOODS
FOODS_2_094,TX_1,2014-06-15,1.0,1.28,FOODS
FOODS_2_111,CA_3,2013-05-05,1.0,6.34,FOODS
FOODS_2_111,TX_1,2014-04-20,1.0,4.98,FOODS
FOODS_2_111,TX_1,2014-06-15,1.0,5.98,FOODS
FOODS_2_111,TX_2,2014-06-15,1.0,5.98,FOODS
FOODS_2_111,TX_3,2014-06-15,1.0,5.98,FOODS
FOODS_2_111,WI_2,2013-05-05,1.0,6.34,FOODS
FOODS_2_111,WI_2,2014-06-15,3.0,5.98,FOODS
FOODS_2_112,CA_1,2014-04-20,4.0,3.28,FOODS
FOODS_2_112,CA_1,2014-06-15,3.0,3.28,FOODS
FOODS_2_112,CA_3,2014-04-20,2.0,3.28,FOODS
FOODS_2_112,CA_3,2014-06-15,4.0,3.43,FOODS
FOODS_2_112,CA_4,2014-06-15,5.0,3.28,FOODS
FOODS_2_112,TX_1,2014-04-20,1.0,3.0,FOODS
FOODS_2_112,TX_1,2014-06-15,3.0,3.27,FOODS
FOODS_2_112,TX_2,2014-04-20,2.0,3.0,FOODS
FOODS_2_112,TX_2,2014-06-15,1.0,3.27,FOODS
FOODS_2_112,TX_3,2014-06-15,4.0,3.27,FOODS
FOODS_2_112,WI_1,2014-04-20,4.0,2.67,FOODS
FOODS_2_112,WI_1,2014-06-15,8.0,3.27,FOODS
FOODS_2_112,WI_2,2014-06-15,10.0,3.28,FOODS
FOODS_2_112,WI_3,2014-04-20,3.0,2.67,FOODS
FOODS_2_112,WI_3,2014-06-15,2.0,3.27,FOODS
FOODS_2_113,CA_1,2014-06-15,2.0,2.88,FOODS
FOODS_2_113,CA_4,2013-05-05,1.0,2.98,FOODS
FOODS_2_113,CA_4,2014-06-15,1.0,2.88,FOODS
FOODS_2_113,TX_2,2013-05-05,3.0,2.68,FOODS
FOODS_2_113,TX_2,2014-06-15,1.0,2.88,FOODS
FOODS_2_113,WI_1,2013-05-05,3.0,2.68,FOODS
FOODS_2_113,WI_2,2013-05-05,5.0,2.68,FOODS
FOODS_2_113,WI_2,2014-04-20,1.0,2.68,FOODS
FOODS_2_113,WI_3,2014-04-20,2.0,2.88,FOODS
FOODS_2_113,WI_3,2014-06-15,5.0,2.88,FOODS
FOODS_2_121,CA_3,2013-05-05,2.0,1.77,FOODS
FOODS_2_121,CA_3,2014-06-15,5.0,1.5,FOODS
FOODS_2_121,TX_1,2013-05-05,1.0,1.77,FOODS
FOODS_2_121,TX_1,2014-06-15,1.0,1.5,FOODS
FOODS_2_121,TX_2,2014-06-15,1.0,1.5,FOODS
FOODS_2_121,TX_3,2014-06-15,2.0,1.5,FOODS
FOODS_2_121,WI_1,2013-05-05,3.0,1.77,FOODS
FOODS_2_121,WI_1,2014-04-20,7.0,1.5,FOODS
FOODS_2_121,WI_1,2014-06-15,10.0,1.5,FOODS
FOODS_2_121,WI_2,2013-05-05,4.0,1.77,FOODS
FOODS_2_121,WI_3,2013-05-05,1.0,1.77,FOODS
FOODS_2_121,WI_3,2014-06-15,2.0,1.5,FOODS
FOODS_2_128,CA_1,2013-05-05,8.0,0.88,FOODS
FOODS_2_128,CA_1,2014-04-20,1.0,0.88,FOODS
FOODS_2_128,CA_1,2014-06-15,7.0,0.88,FOODS
FOODS_2_128,CA_3,2011-04-24,29.0,0.64,FOODS
FOODS_2_128,CA_3,2013-05-05,10.0,0.88,FOODS
FOODS_2_128,CA_3,2014-04-20,8.0,0.88,FOODS
FOODS_2_128,CA_3,2014-06-15,8.0,0.88,FOODS
FOODS_2_128,CA_4,2011-04-24,5.0,0.64,FOODS
FOODS_2_128,CA_4,2013-05-05,7.0,0.88,FOODS
FOODS_2_128,CA_4,2014-04-20,11.0,0.88,FOODS
FOODS_2_128,TX_1,2011-04-24,5.0,0.58,FOODS
FOODS_2_128,TX_1,2014-04-20,4.0,0.72,FOODS
FOODS_2_128,TX_1,2014-06-15,6.0,0.72,FOODS
FOODS_2_128,TX_2,2011-04-24,10.0,0.58,FOODS
FOODS_2_128,TX_2,2013-05-05,10.0,0.72,FOODS
FOODS_2_128,TX_2,2014-04-20,4.0,0.72,FOODS
FOODS_2_128,TX_2,2014-06-15,10.0,0.72,FOODS
FOODS_2_128,TX_3,2011-04-24,16.0,0.58,FOODS
FOODS_2_128,TX_3,2013-05-05,24.0,0.72,FOODS
FOODS_2_128,TX_3,2014-06-15,15.0,0.72,FOODS
FOODS_2_128,WI_1,2013-05-05,5.0,0.88,FOODS
FOODS_2_128,WI_1,2014-04-20,1.0,0.88,FOODS
FOODS_2_128,WI_1,2014-06-15,2.0,0.88,FOODS
FOODS_2_128,WI_2,2013-05-05,63.0,0.88,FOODS
FOODS_2_128,WI_2,2014-04-20,14.0,0.88,FOODS
FOODS_2_128,WI_3,2011-04-24,5.0,0.64,FOODS
FOODS_2_128,WI_3,2013-05-05,7.0,0.88,FOODS
FOODS_2_128,WI_3,2014-04-20,8.0,0.88,FOODS
FOODS_2_128,WI_3,2014-06-15,1.0,0.88,FOODS
FOODS_2_134,CA_1,2011-04-24,2.0,2.98,FOODS
FOODS_2_134,CA_1,2014-06-15,2.0,2.98,FOODS
FOODS_2_134,CA_3,2011-04-24,1.0,2.98,FOODS
FOODS_2_134,CA_3,2013-05-05,3.0,2.98,FOODS
FOODS_2_134,CA_3,2014-04-20,4.0,2.98,FOODS
FOODS_2_134,CA_3,2014-06-15,5.0,2.98,FOODS
FOODS_2_134,CA_4,2013-05-05,2.0,2.98,FOODS
FOODS_2_134,CA_4,2014-04-20,1.0,2.98,FOODS
FOODS_2_134,CA_4,2014-06-15,1.0,2.98,FOODS
FOODS_2_134,TX_1,2011-04-24,2.0,2.94,FOODS
FOODS_2_134,TX_1,2013-05-05,1.0,2.98,FOODS
FOODS_2_134,TX_1,2014-04-20,2.0,2.98,FOODS
FOODS_2_134,TX_1,2014-06-15,1.0,2.98,FOODS
FOODS_2_134,TX_2,2014-06-15,2.0,2.98,FOODS
FOODS_2_134,WI_1,2014-06-15,5.0,2.98,FOODS
FOODS_2_134,WI_3,2014-06-15,3.0,2.98,FOODS
FOODS_2_135,CA_2,2011-04-24,2.0,2.46,FOODS
FOODS_2_135,CA_3,2011-04-24,1.0,2.23,FOODS
FOODS_2_135,CA_3,2013-05-05,1.0,2.48,FOODS
FOODS_2_135,CA_3,2014-04-20,3.0,2.0,FOODS
FOODS_2_135,CA_4,2011-04-24,1.0,2.46,FOODS
FOODS_2_135,CA_4,2014-04-20,6.0,2.0,FOODS
FOODS_2_135,TX_1,2014-04-20,4.0,2.0,FOODS
FOODS_2_135,TX_2,2014-04-20,2.0,2.0,FOODS
FOODS_2_135,TX_2,2014-06-15,1.0,2.0,FOODS
FOODS_2_135,TX_3,2014-06-15,6.0,2.0,FOODS
FOODS_2_135,WI_1,2014-04-20,2.0,2.0,FOODS
FOODS_2_135,WI_1,2014-06-15,1.0,2.48,FOODS
FOODS_2_135,WI_2,2013-05-05,2.0,2.48,FOODS
FOODS_2_135,WI_2,2014-06-15,1.0,2.48,FOODS
FOODS_2_135,WI_3,2011-04-24,1.0,2.23,FOODS
FOODS_2_135,WI_3,2013-05-05,5.0,2.48,FOODS
FOODS_2_140,CA_1,2014-06-15,2.0,10.98,FOODS
FOODS_2_140,CA_3,2013-05-05,3.0,10.98,FOODS
FOODS_2_140,TX_1,2014-04-20,1.0,9.87,FOODS
FOODS_2_140,TX_1,2014-06-15,2.0,9.87,FOODS
FOODS_2_140,TX_2,2014-04-20,2.0,9.87,FOODS
FOODS_2_140,TX_2,2014-06-15,2.0,9.87,FOODS
FOODS_2_140,WI_2,2014-06-15,5.0,10.98,FOODS
FOODS_2_140,WI_3,2014-04-20,2.0,10.98,FOODS
FOODS_2_153,CA_1,2011-04-24,6.0,2.76,FOODS
FOODS_2_153,CA_1,2013-05-05,2.0,2.96,FOODS
FOODS_2_153,CA_1,2014-04-20,3.0,2.96,FOODS
FOODS_2_153,CA_2,2011-04-24,5.0,2.76,FOODS
FOODS_2_153,CA_2,2013-05-05,3.0,2.96,FOODS
FOODS_2_153,CA_2,2014-04-20,1.0,2.96,FOODS
FOODS_2_153,CA_3,2013-05-05,4.0,2.96,FOODS
FOODS_2_153,CA_3,2014-04-20,3.0,2.96,FOODS
FOODS_2_153,CA_4,2011-04-24,2.0,2.76,FOODS
FOODS_2_153,CA_4,2013-05-05,1.0,2.96,FOODS
FOODS_2_153,TX_2,2011-04-24,1.0,2.08,FOODS
FOODS_2_153,TX_2,2013-05-05,1.0,2.42,FOODS
FOODS_2_153,TX_3,2013-05-05,1.0,2.42,FOODS
FOODS_2_153,WI_1,2013-05-05,1.0,2.96,FOODS
FOODS_2_153,WI_1,2014-04-20,8.0,2.96,FOODS
FOODS_2_153,WI_2,2011-04-24,1.0,2.76,FOODS
FOODS_2_153,WI_2,2013-05-05,7.0,2.96,FOODS
FOODS_2_153,WI_3,2013-05-05,1.0,2.96,FOODS
FOODS_2_153,WI_3,2014-04-20,3.0,2.96,FOODS
FOODS_2_176,CA_1,2013-05-05,5.0,2.82,FOODS
FOODS_2_176,CA_1,2014-04-20,1.0,2.82,FOODS
FOODS_2_176,CA_1,2014-06-15,3.0,2.68,FOODS
FOODS_2_176,CA_3,2013-05-05,1.0,2.68,FOODS
FOODS_2_176,CA_3,2014-06-15,3.0,2.84,FOODS
FOODS_2_176,CA_4,2014-06-15,1.0,2.68,FOODS
FOODS_2_176,TX_1,2014-04-20,1.0,2.42,FOODS
FOODS_2_176,TX_1,2014-06-15,4.0,2.22,FOODS
FOODS_2_176,TX_2,2014-04-20,1.0,2.42,FOODS
FOODS_2_176,TX_2,2014-06-15,1.0,2.22,FOODS
FOODS_2_176,TX_3,2014-04-20,2.0,2.42,FOODS
FOODS_2_181,CA_1,2011-04-24,5.0,1.97,FOODS
FOODS_2_181,CA_1,2013-05-05,9.0,2.0,FOODS
FOODS_2_181,CA_1,2014-04-20,4.0,2.0,FOODS
FOODS_2_181,CA_1,2014-06-15,7.0,2.0,FOODS
FOODS_2_181,CA_2,2011-04-24,7.0,1.97,FOODS
FOODS_2_181,CA_2,2013-05-05,6.0,2.0,FOODS
FOODS_2_181,CA_2,2014-04-20,7.0,2.0,FOODS
FOODS_2_181,CA_2,2014-06-15,3.0,2.0,FOODS
FOODS_2_181,CA_3,2011-04-24,5.0,1.97,FOODS
FOODS_2_181,CA_3,2013-05-05,17.0,2.0,FOODS
FOODS_2_181,CA_3,2014-04-20,3.0,2.0,FOODS
FOODS_2_181,CA_3,2014-06-15,17.0,2.0,FOODS
FOODS_2_181,CA_4,2011-04-24,4.0,1.97,FOODS
FOODS_2_181,CA_4,2013-05-05,9.0,2.0,FOODS
FOODS_2_181,TX_1,2011-04-24,10.0,1.76,FOODS
FOODS_2_181,TX_1,2013-05-05,21.0,2.0,FOODS
FOODS_2_181,TX_1,2014-04-20,14.0,1.78,FOODS
FOODS_2_181,TX_1,2014-06-15,14.0,1.78,FOODS
FOODS_2_181,TX_2,2011-04-24,15.0,1.76,FOODS
FOODS_2_181,TX_2,2013-05-05,8.0,2.0,FOODS
FOODS_2_181,TX_2,2014-04-20,12.0,1.78,FOODS
FOODS_2_181,TX_2,2014-06-15,15.0,1.78,FOODS
FOODS_2_181,TX_3,2011-04-24,12.0,1.76,FOODS
FOODS_2_181,TX_3,2013-05-05,14.0,2.0,FOODS
FOODS_2_181,TX_3,2014-04-20,10.0,1.78,FOODS
FOODS_2_181,TX_3,2014-06-15,10.0,1.78,FOODS
FOODS_2_181,WI_1,2011-04-24,2.0,1.97,FOODS
FOODS_2_181,WI_2,2011-04-24,3.0,1.97,FOODS
FOODS_2_181,WI_3,2011-04-24,12.0,1.97,FOODS
FOODS_2_186,CA_3,2013-05-05,2.0,5.5,FOODS
FOODS_2_186,CA_3,2014-06-15,2.0,5.5,FOODS
FOODS_2_186,TX_1,2013-05-05,1.0,5.5,FOODS
FOODS_2_186,TX_3,2013-05-05,1.0,5.5,FOODS
FOODS_2_186,WI_3,2013-05-05,1.0,5.5,FOODS
FOODS_2_204,CA_1,2014-04-20,2.0,1.0,FOODS
FOODS_2_204,CA_1,2014-06-15,4.0,1.0,FOODS
FOODS_2_204,CA_3,2011-04-24,5.0,1.0,FOODS
FOODS_2_204,CA_3,2014-04-20,21.0,1.0,FOODS
FOODS_2_204,CA_3,2014-06-15,2.0,1.0,FOODS
FOODS_2_204,CA_4,2014-06-15,7.0,1.0,FOODS
FOODS_2_204,TX_1,2011-04-24,4.0,0.92,FOODS
FOODS_2_204,TX_1,2013-05-05,12.0,0.84,FOODS
FOODS_2_204,TX_1,2014-04-20,1.0,0.84,FOODS
FOODS_2_204,TX_1,2014-06-15,1.0,0.84,FOODS
FOODS_2_204,TX_2,2011-04-24,3.0,0.92,FOODS
FOODS_2_204,TX_2,2013-05-05,9.0,0.84,FOODS
FOODS_2_204,TX_3,2011-04-24,10.0,0.92,FOODS
FOODS_2_204,TX_3,2014-04-20,6.0,0.84,FOODS
FOODS_2_204,TX_3,2014-06-15,5.0,0.84,FOODS
FOODS_2_204,WI_1,2014-06-15,6.0,1.0,FOODS
FOODS_2_204,WI_2,2014-04-20,1.0,1.0,FOODS
FOODS_2_204,WI_3,2014-04-20,2.0,1.0,FOODS
FOODS_2_204,WI_3,2014-06-15,5.0,1.0,FOODS
FOODS_2_214,CA_2,2014-06-15,1.0,2.5,FOODS
FOODS_2_214,TX_2,2014-06-15,2.0,2.5,FOODS
FOODS_2_214,WI_1,2014-06-15,3.0,2.5,FOODS
FOODS_2_245,CA_1,2011-04-24,4.0,2.98,FOODS
FOODS_2_245,CA_1,2014-04-20,1.0,2.98,FOODS
FOODS_2_245,CA_1,2014-06-15,4.0,2.98,FOODS
FOODS_2_245,CA_3,2011-04-24,1.0,2.98,FOODS
FOODS_2_245,CA_3,2013-05-05,6.0,2.98,FOODS
FOODS_2_245,CA_3,2014-04-20,2.0,2.98,FOODS
FOODS_2_245,CA_3,2014-06-15,4.0,2.98,FOODS
FOODS_2_245,CA_4,2013-05-05,2.0,2.98,FOODS
FOODS_2_245,CA_4,2014-04-20,1.0,2.98,FOODS
FOODS_2_245,CA_4,2014-06-15,3.0,2.98,FOODS
FOODS_2_245,TX_1,2011-04-24,1.0,2.94,FOODS
FOODS_2_245,TX_1,2013-05-05,6.0,2.98,FOODS
FOODS_2_245,TX_1,2014-04-20,2.0,2.98,FOODS
FOODS_2_245,TX_1,2014-06-15,3.0,2.98,FOODS
FOODS_2_245,TX_2,2011-04-24,2.0,2.94,FOODS
FOODS_2_245,TX_2,2013-05-05,2.0,2.98,FOODS
FOODS_2_245,TX_2,2014-04-20,3.0,2.98,FOODS
FOODS_2_245,TX_2,2014-06-15,1.0,2.98,FOODS
FOODS_2_245,TX_3,2013-05-05,4.0,2.98,FOODS
FOODS_2_245,TX_3,2014-06-15,1.0,2.98,FOODS
FOODS_2_245,WI_1,2013-05-05,1.0,2.98,FOODS
FOODS_2_245,WI_2,2013-05-05,3.0,2.98,FOODS
FOODS_2_245,WI_2,2014-06-15,1.0,2.98,FOODS
FOODS_2_245,WI_3,2011-04-24,1.0,2.98,FOODS
FOODS_2_245,WI_3,2013-05-05,3.0,2.98,FOODS
FOODS_2_245,WI_3,2014-04-20,1.0,2.98,FOODS
FOODS_2_245,WI_3,2014-06-15,1.0,2.98,FOODS
FOODS_2_257,CA_1,2013-05-05,2.0,1.0,FOODS
FOODS_2_257,CA_1,2014-04-20,1.0,1.0,FOODS
FOODS_2_257,CA_1,2014-06-15,1.0,1.0,FOODS
FOODS_2_257,CA_3,2013-05-05,6.0,1.0,FOODS
FOODS_2_257,CA_3,2014-04-20,4.0,1.0,FOODS
FOODS_2_257,CA_3,2014-06-15,4.0,1.0,FOODS
FOODS_2_257,CA_4,2014-04-20,2.0,1.0,FOODS
FOODS_2_257,TX_1,2014-06-15,1.0,1.0,FOODS
FOODS_2_257,TX_2,2013-05-05,3.0,1.0,FOODS
FOODS_2_257,TX_3,2014-04-20,1.0,1.0,FOODS
FOODS_2_257,TX_3,2014-06-15,2.0,1.0,FOODS
FOODS_2_257,WI_1,2014-04-20,12.0,1.0,FOODS
FOODS_2_257,WI_1,2014-06-15,4.0,1.0,FOODS
FOODS_2_257,WI_2,2013-05-05,9.0,1.0,FOODS
FOODS_2_257,WI_2,2014-04-20,1.0,1.0,FOODS
FOODS_2_257,WI_2,2014-06-15,1.0,1.0,FOODS
FOODS_2_257,WI_3,2013-05-05,5.0,1.0,FOODS
FOODS_2_257,WI_3,2014-04-20,5.0,1.0,FOODS
FOODS_2_257,WI_3,2014-06-15,14.0,1.0,FOODS
FOODS_2_266,CA_1,2014-06-15,1.0,9.46,FOODS
FOODS_2_266,CA_3,2014-04-20,2.0,9.46,FOODS
FOODS_2_266,CA_3,2014-06-15,4.0,9.46,FOODS
FOODS_2_266,CA_4,2014-06-15,1.0,9.46,FOODS
FOODS_2_266,TX_1,2014-06-15,3.0,9.24,FOODS
FOODS_2_266,TX_2,2013-05-05,9.0,9.24,FOODS
FOODS_2_266,TX_2,2014-04-20,1.0,9.24,FOODS
FOODS_2_266,TX_3,2013-05-05,2.0,9.24,FOODS
FOODS_2_266,TX_3,2014-04-20,1.0,9.24,FOODS
FOODS_2_266,TX_3,2014-06-15,3.0,9.24,FOODS
FOODS_2_266,WI_1,2014-06-15,2.0,9.46,FOODS
FOODS_2_266,WI_3,2014-04-20,1.0,9.46,FOODS
FOODS_2_266,WI_3,2014-06-15,2.0,9.46,FOODS
FOODS_2_289,CA_3,2011-04-24,6.0,2.5,FOODS
FOODS_2_289,CA_3,2013-05-05,4.0,2.5,FOODS
FOODS_2_289,TX_3,2011-04-24,1.0,2.48,FOODS
FOODS_2_289,WI_1,2013-05-05,5.0,2.5,FOODS
FOODS_2_289,WI_2,2013-05-05,7.0,2.5,FOODS
FOODS_2_298,CA_1,2013-05-05,1.0,12.97,FOODS
FOODS_2_298,CA_4,2014-06-15,1.0,12.97,FOODS
FOODS_2_298,TX_1,2013-05-05,1.0,10.97,FOODS
FOODS_2_298,TX_1,2014-04-20,1.0,10.97,FOODS
FOODS_2_298,TX_2,2011-04-24,1.0,10.28,FOODS
FOODS_2_298,TX_2,2013-05-05,2.0,10.97,FOODS
FOODS_2_298,TX_2,2014-06-15,2.0,10.97,FOODS
FOODS_2_298,TX_3,2014-04-20,1.0,10.97,FOODS
FOODS_2_301,CA_1,2014-04-20,1.0,2.98,FOODS
FOODS_2_301,CA_1,2014-06-15,2.0,2.98,FOODS
FOODS_2_301,CA_3,2014-04-20,2.0,2.98,FOODS
FOODS_2_301,CA_3,2014-06-15,4.0,2.98,FOODS
FOODS_2_301,CA_4,2014-04-20,1.0,2.98,FOODS
FOODS_2_301,TX_1,2014-04-20,1.0,2.18,FOODS
FOODS_2_301,TX_1,2014-06-15,6.0,2.18,FOODS
FOODS_2_301,TX_3,2014-04-20,1.0,2.18,FOODS
FOODS_2_301,WI_1,2014-04-20,1.0,2.98,FOODS
FOODS_2_301,WI_1,2014-06-15,1.0,2.98,FOODS
FOODS_2_301,WI_3,2014-04-20,3.0,2.98,FOODS
FOODS_2_301,WI_3,2014-06-15,1.0,2.98,FOODS
FOODS_2_304,CA_1,2011-04-24,2.0,3.88,FOODS
FOODS_2_304,CA_1,2013-05-05,6.0,3.97,FOODS
FOODS_2_304,CA_1,2014-04-20,2.0,3.97,FOODS
FOODS_2_304,CA_2,2013-05-05,1.0,3.97,FOODS
FOODS_2_304,CA_3,2011-04-24,3.0,3.88,FOODS
FOODS_2_304,CA_3,2013-05-05,1.0,3.97,FOODS
FOODS_2_304,CA_3,2014-04-20,1.0,3.97,FOODS
FOODS_2_304,CA_4,2013-05-05,1.0,3.97,FOODS
FOODS_2_304,CA_4,2014-04-20,1.0,3.97,FOODS
FOODS_2_304,TX_1,2011-04-24,2.0,3.68,FOODS
FOODS_2_304,TX_1,2014-04-20,7.0,1.78,FOODS
FOODS_2_304,TX_2,2011-04-24,1.0,3.68,FOODS
FOODS_2_304,TX_2,2013-05-05,2.0,3.97,FOODS
FOODS_2_304,TX_3,2014-04-20,1.0,1.78,FOODS
FOODS_2_304,WI_2,2011-04-24,1.0,3.88,FOODS
FOODS_2_304,WI_2,2013-05-05,2.0,3.97,FOODS
FOODS_2_304,WI_2,2014-04-20,2.0,3.97,FOODS
FOODS_2_305,TX_2,2013-05-05,1.0,7.98,FOODS
FOODS_2_305,WI_2,2013-05-05,1.0,7.98,FOODS
FOODS_2_305,WI_2,2014-06-15,1.0,8.96,FOODS
FOODS_2_305,WI_3,2014-06-15,1.0,8.96,FOODS
FOODS_2_325,CA_1,2013-05-05,6.0,1.14,FOODS
FOODS_2_325,CA_1,2014-04-20,6.0,1.14,FOODS
FOODS_2_325,CA_3,2013-05-05,14.0,1.14,FOODS
FOODS_2_325,CA_3,2014-06-15,5.0,1.14,FOODS
FOODS_2_325,CA_4,2013-05-05,4.0,1.14,FOODS
FOODS_2_325,CA_4,2014-06-15,4.0,1.14,FOODS
FOODS_2_325,TX_1,2014-04-20,6.0,1.14,FOODS
FOODS_2_325,TX_1,2014-06-15,1.0,1.14,FOODS
FOODS_2_325,TX_2,2013-05-05,5.0,1.14,FOODS
FOODS_2_325,TX_2,2014-04-20,1.0,1.14,FOODS
FOODS_2_325,TX_2,2014-06-15,5.0,1.14,FOODS
FOODS_2_325,TX_3,2013-05-05,4.0,1.14,FOODS
FOODS_2_325,TX_3,2014-04-20,4.0,1.14,FOODS
FOODS_2_325,TX_3,2014-06-15,5.0,1.14,FOODS
FOODS_2_325,WI_1,2013-05-05,3.0,1.14,FOODS
FOODS_2_325,WI_1,2014-04-20,5.0,1.14,FOODS
FOODS_2_325,WI_2,2013-05-05,13.0,1.14,FOODS
FOODS_2_325,WI_2,2014-04-20,8.0,1.14,FOODS
FOODS_2_325,WI_2,2014-06-15,15.0,1.14,FOODS
FOODS_2_325,WI_3,2013-05-05,4.0,1.14,FOODS
FOODS_2_325,WI_3,2014-04-20,11.0,1.14,FOODS
FOODS_2_325,WI_3,2014-06-15,14.0,1.14,FOODS
FOODS_2_333,CA_1,2011-04-24,1.0,2.97,FOODS
FOODS_2_333,CA_1,2013-05-05,1.0,3.28,FOODS
FOODS_2_333,CA_1,2014-04-20,1.0,3.28,FOODS
FOODS_2_333,CA_2,2013-05-05,5.0,3.28,FOODS
FOODS_2_333,CA_2,2014-04-20,7.0,3.28,FOODS
FOODS_2_333,CA_3,2011-04-24,5.0,2.97,FOODS
FOODS_2_333,CA_3,2013-05-05,4.0,3.28,FOODS
FOODS_2_333,CA_3,2014-04-20,2.0,3.28,FOODS
FOODS_2_333,CA_4,2014-04-20,2.0,3.28,FOODS
FOODS_2_333,TX_1,2011-04-24,6.0,2.97,FOODS
FOODS_2_333,TX_1,2013-05-05,4.0,3.17,FOODS
FOODS_2_333,TX_1,2014-04-20,3.0,3.17,FOODS
FOODS_2_333,TX_2,2013-05-05,3.0,3.17,FOODS
FOODS_2_333,TX_2,2014-04-20,1.0,3.17,FOODS
FOODS_2_333,TX_3,2011-04-24,2.0,2.97,FOODS
FOODS_2_333,TX_3,2013-05-05,1.0,3.17,FOODS
FOODS_2_333,TX_3,2014-04-20,2.0,3.17,FOODS
FOODS_2_333,WI_2,2011-04-24,2.0,2.97,FOODS
FOODS_2_333,WI_2,2014-04-20,4.0,3.28,FOODS
FOODS_2_333,WI_3,2011-04-24,3.0,2.97,FOODS
FOODS_2_341,CA_1,2014-06-15,3.0,2.5,FOODS
FOODS_2_341,CA_3,2014-06-15,1.0,2.5,FOODS
FOODS_2_342,CA_1,2011-04-24,1.0,5.98,FOODS
FOODS_2_342,CA_1,2013-05-05,1.0,6.33,FOODS
FOODS_2_342,CA_3,2011-04-24,1.0,5.98,FOODS
FOODS_2_342,CA_3,2013-05-05,8.0,6.33,FOODS
FOODS_2_342,CA_3,2014-04-20,2.0,5.98,FOODS
FOODS_2_342,CA_3,2014-06-15,4.0,5.98,FOODS
FOODS_2_342,TX_1,2011-04-24,2.0,5.86,FOODS
FOODS_2_342,TX_1,2013-05-05,5.0,6.33,FOODS
FOODS_2_342,TX_1,2014-04-20,1.0,5.74,FOODS
FOODS_2_342,TX_1,2014-06-15,1.0,5.74,FOODS
FOODS_2_342,TX_2,2011-04-24,3.0,5.86,FOODS
FOODS_2_342,TX_2,2013-05-05,5.0,6.33,FOODS
FOODS_2_342,TX_2,2014-04-20,4.0,5.74,FOODS
FOODS_2_342,TX_2,2014-06-15,3.0,5.74,FOODS
FOODS_2_342,TX_3,2011-04-24,3.0,5.86,FOODS
FOODS_2_342,TX_3,2013-05-05,2.0,6.33,FOODS
FOODS_2_342,TX_3,2014-04-20,3.0,5.74,FOODS
FOODS_2_342,TX_3,2014-06-15,3.0,5.74,FOODS
FOODS_2_342,WI_1,2013-05-05,1.0,6.33,FOODS
FOODS_2_342,WI_1,2014-04-20,2.0,5.98,FOODS
FOODS_2_342,WI_2,2013-05-05,9.0,6.33,FOODS
FOODS_2_342,WI_2,2014-04-20,3.0,5.98,FOODS
FOODS_2_342,WI_3,2013-05-05,2.0,6.33,FOODS
FOODS_2_342,WI_3,2014-06-15,3.0,5.98,FOODS
FOODS_2_348,CA_1,2014-04-20,1.0,5.98,FOODS
FOODS_2_348,CA_3,2011-04-24,2.0,5.98,FOODS
FOODS_2_348,CA_3,2013-05-05,2.0,6.33,FOODS
FOODS_2_348,TX_1,2013-05-05,1.0,6.33,FOODS
FOODS_2_348,TX_2,2013-05-05,2.0,6.33,FOODS
FOODS_2_348,WI_2,2013-05-05,2.0,6.33,FOODS
FOODS_2_348,WI_3,2013-05-05,1.0,6.33,FOODS
FOODS_2_360,CA_1,2011-04-24,23.0,0.64,FOODS
FOODS_2_360,CA_1,2013-05-05,18.0,0.88,FOODS
FOODS_2_360,CA_1,2014-04-20,8.0,0.88,FOODS
FOODS_2_360,CA_1,2014-06-15,8.0,0.88,FOODS
FOODS_2_360,CA_2,2011-04-24,11.0,0.64,FOODS
FOODS_2_360,CA_2,2013-05-05,4.0,0.88,FOODS
FOODS_2_360,CA_2,2014-04-20,12.0,0.88,FOODS
FOODS_2_360,CA_2,2014-06-15,6.0,0.88,FOODS
FOODS_2_360,CA_3,2011-04-24,1.0,0.64,FOODS
FOODS_2_360,CA_3,2013-05-05,53.0,0.88,FOODS
FOODS_2_360,CA_3,2014-04-20,14.0,0.88,FOODS
FOODS_2_360,CA_3,2014-06-15,5.0,0.88,FOODS
FOODS_2_360,CA_4,2011-04-24,8.0,0.64,FOODS
FOODS_2_360,CA_4,2013-05-05,8.0,0.88,FOODS
FOODS_2_360,CA_4,2014-04-20,3.0,0.88,FOODS
FOODS_2_360,CA_4,2014-06-15,13.0,0.88,FOODS
FOODS_2_360,TX_1,2011-04-24,6.0,0.58,FOODS
FOODS_2_360,TX_1,2013-05-05,13.0,0.72,FOODS
FOODS_2_360,TX_1,2014-04-20,3.0,0.72,FOODS
FOODS_2_360,TX_1,2014-06-15,3.0,0.72,FOODS
FOODS_2_360,TX_2,2011-04-24,32.0,0.58,FOODS
FOODS_2_360,TX_2,2013-05-05,12.0,0.72,FOODS
FOODS_2_360,TX_2,2014-04-20,14.0,0.72,FOODS
FOODS_2_360,TX_2,2014-06-15,28.0,0.72,FOODS
FOODS_2_360,TX_3,2011-04-24,31.0,0.58,FOODS
FOODS_2_360,TX_3,2013-05-05,36.0,0.72,FOODS
FOODS_2_360,TX_3,2014-04-20,11.0,0.72,FOODS
FOODS_2_360,TX_3,2014-06-15,24.0,0.72,FOODS
FOODS_2_360,WI_1,2011-04-24,3.0,0.64,FOODS
FOODS_2_360,WI_1,2013-05-05,18.0,0.88,FOODS
FOODS_2_360,WI_1,2014-04-20,12.0,0.88,FOODS
FOODS_2_360,WI_1,2014-06-15,19.0,0.68,FOODS
FOODS_2_360,WI_2,2013-05-05,126.0,0.88,FOODS
FOODS_2_360,WI_2,2014-04-20,10.0,0.88,FOODS
FOODS_2_360,WI_3,2011-04-24,4.0,0.64,FOODS
FOODS_2_360,WI_3,2013-05-05,17.0,0.88,FOODS
FOODS_2_360,WI_3,2014-04-20,7.0,0.88,FOODS
FOODS_2_360,WI_3,2014-06-15,4.0,0.68,FOODS
FOODS_2_364,CA_3,2013-05-05,2.0,2.66,FOODS
FOODS_2_364,TX_1,2011-04-24,2.0,2.32,FOODS
FOODS_2_364,TX_1,2013-05-05,4.0,2.66,FOODS
FOODS_2_364,TX_2,2011-04-24,2.0,2.32,FOODS
FOODS_2_364,TX_2,2013-05-05,2.0,2.66,FOODS
FOODS_2_364,TX_3,2011-04-24,1.0,2.32,FOODS
FOODS_2_364,TX_3,2013-05-05,1.0,2.66,FOODS
FOODS_2_364,WI_1,2013-05-05,3.0,2.66,FOODS
FOODS_2_364,WI_2,2013-05-05,21.0,2.66,FOODS
FOODS_2_364,WI_3,2011-04-24,7.0,2.47,FOODS
FOODS_2_364,WI_3,2013-05-05,4.0,2.66,FOODS
FOODS_2_378,CA_1,2014-06-15,1.0,3.5,FOODS
FOODS_2_378,TX_1,2013-05-05,1.0,3.5,FOODS
FOODS_2_378,TX_1,2014-06-15,1.0,3.5,FOODS
FOODS_2_378,TX_2,2013-05-05,2.0,3.5,FOODS
FOODS_2_378,TX_3,2014-06-15,2.0,3.5,FOODS
FOODS_2_378,WI_1,2014-06-15,3.0,3.5,FOODS
FOODS_2_378,WI_2,2013-05-05,2.0,3.5,FOODS
FOODS_2_378,WI_2,2014-04-20,2.0,3.5,FOODS
FOODS_2_378,WI_2,2014-06-15,5.0,3.5,FOODS
FOODS_2_378,WI_3,2014-06-15,2.0,3.5,FOODS
FOODS_2_397,CA_1,2014-06-15,1.0,2.98,FOODS
FOODS_2_397,CA_3,2013-05-05,1.0,2.5,FOODS
FOODS_2_397,CA_3,2014-04-20,1.0,2.94,FOODS
FOODS_2_397,TX_1,2011-04-24,3.0,2.76,FOODS
FOODS_2_397,TX_1,2014-04-20,2.0,2.83,FOODS
FOODS_2_397,TX_1,2014-06-15,3.0,2.36,FOODS
FOODS_2_397,TX_3,2014-06-15,4.0,2.83,FOODS
FOODS_2_397,WI_1,2014-06-15,4.0,2.94,FOODS
FOODS_2_397,WI_2,2014-04-20,2.0,2.94,FOODS
FOODS_2_397,WI_2,2014-06-15,7.0,2.94,FOODS
FOODS_2_397,WI_3,2011-04-24,1.0,2.94,FOODS
FOODS_2_397,WI_3,2014-06-15,1.0,2.94,FOODS
FOODS_2_399,CA_1,2014-04-20,1.0,2.0,FOODS
FOODS_2_399,CA_2,2011-04-24,5.0,1.98,FOODS
FOODS_2_399,CA_3,2011-04-24,3.0,1.98,FOODS
FOODS_2_399,CA_3,2014-04-20,1.0,2.0,FOODS
FOODS_2_399,CA_3,2014-06-15,4.0,2.0,FOODS
FOODS_2_399,CA_4,2011-04-24,3.0,1.98,FOODS
FOODS_2_399,TX_2,2011-04-24,4.0,1.88,FOODS
FOODS_2_399,TX_3,2011-04-24,3.0,1.88,FOODS
FOODS_2_399,TX_3,2014-04-20,1.0,1.88,FOODS
FOODS_2_399,TX_3,2014-06-15,1.0,2.0,FOODS
FOODS_2_399,WI_1,2014-04-20,1.0,2.0,FOODS
FOODS_2_399,WI_1,2014-06-15,1.0,2.0,FOODS
FOODS_2_399,WI_2,2014-06-15,2.0,2.0,FOODS
FOODS_2_399,WI_3,2011-04-24,5.0,1.98,FOODS
FOODS_2_399,WI_3,2014-06-15,2.0,2.0,FOODS
FOODS_3_029,CA_1,2013-05-05,2.0,1.38,FOODS
FOODS_3_029,CA_1,2014-04-20,5.0,1.44,FOODS
FOODS_3_029,CA_1,2014-06-15,3.0,1.44,FOODS
FOODS_3_029,CA_2,2014-04-20,2.0,1.44,FOODS
FOODS_3_029,CA_3,2013-05-05,5.0,1.38,FOODS
FOODS_3_029,CA_3,2014-04-20,4.0,1.44,FOODS
FOODS_3_029,CA_3,2014-06-15,2.0,1.44,FOODS
FOODS_3_029,CA_4,2013-05-05,2.0,1.38,FOODS
FOODS_3_029,TX_1,2013-05-05,6.0,1.38,FOODS
FOODS_3_029,TX_1,2014-04-20,2.0,1.44,FOODS
FOODS_3_029,TX_1,2014-06-15,3.0,1.44,FOODS
FOODS_3_029,TX_2,2013-05-05,11.0,1.38,FOODS
FOODS_3_029,TX_2,2014-04-20,1.0,1.44,FOODS
FOODS_3_029,TX_3,2013-05-05,1.0,1.38,FOODS
FOODS_3_029,TX_3,2014-04-20,6.0,1.44,FOODS
FOODS_3_029,TX_3,2014-06-15,2.0,1.44,FOODS
FOODS_3_029,WI_1,2014-04-20,2.0,1.44,FOODS
FOODS_3_029,WI_1,2014-06-15,3.0,1.44,FOODS
FOODS_3_029,WI_2,2013-05-05,2.0,1.38,FOODS
FOODS_3_029,WI_2,2014-04-20,4.0,1.44,FOODS
FOODS_3_029,WI_2,2014-06-15,2.0,1.44,FOODS
FOODS_3_029,WI_3,2013-05-05,1.0,1.38,FOODS
FOODS_3_029,WI_3,2014-04-20,1.0,1.44,FOODS
FOODS_3_029,WI_3,2014-06-15,1.0,1.44,FOODS
FOODS_3_037,CA_1,2013-05-05,7.0,2.5,FOODS
FOODS_3_037,CA_1,2014-04-20,4.0,2.5,FOODS
FOODS_3_037,CA_1,2014-06-15,6.0,2.5,FOODS
FOODS_3_037,CA_2,2013-05-05,8.0,2.5,FOODS
FOODS_3_037,CA_2,2014-04-20,4.0,2.5,FOODS
FOODS_3_037,CA_2,2014-06-15,2.0,2.5,FOODS
FOODS_3_037,CA_3,2013-05-05,4.0,2.5,FOODS
FOODS_3_037,CA_3,2014-04-20,7.0,2.5,FOODS
FOODS_3_037,CA_3,2014-06-15,7.0,2.5,FOODS
FOODS_3_037,CA_4,2013-05-05,4.0,2.5,FOODS
FOODS_3_037,CA_4,2014-04-20,4.0,2.5,FOODS
FOODS_3_037,CA_4,2014-06-15,8.0,2.5,FOODS
FOODS_3_037,TX_1,2014-04-20,2.0,2.5,FOODS
FOODS_3_037,TX_1,2014-06-15,1.0,2.5,FOODS
FOODS_3_037,TX_2,2013-05-05,2.0,2.5,FOODS
FOODS_3_037,TX_2,2014-04-20,1.0,2.5,FOODS
FOODS_3_037,TX_2,2014-06-15,1.0,2.5,FOODS
FOODS_3_037,TX_3,2013-05-05,2.0,2.5,FOODS
FOODS_3_037,TX_3,2014-06-15,1.0,2.5,FOODS
FOODS_3_037,WI_1,2013-05-05,4.0,2.5,FOODS
FOODS_3_037,WI_1,2014-06-15,5.0,2.5,FOODS
FOODS_3_037,WI_2,2013-05-05,8.0,2.5,FOODS
FOODS_3_037,WI_2,2014-04-20,1.0,2.5,FOODS
FOODS_3_037,WI_2,2014-06-15,3.0,2.5,FOODS
FOODS_3_037,WI_3,2013-05-05,1.0,2.5,FOODS
FOODS_3_037,WI_3,2014-04-20,1.0,2.5,FOODS
FOODS_3_037,WI_3,2014-06-15,4.0,2.5,FOODS
FOODS_3_043,CA_1,2013-05-05,2.0,2.5,FOODS
FOODS_3_043,CA_1,2014-04-20,2.0,2.5,FOODS
FOODS_3_043,CA_1,2014-06-15,2.0,2.5,FOODS
FOODS_3_043,CA_2,2013-05-05,1.0,2.5,FOODS
FOODS_3_043,CA_2,2014-04-20,1.0,2.5,FOODS
FOODS_3_043,CA_3,2013-05-05,2.0,2.5,FOODS
FOODS_3_043,CA_3,2014-04-20,1.0,2.5,FOODS
FOODS_3_043,CA_3,2014-06-15,2.0,2.5,FOODS
FOODS_3_043,CA_4,2013-05-05,4.0,2.5,FOODS
FOODS_3_043,CA_4,2014-06-15,2.0,2.5,FOODS
FOODS_3_043,TX_2,2013-05-05,8.0,2.5,FOODS
FOODS_3_043,TX_2,2014-04-20,1.0,2.5,FOODS
FOODS_3_043,TX_2,2014-06-15,2.0,2.5,FOODS
FOODS_3_043,WI_1,2013-05-05,2.0,2.5,FOODS
FOODS_3_043,WI_1,2014-04-20,1.0,2.5,FOODS
FOODS_3_043,WI_1,2014-06-15,2.0,2.5,FOODS
FOODS_3_043,WI_2,2013-05-05,1.0,2.5,FOODS
FOODS_3_045,CA_1,2011-04-24,2.0,3.98,FOODS
FOODS_3_045,CA_1,2013-05-05,2.0,3.98,FOODS
FOODS_3_045,CA_1,2014-06-15,2.0,3.98,FOODS
FOODS_3_045,CA_2,2014-04-20,2.0,3.98,FOODS
FOODS_3_045,CA_3,2014-06-15,2.0,3.98,FOODS
FOODS_3_045,CA_4,2013-05-05,1.0,3.98,FOODS
FOODS_3_045,CA_4,2014-04-20,1.0,3.98,FOODS
FOODS_3_045,CA_4,2014-06-15,4.0,3.98,FOODS
FOODS_3_045,TX_1,2011-04-24,1.0,3.98,FOODS
FOODS_3_045,TX_1,2013-05-05,5.0,3.98,FOODS
FOODS_3_045,TX_1,2014-06-15,1.0,3.98,FOODS
FOODS_3_045,TX_2,2013-05-05,4.0,3.98,FOODS
FOODS_3_045,TX_2,2014-06-15,1.0,3.98,FOODS
FOODS_3_045,TX_3,2011-04-24,1.0,3.98,FOODS
FOODS_3_045,WI_1,2013-05-05,1.0,3.98,FOODS
FOODS_3_045,WI_1,2014-04-20,2.0,3.98,FOODS
FOODS_3_045,WI_1,2014-06-15,1.0,3.98,FOODS
FOODS_3_045,WI_2,2013-05-05,2.0,3.98,FOODS
FOODS_3_046,CA_1,2013-05-05,4.0,1.98,FOODS
FOODS_3_046,CA_1,2014-04-20,1.0,1.98,FOODS
FOODS_3_046,CA_2,2013-05-05,3.0,1.98,FOODS
FOODS_3_046,CA_2,2014-06-15,2.0,1.98,FOODS
FOODS_3_046,CA_3,2014-04-20,4.0,1.98,FOODS
FOODS_3_046,CA_4,2014-04-20,1.0,1.98,FOODS
FOODS_3_046,TX_1,2013-05-05,1.0,1.98,FOODS
FOODS_3_046,TX_2,2013-05-05,1.0,1.98,FOODS
FOODS_3_046,TX_2,2014-06-15,2.0,1.98,FOODS
FOODS_3_046,WI_1,2013-05-05,1.0,1.98,FOODS
FOODS_3_046,WI_1,2014-04-20,2.0,1.98,FOODS
FOODS_3_046,WI_1,2014-06-15,3.0,1.98,FOODS
FOODS_3_046,WI_2,2013-05-05,2.0,1.98,FOODS
FOODS_3_046,WI_2,2014-06-15,2.0,1.98,FOODS
FOODS_3_046,WI_3,2013-05-05,5.0,1.98,FOODS
FOODS_3_055,CA_1,2013-05-05,2.0,3.48,FOODS
FOODS_3_055,CA_2,2013-05-05,2.0,3.48,FOODS
FOODS_3_055,CA_3,2013-05-05,2.0,2.98,FOODS
FOODS_3_055,TX_2,2013-05-05,1.0,3.48,FOODS
FOODS_3_055,WI_2,2013-05-05,1.0,3.48,FOODS
FOODS_3_055,WI_3,2013-05-05,3.0,3.48,FOODS
FOODS_3_061,CA_2,2014-06-15,3.0,2.98,FOODS
FOODS_3_061,CA_3,2014-06-15,1.0,2.98,FOODS
FOODS_3_061,CA_4,2014-04-20,2.0,2.98,FOODS
FOODS_3_061,TX_1,2014-04-20,2.0,2.98,FOODS
FOODS_3_061,TX_2,2014-06-15,1.0,2.98,FOODS
FOODS_3_061,WI_1,2014-04-20,1.0,2.98,FOODS
FOODS_3_061,WI_1,2014-06-15,1.0,2.98,FOODS
FOODS_3_061,WI_2,2014-04-20,3.0,2.98,FOODS
FOODS_3_062,CA_1,2013-05-05,1.0,2.88,FOODS
FOODS_3_062,CA_1,2014-04-20,2.0,2.88,FOODS
FOODS_3_062,CA_3,2014-04-20,1.0,2.88,FOODS
FOODS_3_062,CA_4,2014-04-20,1.0,2.88,FOODS
FOODS_3_062,TX_1,2013-05-05,2.0,2.88,FOODS
FOODS_3_062,TX_2,2011-04-24,1.0,2.68,FOODS
FOODS_3_062,TX_2,2013-05-05,1.0,2.88,FOODS
FOODS_3_062,TX_2,2014-04-20,1.0,2.88,FOODS
FOODS_3_062,TX_3,2013-05-05,1.0,2.88,FOODS
FOODS_3_062,WI_1,2014-04-20,1.0,2.88,FOODS
FOODS_3_075,CA_1,2014-06-15,1.0,2.88,FOODS
FOODS_3_075,CA_2,2014-04-20,2.0,2.88,FOODS
FOODS_3_075,CA_2,2014-06-15,1.0,2.88,FOODS
FOODS_3_075,CA_4,2014-06-15,1.0,2.88,FOODS
FOODS_3_075,TX_2,2014-04-20,2.0,2.88,FOODS
FOODS_3_075,TX_2,2014-06-15,1.0,2.88,FOODS
FOODS_3_075,WI_1,2014-04-20,1.0,2.88,FOODS
FOODS_3_075,WI_1,2014-06-15,5.0,2.88,FOODS
FOODS_3_075,WI_2,2014-06-15,6.0,2.88,FOODS
FOODS_3_075,WI_3,2014-06-15,1.0,2.88,FOODS
FOODS_3_083,CA_1,2011-04-24,1.0,19.48,FOODS
FOODS_3_083,CA_1,2014-06-15,6.0,17.88,FOODS
FOODS_3_083,CA_2,2011-04-24,2.0,19.48,FOODS
FOODS_3_083,CA_2,2013-05-05,1.0,18.98,FOODS
FOODS_3_083,CA_3,2011-04-24,1.0,19.48,FOODS
FOODS_3_083,CA_3,2013-05-05,4.0,18.98,FOODS
FOODS_3_083,CA_3,2014-06-15,6.0,17.88,FOODS
FOODS_3_083,CA_4,2013-05-05,1.0,18.98,FOODS
FOODS_3_083,CA_4,2014-06-15,3.0,17.88,FOODS
FOODS_3_083,TX_1,2011-04-24,2.0,19.48,FOODS
FOODS_3_083,TX_1,2014-06-15,1.0,17.88,FOODS
FOODS_3_083,TX_2,2011-04-24,1.0,19.48,FOODS
FOODS_3_083,TX_2,2014-06-15,5.0,17.88,FOODS
FOODS_3_083,TX_3,2013-05-05,1.0,18.98,FOODS
FOODS_3_083,WI_1,2014-06-15,2.0,17.88,FOODS
FOODS_3_083,WI_2,2011-04-24,2.0,19.48,FOODS
FOODS_3_083,WI_2,2013-05-05,2.0,18.98,FOODS
FOODS_3_083,WI_2,2014-06-15,3.0,17.88,FOODS
FOODS_3_083,WI_3,2013-05-05,2.0,18.98,FOODS
FOODS_3_083,WI_3,2014-06-15,4.0,17.88,FOODS
FOODS_3_090,CA_1,2013-05-05,95.0,1.38,FOODS
FOODS_3_090,CA_1,2014-04-20,165.0,1.44,FOODS
FOODS_3_090,CA_1,2014-06-15,114.0,1.44,FOODS
FOODS_3_090,CA_2,2013-05-05,47.0,1.38,FOODS
FOODS_3_090,CA_2,2014-06-15,24.0,1.44,FOODS
FOODS_3_090,CA_3,2013-05-05,175.0,1.38,FOODS
FOODS_3_090,CA_3,2014-04-20,245.0,1.44,FOODS
FOODS_3_090,CA_3,2014-06-15,168.0,1.44,FOODS
FOODS_3_090,CA_4,2013-05-05,38.0,1.38,FOODS
FOODS_3_090,CA_4,2014-04-20,88.0,1.44,FOODS
FOODS_3_090,CA_4,2014-06-15,41.0,1.44,FOODS
FOODS_3_090,TX_1,2013-05-05,62.0,1.38,FOODS
FOODS_3_090,TX_1,2014-04-20,92.0,1.44,FOODS
FOODS_3_090,TX_1,2014-06-15,65.0,1.44,FOODS
FOODS_3_090,TX_2,2013-05-05,82.0,1.38,FOODS
FOODS_3_090,TX_2,2014-04-20,150.0,1.44,FOODS
FOODS_3_090,TX_2,2014-06-15,100.0,1.44,FOODS
FOODS_3_090,TX_3,2013-05-05,92.0,1.38,FOODS
FOODS_3_090,TX_3,2014-04-20,65.0,1.44,FOODS
FOODS_3_090,TX_3,2014-06-15,99.0,1.44,FOODS
FOODS_3_090,WI_1,2013-05-05,33.0,1.38,FOODS
FOODS_3_090,WI_1,2014-04-20,25.0,1.44,FOODS
FOODS_3_090,WI_1,2014-06-15,38.0,1.38,FOODS
FOODS_3_090,WI_2,2013-05-05,20.0,1.38,FOODS
FOODS_3_090,WI_2,2014-04-20,22.0,1.44,FOODS
FOODS_3_090,WI_2,2014-06-15,34.0,1.38,FOODS
FOODS_3_090,WI_3,2013-05-05,77.0,1.38,FOODS
FOODS_3_090,WI_3,2014-04-20,97.0,1.44,FOODS
FOODS_3_090,WI_3,2014-06-15,140.0,1.38,FOODS
FOODS_3_097,CA_1,2011-04-24,7.0,2.0,FOODS
FOODS_3_097,CA_1,2013-05-05,8.0,2.0,FOODS
FOODS_3_097,CA_1,2014-04-20,7.0,2.0,FOODS
FOODS_3_097,CA_1,2014-06-15,5.0,2.0,FOODS
FOODS_3_097,CA_2,2014-04-20,3.0,2.0,FOODS
FOODS_3_097,CA_2,2014-06-15,3.0,2.0,FOODS
FOODS_3_097,CA_3,2011-04-24,2.0,2.0,FOODS
FOODS_3_097,CA_3,2013-05-05,6.0,2.0,FOODS
FOODS_3_097,CA_3,2014-04-20,6.0,2.0,FOODS
FOODS_3_097,CA_3,2014-06-15,2.0,2.0,FOODS
FOODS_3_097,CA_4,2011-04-24,1.0,2.0,FOODS
FOODS_3_097,CA_4,2013-05-05,4.0,2.0,FOODS
FOODS_3_097,CA_4,2014-04-20,4.0,2.0,FOODS
FOODS_3_097,TX_1,2011-04-24,1.0,2.0,FOODS
FOODS_3_097,TX_2,2013-05-05,3.0,2.0,FOODS
FOODS_3_097,TX_2,2014-04-20,1.0,2.0,FOODS
FOODS_3_097,TX_2,2014-06-15,1.0,2.0,FOODS
FOODS_3_097,TX_3,2011-04-24,1.0,2.0,FOODS
FOODS_3_097,TX_3,2014-04-20,2.0,2.0,FOODS
FOODS_3_097,WI_1,2013-05-05,3.0,2.0,FOODS
FOODS_3_097,WI_1,2014-04-20,2.0,2.0,FOODS
FOODS_3_097,WI_1,2014-06-15,1.0,2.0,FOODS
FOODS_3_097,WI_2,2013-05-05,4.0,2.0,FOODS
FOODS_3_097,WI_2,2014-04-20,1.0,2.0,FOODS
FOODS_3_097,WI_2,2014-06-15,3.0,2.0,FOODS
FOODS_3_097,WI_3,2011-04-24,1.0,1.78,FOODS
FOODS_3_098,CA_1,2011-04-24,1.0,4.38,FOODS
FOODS_3_098,CA_1,2013-05-05,1.0,3.98,FOODS
FOODS_3_098,CA_2,2011-04-24,1.0,4.38,FOODS
FOODS_3_098,CA_2,2013-05-05,1.0,3.98,FOODS
FOODS_3_098,CA_2,2014-04-20,2.0,4.38,FOODS
FOODS_3_098,CA_3,2013-05-05,3.0,3.98,FOODS
FOODS_3_098,CA_3,2014-04-20,7.0,4.38,FOODS
FOODS_3_098,CA_4,2013-05-05,2.0,3.98,FOODS
FOODS_3_098,TX_1,2011-04-24,1.0,4.28,FOODS
FOODS_3_098,TX_1,2013-05-05,6.0,3.98,FOODS
FOODS_3_098,TX_1,2014-04-20,2.0,4.28,FOODS
FOODS_3_098,TX_2,2011-04-24,1.0,4.28,FOODS
FOODS_3_098,TX_2,2013-05-05,4.0,3.98,FOODS
FOODS_3_098,TX_3,2014-04-20,1.0,4.28,FOODS
FOODS_3_098,WI_1,2013-05-05,2.0,4.28,FOODS
FOODS_3_098,WI_1,2014-04-20,1.0,3.94,FOODS
FOODS_3_098,WI_2,2013-05-05,3.0,4.28,FOODS
FOODS_3_098,WI_2,2014-04-20,3.0,3.94,FOODS
FOODS_3_098,WI_3,2011-04-24,2.0,4.28,FOODS
FOODS_3_098,WI_3,2014-04-20,3.0,3.94,FOODS
FOODS_3_104,CA_1,2013-05-05,2.0,2.98,FOODS
FOODS_3_104,CA_1,2014-04-20,2.0,2.98,FOODS
FOODS_3_104,CA_1,2014-06-15,1.0,2.98,FOODS
FOODS_3_104,CA_3,2013-05-05,2.0,2.98,FOODS
FOODS_3_104,CA_4,2013-05-05,1.0,2.98,FOODS
FOODS_3_104,CA_4,2014-06-15,1.0,2.98,FOODS
FOODS_3_104,TX_2,2014-04-20,1.0,2.98,FOODS
FOODS_3_104,TX_3,2014-06-15,2.0,2.98,FOODS
FOODS_3_104,WI_1,2013-05-05,2.0,2.98,FOODS
FOODS_3_104,WI_1,2014-04-20,2.0,2.98,FOODS
FOODS_3_104,WI_3,2013-05-05,2.0,2.98,FOODS
FOODS_3_104,WI_3,2014-06-15,1.0,2.98,FOODS
FOODS_3_118,CA_1,2011-04-24,1.0,1.0,FOODS
FOODS_3_118,CA_1,2013-05-05,2.0,1.18,FOODS
FOODS_3_118,CA_1,2014-04-20,4.0,1.18,FOODS
FOODS_3_118,CA_2,2011-04-24,8.0,1.0,FOODS
FOODS_3_118,CA_2,2013-05-05,6.0,1.18,FOODS
FOODS_3_118,CA_2,2014-04-20,3.0,1.18,FOODS
FOODS_3_118,CA_3,2011-04-24,19.0,1.0,FOODS
FOODS_3_118,CA_3,2013-05-05,6.0,1.18,FOODS
FOODS_3_118,CA_3,2014-04-20,5.0,1.18,FOODS
FOODS_3_118,CA_4,2011-04-24,3.0,1.0,FOODS
FOODS_3_118,CA_4,2013-05-05,1.0,1.18,FOODS
FOODS_3_118,CA_4,2014-04-20,3.0,1.18,FOODS
FOODS_3_118,TX_1,2011-04-24,16.0,1.0,FOODS
FOODS_3_118,TX_1,2013-05-05,4.0,1.18,FOODS
FOODS_3_118,TX_1,2014-04-20,1.0,1.18,FOODS
FOODS_3_118,TX_2,2011-04-24,6.0,1.0,FOODS
FOODS_3_118,TX_2,2014-04-20,1.0,1.18,FOODS
FOODS_3_118,TX_3,2011-04-24,4.0,1.0,FOODS
FOODS_3_118,TX_3,2013-05-05,1.0,1.18,FOODS
FOODS_3_118,WI_1,2011-04-24,1.0,1.0,FOODS
FOODS_3_118,WI_1,2013-05-05,9.0,1.18,FOODS
FOODS_3_118,WI_1,2014-04-20,3.0,1.18,FOODS
FOODS_3_118,WI_2,2011-04-24,3.0,1.0,FOODS
FOODS_3_118,WI_2,2014-04-20,5.0,1.18,FOODS
FOODS_3_118,WI_3,2011-04-24,3.0,1.0,FOODS
FOODS_3_118,WI_3,2013-05-05,4.0,1.18,FOODS
FOODS_3_118,WI_3,2014-04-20,4.0,1.18,FOODS
FOODS_3_120,CA_1,2013-05-05,95.0,4.98,FOODS
FOODS_3_120,CA_1,2014-04-20,1.0,4.98,FOODS
FOODS_3_120,CA_1,2014-06-15,2.0,4.98,FOODS
FOODS_3_120,CA_2,2014-06-15,4.0,4.98,FOODS
FOODS_3_120,CA_3,2014-04-20,59.0,4.98,FOODS
FOODS_3_120,CA_3,2014-06-15,49.0,4.98,FOODS
FOODS_3_120,CA_4,2013-05-05,21.0,4.98,FOODS
FOODS_3_120,CA_4,2014-04-20,24.0,4.98,FOODS
FOODS_3_120,TX_1,2014-04-20,10.0,4.98,FOODS
FOODS_3_120,TX_1,2014-06-15,20.0,4.98,FOODS
FOODS_3_120,TX_2,2014-04-20,11.0,4.98,FOODS
FOODS_3_120,TX_2,2014-06-15,17.0,4.98,FOODS
FOODS_3_120,TX_3,2014-04-20,15.0,4.98,FOODS
FOODS_3_120,TX_3,2014-06-15,27.0,4.98,FOODS
FOODS_3_120,WI_1,2014-04-20,7.0,4.98,FOODS
FOODS_3_120,WI_1,2014-06-15,8.0,4.98,FOODS
FOODS_3_120,WI_2,2013-05-05,18.0,4.98,FOODS
FOODS_3_120,WI_2,2014-04-20,3.0,4.98,FOODS
FOODS_3_120,WI_2,2014-06-15,23.0,4.98,FOODS
FOODS_3_120,WI_3,2013-05-05,50.0,4.98,FOODS
FOODS_3_120,WI_3,2014-04-20,25.0,4.98,FOODS
FOODS_3_120,WI_3,2014-06-15,44.0,4.98,FOODS
FOODS_3_121,CA_1,2013-05-05,7.0,2.98,FOODS
FOODS_3_121,CA_1,2014-04-20,6.0,2.98,FOODS
FOODS_3_121,CA_2,2013-05-05,3.0,2.98,FOODS
FOODS_3_121,CA_2,2014-06-15,4.0,2.98,FOODS
FOODS_3_121,CA_3,2013-05-05,5.0,2.98,FOODS
FOODS_3_121,CA_3,2014-04-20,4.0,2.98,FOODS
FOODS_3_121,CA_3,2014-06-15,3.0,2.98,FOODS
FOODS_3_121,CA_4,2013-05-05,2.0,2.98,FOODS
FOODS_3_121,TX_1,2013-05-05,5.0,2.98,FOODS
FOODS_3_121,TX_1,2014-04-20,5.0,2.98,FOODS
FOODS_3_121,TX_1,2014-06-15,7.0,2.98,FOODS
FOODS_3_121,TX_2,2013-05-05,4.0,2.98,FOODS
FOODS_3_121,TX_2,2014-04-20,8.0,2.98,FOODS
FOODS_3_121,TX_2,2014-06-15,4.0,2.98,FOODS
FOODS_3_121,TX_3,2013-05-05,1.0,2.98,FOODS
FOODS_3_121,TX_3,2014-04-20,5.0,2.98,FOODS
FOODS_3_121,TX_3,2014-06-15,3.0,2.98,FOODS
FOODS_3_121,WI_1,2013-05-05,8.0,2.98,FOODS
FOODS_3_121,WI_1,2014-04-20,3.0,2.98,FOODS
FOODS_3_121,WI_1,2014-06-15,3.0,2.98,FOODS
FOODS_3_121,WI_2,2013-05-05,7.0,2.98,FOODS
FOODS_3_121,WI_2,2014-04-20,3.0,2.98,FOODS
FOODS_3_121,WI_2,2014-06-15,12.0,2.98,FOODS
FOODS_3_121,WI_3,2013-05-05,4.0,2.98,FOODS
FOODS_3_121,WI_3,2014-04-20,5.0,2.98,FOODS
FOODS_3_121,WI_3,2014-06-15,4.0,2.98,FOODS
FOODS_3_124,CA_1,2011-04-24,9.0,5.98,FOODS
FOODS_3_124,CA_1,2013-05-05,7.0,4.98,FOODS
FOODS_3_124,CA_1,2014-04-20,16.0,5.48,FOODS
FOODS_3_124,CA_2,2011-04-24,2.0,5.98,FOODS
FOODS_3_124,CA_2,2013-05-05,6.0,4.98,FOODS
FOODS_3_124,CA_2,2014-04-20,12.0,5.48,FOODS
FOODS_3_124,CA_3,2011-04-24,16.0,5.98,FOODS
FOODS_3_124,CA_3,2013-05-05,8.0,4.98,FOODS
FOODS_3_124,CA_3,2014-04-20,12.0,5.48,FOODS
FOODS_3_124,CA_4,2011-04-24,2.0,5.98,FOODS
FOODS_3_124,CA_4,2013-05-05,6.0,4.98,FOODS
FOODS_3_124,CA_4,2014-04-20,8.0,5.48,FOODS
FOODS_3_124,TX_1,2011-04-24,7.0,4.98,FOODS
FOODS_3_124,TX_1,2013-05-05,5.0,4.98,FOODS
FOODS_3_124,TX_1,2014-04-20,6.0,5.48,FOODS
FOODS_3_124,TX_2,2011-04-24,12.0,4.98,FOODS
FOODS_3_124,TX_2,2013-05-05,4.0,4.98,FOODS
FOODS_3_124,TX_2,2014-04-20,11.0,5.48,FOODS
FOODS_3_124,TX_3,2011-04-24,10.0,5.48,FOODS
FOODS_3_124,TX_3,2013-05-05,11.0,4.98,FOODS
FOODS_3_124,TX_3,2014-04-20,3.0,5.48,FOODS
FOODS_3_124,WI_1,2013-05-05,3.0,4.98,FOODS
FOODS_3_124,WI_1,2014-04-20,1.0,4.88,FOODS
FOODS_3_124,WI_1,2014-06-15,1.0,4.88,FOODS
FOODS_3_124,WI_2,2014-04-20,1.0,4.88,FOODS
FOODS_3_124,WI_2,2014-06-15,9.0,4.88,FOODS
FOODS_3_124,WI_3,2011-04-24,4.0,5.98,FOODS
FOODS_3_124,WI_3,2013-05-05,5.0,4.98,FOODS
FOODS_3_124,WI_3,2014-04-20,6.0,4.88,FOODS
FOODS_3_124,WI_3,2014-06-15,8.0,4.88,FOODS
FOODS_3_145,CA_1,2013-05-05,1.0,2.78,FOODS
FOODS_3_145,CA_1,2014-04-20,1.0,2.78,FOODS
FOODS_3_145,CA_1,2014-06-15,1.0,2.78,FOODS
FOODS_3_145,CA_4,2013-05-05,1.0,2.78,FOODS
FOODS_3_145,CA_4,2014-06-15,1.0,2.78,FOODS
FOODS_3_145,TX_1,2013-05-05,1.0,2.78,FOODS
FOODS_3_145,TX_2,2011-04-24,1.0,2.46,FOODS
FOODS_3_145,WI_2,2014-04-20,1.0,2.78,FOODS
FOODS_3_145,WI_3,2013-05-05,3.0,2.78,FOODS
FOODS_3_151,CA_1,2011-04-24,5.0,2.68,FOODS
FOODS_3_151,CA_1,2013-05-05,8.0,2.78,FOODS
FOODS_3_151,CA_1,2014-04-20,3.0,2.78,FOODS
FOODS_3_151,CA_1,2014-06-15,2.0,2.78,FOODS
FOODS_3_151,CA_2,2011-04-24,2.0,2.68,FOODS
FOODS_3_151,CA_2,2013-05-05,1.0,2.78,FOODS
FOODS_3_151,CA_2,2014-04-20,1.0,2.78,FOODS
FOODS_3_151,CA_2,2014-06-15,2.0,2.78,FOODS
FOODS_3_151,CA_3,2011-04-24,4.0,2.68,FOODS
FOODS_3_151,CA_3,2013-05-05,11.0,2.78,FOODS
FOODS_3_151,CA_3,2014-04-20,11.0,2.78,FOODS
FOODS_3_151,CA_3,2014-06-15,6.0,2.78,FOODS
FOODS_3_151,CA_4,2011-04-24,3.0,2.68,FOODS
FOODS_3_151,CA_4,2013-05-05,3.0,2.78,FOODS
FOODS_3_151,CA_4,2014-04-20,1.0,2.78,FOODS
FOODS_3_151,CA_4,2014-06-15,1.0,2.78,FOODS
FOODS_3_151,TX_1,2011-04-24,1.0,2.68,FOODS
FOODS_3_151,TX_1,2014-04-20,6.0,2.78,FOODS
FOODS_3_151,TX_1,2014-06-15,5.0,2.78,FOODS
FOODS_3_151,TX_2,2011-04-24,5.0,2.68,FOODS
FOODS_3_151,TX_2,2013-05-05,2.0,2.78,FOODS
FOODS_3_151,TX_2,2014-06-15,2.0,2.78,FOODS
FOODS_3_151,TX_3,2011-04-24,3.0,2.68,FOODS
FOODS_3_151,TX_3,2013-05-05,1.0,2.78,FOODS
FOODS_3_151,TX_3,2014-04-20,11.0,2.78,FOODS
FOODS_3_151,TX_3,2014-06-15,3.0,2.78,FOODS
FOODS_3_151,WI_1,2014-06-15,1.0,2.78,FOODS
FOODS_3_151,WI_3,2014-04-20,2.0,2.78,FOODS
FOODS_3_151,WI_3,2014-06-15,3.0,2.78,FOODS
FOODS_3_163,CA_1,2011-04-24,1.0,2.0,FOODS
FOODS_3_163,CA_1,2013-05-05,4.0,2.0,FOODS
FOODS_3_163,CA_1,2014-04-20,6.0,2.0,FOODS
FOODS_3_163,CA_1,2014-06-15,7.0,2.0,FOODS
FOODS_3_163,CA_2,2014-04-20,3.0,2.0,FOODS
FOODS_3_163,CA_3,2013-05-05,5.0,2.0,FOODS
FOODS_3_163,CA_3,2014-04-20,1.0,2.0,FOODS
FOODS_3_163,CA_3,2014-06-15,1.0,2.0,FOODS
FOODS_3_163,CA_4,2011-04-24,2.0,2.0,FOODS
FOODS_3_163,CA_4,2013-05-05,2.0,2.0,FOODS
FOODS_3_163,CA_4,2014-06-15,2.0,2.0,FOODS
FOODS_3_163,TX_1,2014-06-15,2.0,2.0,FOODS
FOODS_3_163,TX_2,2013-05-05,4.0,2.0,FOODS
FOODS_3_163,TX_2,2014-04-20,3.0,2.0,FOODS
FOODS_3_163,TX_2,2014-06-15,2.0,2.0,FOODS
FOODS_3_163,TX_3,2011-04-24,1.0,2.0,FOODS
FOODS_3_163,WI_1,2013-05-05,2.0,2.0,FOODS
FOODS_3_163,WI_3,2011-04-24,2.0,1.78,FOODS
FOODS_3_163,WI_3,2014-06-15,1.0,2.0,FOODS
FOODS_3_179,CA_1,2014-06-15,1.0,3.98,FOODS
FOODS_3_179,TX_2,2013-05-05,1.0,3.98,FOODS
FOODS_3_179,TX_2,2014-04-20,1.0,3.98,FOODS
FOODS_3_179,TX_3,2014-06-15,1.0,3.98,FOODS
FOODS_3_179,WI_2,2014-06-15,1.0,3.98,FOODS
FOODS_3_179,WI_3,2014-04-20,1.0,3.98,FOODS
FOODS_3_186,CA_1,2013-05-05,5.0,2.28,FOODS
FOODS_3_186,CA_1,2014-04-20,3.0,2.28,FOODS
FOODS_3_186,CA_1,2014-06-15,3.0,2.28,FOODS
FOODS_3_186,CA_2,2013-05-05,4.0,2.28,FOODS
FOODS_3_186,CA_2,2014-04-20,1.0,2.28,FOODS
FOODS_3_186,CA_2,2014-06-15,1.0,2.28,FOODS
FOODS_3_186,CA_3,2013-05-05,2.0,2.28,FOODS
FOODS_3_186,CA_3,2014-04-20,2.0,2.28,FOODS
FOODS_3_186,CA_4,2013-05-05,1.0,2.28,FOODS
FOODS_3_186,CA_4,2014-04-20,3.0,2.28,FOODS
FOODS_3_186,CA_4,2014-06-15,1.0,2.28,FOODS
FOODS_3_186,TX_1,2014-04-20,2.0,2.28,FOODS
FOODS_3_186,TX_2,2014-06-15,1.0,2.28,FOODS
FOODS_3_186,TX_3,2014-04-20,1.0,2.28,FOODS
FOODS_3_186,TX_3,2014-06-15,1.0,2.28,FOODS
FOODS_3_186,WI_1,2013-05-05,2.0,2.28,FOODS
FOODS_3_186,WI_1,2014-04-20,1.0,2.28,FOODS
FOODS_3_186,WI_2,2013-05-05,2.0,2.28,FOODS
FOODS_3_186,WI_3,2014-06-15,2.0,2.28,FOODS
FOODS_3_189,CA_1,2014-06-15,1.0,2.5,FOODS
FOODS_3_189,TX_1,2014-06-15,5.0,2.5,FOODS
FOODS_3_189,TX_2,2014-06-15,1.0,2.5,FOODS
FOODS_3_189,WI_1,2014-04-20,2.0,2.5,FOODS
FOODS_3_189,WI_1,2014-06-15,1.0,2.5,FOODS
FOODS_3_189,WI_2,2014-06-15,2.0,2.5,FOODS
FOODS_3_189,WI_3,2014-04-20,1.0,2.5,FOODS
FOODS_3_190,CA_1,2014-04-20,3.0,1.0,FOODS
FOODS_3_190,CA_1,2014-06-15,5.0,1.0,FOODS
FOODS_3_190,CA_2,2014-04-20,1.0,1.0,FOODS
FOODS_3_190,CA_2,2014-06-15,1.0,1.0,FOODS
FOODS_3_190,CA_3,2014-04-20,4.0,1.0,FOODS
FOODS_3_190,CA_3,2014-06-15,1.0,1.0,FOODS
FOODS_3_190,CA_4,2014-06-15,2.0,1.0,FOODS
FOODS_3_190,TX_1,2014-04-20,1.0,1.0,FOODS
FOODS_3_190,TX_1,2014-06-15,3.0,1.0,FOODS
FOODS_3_190,TX_2,2014-04-20,1.0,1.0,FOODS
FOODS_3_190,TX_2,2014-06-15,1.0,1.0,FOODS
FOODS_3_190,TX_3,2014-06-15,6.0,1.0,FOODS
FOODS_3_190,WI_1,2014-06-15,4.0,1.0,FOODS
FOODS_3_190,WI_2,2014-04-20,3.0,1.0,FOODS
FOODS_3_190,WI_2,2014-06-15,9.0,1.0,FOODS
FOODS_3_190,WI_3,2014-04-20,1.0,1.0,FOODS
FOODS_3_190,WI_3,2014-06-15,2.0,1.0,FOODS
FOODS_3_207,CA_1,2011-04-24,1.0,1.98,FOODS
FOODS_3_207,CA_2,2014-04-20,1.0,1.98,FOODS
FOODS_3_207,CA_3,2011-04-24,2.0,1.98,FOODS
FOODS_3_207,CA_3,2014-06-15,5.0,1.98,FOODS
FOODS_3_207,CA_4,2014-04-20,3.0,1.98,FOODS
FOODS_3_207,TX_2,2011-04-24,2.0,1.78,FOODS
FOODS_3_207,TX_2,2014-06-15,1.0,1.98,FOODS
FOODS_3_207,TX_3,2013-05-05,2.0,1.98,FOODS
FOODS_3_207,WI_1,2011-04-24,3.0,1.98,FOODS
FOODS_3_207,WI_1,2013-05-05,3.0,1.98,FOODS
FOODS_3_207,WI_1,2014-06-15,3.0,1.98,FOODS
FOODS_3_207,WI_2,2011-04-24,1.0,1.98,FOODS
FOODS_3_207,WI_2,2013-05-05,1.0,1.98,FOODS
FOODS_3_207,WI_2,2014-06-15,1.0,1.98,FOODS
FOODS_3_207,WI_3,2011-04-24,3.0,1.98,FOODS
FOODS_3_207,WI_3,2014-06-15,3.0,1.98,FOODS
FOODS_3_217,CA_1,2011-04-24,3.0,2.78,FOODS
FOODS_3_217,CA_1,2013-05-05,5.0,2.98,FOODS
FOODS_3_217,CA_1,2014-04-20,3.0,2.98,FOODS
FOODS_3_217,CA_1,2014-06-15,3.0,2.98,FOODS
FOODS_3_217,CA_2,2011-04-24,2.0,2.78,FOODS
FOODS_3_217,CA_2,2013-05-05,6.0,2.98,FOODS
FOODS_3_217,CA_2,2014-06-15,1.0,2.98,FOODS
FOODS_3_217,CA_3,2011-04-24,10.0,2.78,FOODS
FOODS_3_217,CA_3,2013-05-05,1.0,2.98,FOODS
FOODS_3_217,CA_3,2014-04-20,4.0,2.98,FOODS
FOODS_3_217,CA_3,2014-06-15,1.0,2.98,FOODS
FOODS_3_217,CA_4,2011-04-24,1.0,2.78,FOODS
FOODS_3_217,CA_4,2013-05-05,3.0,2.98,FOODS
FOODS_3_217,CA_4,2014-04-20,2.0,2.98,FOODS
FOODS_3_217,CA_4,2014-06-15,1.0,2.98,FOODS
FOODS_3_217,TX_1,2014-06-15,1.0,2.98,FOODS
FOODS_3_217,TX_2,2011-04-24,2.0,2.78,FOODS
FOODS_3_217,TX_2,2013-05-05,2.0,2.98,FOODS
FOODS_3_217,TX_2,2014-06-15,2.0,2.98,FOODS
FOODS_3_217,TX_3,2011-04-24,3.0,2.78,FOODS
FOODS_3_217,TX_3,2014-04-20,1.0,2.98,FOODS
FOODS_3_217,WI_1,2013-05-05,1.0,2.98,FOODS
FOODS_3_217,WI_1,2014-06-15,4.0,2.98,FOODS
FOODS_3_217,WI_2,2014-04-20,1.0,2.98,FOODS
FOODS_3_217,WI_2,2014-06-15,1.0,2.98,FOODS
FOODS_3_217,WI_3,2011-04-24,2.0,2.5,FOODS
FOODS_3_217,WI_3,2013-05-05,1.0,2.98,FOODS
FOODS_3_219,CA_1,2013-05-05,10.0,1.38,FOODS
FOODS_3_219,CA_1,2014-06-15,2.0,1.38,FOODS
FOODS_3_219,CA_2,2013-05-05,6.0,1.38,FOODS
FOODS_3_219,CA_2,2014-06-15,2.0,1.38,FOODS
FOODS_3_219,CA_3,2013-05-05,13.0,1.38,FOODS
FOODS_3_219,CA_3,2014-04-20,1.0,1.0,FOODS
FOODS_3_219,CA_3,2014-06-15,9.0,1.38,FOODS
FOODS_3_219,CA_4,2014-06-15,11.0,1.38,FOODS
FOODS_3_219,TX_1,2014-06-15,2.0,1.38,FOODS
FOODS_3_219,TX_2,2013-05-05,6.0,1.38,FOODS
FOODS_3_219,TX_2,2014-06-15,1.0,1.38,FOODS
FOODS_3_219,WI_1,2013-05-05,7.0,1.38,FOODS
FOODS_3_219,WI_1,2014-06-15,12.0,1.38,FOODS
FOODS_3_219,WI_2,2013-05-05,5.0,1.38,FOODS
FOODS_3_219,WI_2,2014-06-15,10.0,1.38,FOODS
FOODS_3_219,WI_3,2013-05-05,4.0,1.38,FOODS
FOODS_3_219,WI_3,2014-06-15,18.0,1.38,FOODS
FOODS_3_223,CA_2,2014-04-20,1.0,1.98,FOODS
FOODS_3_223,CA_3,2013-05-05,2.0,1.98,FOODS
FOODS_3_223,CA_3,2014-06-15,1.0,1.98,FOODS
FOODS_3_223,CA_4,2013-05-05,1.0,1.98,FOODS
FOODS_3_223,TX_2,2014-06-15,1.0,1.98,FOODS
FOODS_3_223,TX_3,2013-05-05,1.0,1.98,FOODS
FOODS_3_223,WI_2,2013-05-05,2.0,1.98,FOODS
FOODS_3_223,WI_2,2014-04-20,1.0,1.98,FOODS
FOODS_3_223,WI_2,2014-06-15,2.0,1.98,FOODS
FOODS_3_224,CA_1,2013-05-05,3.0,3.48,FOODS
FOODS_3_224,CA_1,2014-04-20,7.0,3.0,FOODS
FOODS_3_224,CA_1,2014-06-15,4.0,3.98,FOODS
FOODS_3_224,CA_2,2013-05-05,2.0,3.48,FOODS
FOODS_3_224,CA_2,2014-04-20,3.0,3.0,FOODS
FOODS_3_224,CA_2,2014-06-15,1.0,3.98,FOODS
FOODS_3_224,CA_3,2013-05-05,7.0,3.48,FOODS
FOODS_3_224,CA_3,2014-04-20,22.0,3.0,FOODS
FOODS_3_224,CA_3,2014-06-15,4.0,3.98,FOODS
FOODS_3_224,CA_4,2014-04-20,4.0,3.0,FOODS
FOODS_3_224,CA_4,2014-06-15,1.0,3.98,FOODS
FOODS_3_224,TX_1,2013-05-05,3.0,3.98,FOODS
FOODS_3_224,TX_1,2014-04-20,5.0,3.0,FOODS
FOODS_3_224,TX_1,2014-06-15,2.0,3.98,FOODS
FOODS_3_224,TX_2,2013-05-05,1.0,3.98,FOODS
FOODS_3_224,TX_2,2014-04-20,9.0,3.0,FOODS
FOODS_3_224,TX_2,2014-06-15,2.0,3.98,FOODS
FOODS_3_224,TX_3,2013-05-05,3.0,3.98,FOODS
FOODS_3_224,TX_3,2014-04-20,7.0,3.0,FOODS
FOODS_3_224,TX_3,2014-06-15,4.0,3.98,FOODS
FOODS_3_224,WI_1,2013-05-05,3.0,3.98,FOODS
FOODS_3_224,WI_1,2014-04-20,4.0,3.0,FOODS
FOODS_3_224,WI_1,2014-06-15,6.0,3.98,FOODS
FOODS_3_224,WI_2,2013-05-05,3.0,3.98,FOODS
FOODS_3_224,WI_2,2014-04-20,4.0,3.0,FOODS
FOODS_3_224,WI_2,2014-06-15,4.0,3.98,FOODS
FOODS_3_224,WI_3,2013-05-05,1.0,3.98,FOODS
FOODS_3_224,WI_3,2014-04-20,8.0,3.0,FOODS
FOODS_3_233,CA_1,2014-04-20,16.0,2.5,FOODS
FOODS_3_233,CA_2,2014-04-20,14.0,2.5,FOODS
FOODS_3_233,CA_3,2014-04-20,18.0,2.5,FOODS
FOODS_3_233,CA_4,2014-04-20,2.0,2.5,FOODS
FOODS_3_233,TX_1,2014-04-20,4.0,2.5,FOODS
FOODS_3_233,TX_2,2014-04-20,3.0,2.5,FOODS
FOODS_3_233,TX_3,2014-04-20,4.0,2.5,FOODS
FOODS_3_233,WI_1,2014-04-20,1.0,2.5,FOODS
FOODS_3_233,WI_2,2014-04-20,5.0,2.5,FOODS
FOODS_3_233,WI_3,2014-04-20,5.0,2.5,FOODS
FOODS_3_239,CA_1,2011-04-24,2.0,1.68,FOODS
FOODS_3_239,CA_1,2014-04-20,3.0,1.98,FOODS
FOODS_3_239,CA_1,2014-06-15,1.0,1.98,FOODS
FOODS_3_239,CA_2,2011-04-24,2.0,1.68,FOODS
FOODS_3_239,CA_2,2014-06-15,1.0,1.98,FOODS
FOODS_3_239,CA_3,2011-04-24,4.0,1.68,FOODS
FOODS_3_239,CA_3,2013-05-05,1.0,1.98,FOODS
FOODS_3_239,CA_3,2014-04-20,4.0,1.98,FOODS
FOODS_3_239,CA_3,2014-06-15,3.0,1.98,FOODS
FOODS_3_239,CA_4,2014-06-15,1.0,1.98,FOODS
FOODS_3_239,TX_1,2013-05-05,1.0,1.98,FOODS
FOODS_3_239,TX_1,2014-06-15,4.0,1.98,FOODS
FOODS_3_239,TX_2,2013-05-05,1.0,1.98,FOODS
FOODS_3_239,TX_3,2011-04-24,3.0,1.87,FOODS
FOODS_3_239,TX_3,2014-04-20,2.0,1.98,FOODS
FOODS_3_239,WI_2,2014-06-15,2.0,1.98,FOODS
FOODS_3_239,WI_3,2011-04-24,1.0,1.68,FOODS
FOODS_3_239,WI_3,2014-04-20,1.0,1.98,FOODS
FOODS_3_239,WI_3,2014-06-15,1.0,1.98,FOODS
FOODS_3_243,CA_1,2011-04-24,1.0,1.48,FOODS
FOODS_3_243,CA_1,2013-05-05,1.0,1.58,FOODS
FOODS_3_243,CA_1,2014-04-20,1.0,1.58,FOODS
FOODS_3_243,CA_2,2011-04-24,2.0,1.48,FOODS
FOODS_3_243,CA_2,2013-05-05,1.0,1.58,FOODS
FOODS_3_243,CA_3,2013-05-05,1.0,1.58,FOODS
FOODS_3_243,CA_3,2014-04-20,2.0,1.58,FOODS
FOODS_3_243,CA_3,2014-06-15,3.0,1.58,FOODS
FOODS_3_243,TX_2,2011-04-24,1.0,1.48,FOODS
FOODS_3_243,TX_2,2013-05-05,1.0,1.58,FOODS
FOODS_3_243,TX_3,2013-05-05,2.0,1.58,FOODS
FOODS_3_243,TX_3,2014-06-15,1.0,1.58,FOODS
FOODS_3_243,WI_1,2014-04-20,2.0,1.58,FOODS
FOODS_3_243,WI_1,2014-06-15,1.0,1.58,FOODS
FOODS_3_248,CA_1,2011-04-24,2.0,1.98,FOODS
FOODS_3_248,CA_1,2013-05-05,3.0,1.98,FOODS
FOODS_3_248,CA_1,2014-04-20,3.0,1.98,FOODS
FOODS_3_248,CA_1,2014-06-15,2.0,1.98,FOODS
FOODS_3_248,CA_2,2013-05-05,1.0,1.98,FOODS
FOODS_3_248,CA_2,2014-04-20,2.0,1.98,FOODS
FOODS_3_248,CA_2,2014-06-15,3.0,1.98,FOODS
FOODS_3_248,CA_3,2011-04-24,3.0,1.98,FOODS
FOODS_3_248,CA_3,2013-05-05,2.0,1.98,FOODS
FOODS_3_248,CA_3,2014-04-20,5.0,1.98,FOODS
FOODS_3_248,CA_3,2014-06-15,3.0,1.98,FOODS
FOODS_3_248,CA_4,2011-04-24,1.0,1.98,FOODS
FOODS_3_248,CA_4,2013-05-05,2.0,1.98,FOODS
FOODS_3_248,CA_4,2014-04-20,1.0,1.98,FOODS
FOODS_3_248,TX_1,2013-05-05,4.0,1.25,FOODS
FOODS_3_248,TX_1,2014-04-20,1.0,1.98,FOODS
FOODS_3_248,TX_2,2014-04-20,1.0,1.98,FOODS
FOODS_3_248,TX_3,2013-05-05,2.0,1.98,FOODS
FOODS_3_248,TX_3,2014-06-15,1.0,1.98,FOODS
FOODS_3_248,WI_1,2014-04-20,2.0,1.98,FOODS
FOODS_3_248,WI_1,2014-06-15,1.0,1.98,FOODS
FOODS_3_248,WI_2,2013-05-05,1.0,1.98,FOODS
FOODS_3_248,WI_2,2014-04-20,1.0,1.98,FOODS
FOODS_3_248,WI_3,2011-04-24,1.0,1.98,FOODS
FOODS_3_248,WI_3,2014-04-20,1.0,1.98,FOODS
FOODS_3_248,WI_3,2014-06-15,2.0,1.98,FOODS
FOODS_3_252,CA_1,2011-04-24,33.0,1.48,FOODS
FOODS_3_252,CA_1,2013-05-05,46.0,1.48,FOODS
FOODS_3_252,CA_1,2014-04-20,46.0,1.58,FOODS
FOODS_3_252,CA_1,2014-06-15,42.0,1.58,FOODS
FOODS_3_252,CA_2,2011-04-24,23.0,1.48,FOODS
FOODS_3_252,CA_2,2013-05-05,36.0,1.48,FOODS
FOODS_3_252,CA_2,2014-04-20,15.0,1.48,FOODS
FOODS_3_252,CA_2,2014-06-15,33.0,1.58,FOODS
FOODS_3_252,CA_3,2011-04-24,34.0,1.48,FOODS
FOODS_3_252,CA_3,2013-05-05,41.0,1.48,FOODS
FOODS_3_252,CA_3,2014-04-20,84.0,1.58,FOODS
FOODS_3_252,CA_3,2014-06-15,57.0,1.58,FOODS
FOODS_3_252,CA_4,2011-04-24,19.0,1.48,FOODS
FOODS_3_252,CA_4,2013-05-05,10.0,1.48,FOODS
FOODS_3_252,CA_4,2014-06-15,21.0,1.58,FOODS
FOODS_3_252,TX_1,2011-04-24,58.0,1.48,FOODS
FOODS_3_252,TX_1,2013-05-05,35.0,1.48,FOODS
FOODS_3_252,TX_1,2014-04-20,52.0,1.48,FOODS
FOODS_3_252,TX_1,2014-06-15,36.0,1.58,FOODS
FOODS_3_252,TX_2,2011-04-24,66.0,1.48,FOODS
FOODS_3_252,TX_2,2013-05-05,93.0,1.48,FOODS
FOODS_3_252,TX_2,2014-04-20,75.0,1.58,FOODS
FOODS_3_252,TX_2,2014-06-15,91.0,1.58,FOODS
FOODS_3_252,TX_3,2011-04-24,89.0,1.48,FOODS
FOODS_3_252,TX_3,2013-05-05,38.0,1.48,FOODS
FOODS_3_252,TX_3,2014-04-20,54.0,1.58,FOODS
FOODS_3_252,TX_3,2014-06-15,88.0,1.58,FOODS
FOODS_3_252,WI_1,2011-04-24,9.0,1.48,FOODS
FOODS_3_252,WI_1,2013-05-05,13.0,1.48,FOODS
FOODS_3_252,WI_1,2014-06-15,13.0,1.58,FOODS
FOODS_3_252,WI_2,2011-04-24,1.0,1.48,FOODS
FOODS_3_252,WI_2,2013-05-05,9.0,1.48,FOODS
FOODS_3_252,WI_2,2014-04-20,2.0,1.58,FOODS
FOODS_3_252,WI_2,2014-06-15,10.0,1.58,FOODS
FOODS_3_252,WI_3,2011-04-24,18.0,1.48,FOODS
FOODS_3_252,WI_3,2013-05-05,21.0,1.48,FOODS
FOODS_3_252,WI_3,2014-04-20,20.0,1.58,FOODS
FOODS_3_252,WI_3,2014-06-15,16.0,1.58,FOODS
FOODS_3_269,CA_1,2011-04-24,5.0,3.18,FOODS
FOODS_3_269,CA_1,2013-05-05,5.0,2.98,FOODS
FOODS_3_269,CA_1,2014-04-20,5.0,2.98,FOODS
FOODS_3_269,CA_1,2014-06-15,1.0,2.98,FOODS
FOODS_3_269,CA_2,2013-05-05,2.0,2.98,FOODS
FOODS_3_269,CA_2,2014-04-20,3.0,2.98,FOODS
FOODS_3_269,CA_2,2014-06-15,1.0,2.98,FOODS
FOODS_3_269,CA_3,2013-05-05,5.0,2.98,FOODS
FOODS_3_269,CA_3,2014-04-20,12.0,2.98,FOODS
FOODS_3_269,CA_4,2011-04-24,1.0,3.18,FOODS
FOODS_3_269,CA_4,2013-05-05,2.0,2.98,FOODS
FOODS_3_269,CA_4,2014-04-20,1.0,2.98,FOODS
FOODS_3_269,CA_4,2014-06-15,3.0,2.98,FOODS
FOODS_3_269,TX_2,2013-05-05,3.0,2.98,FOODS
FOODS_3_269,TX_2,2014-06-15,1.0,2.98,FOODS
FOODS_3_269,TX_3,2011-04-24,1.0,3.18,FOODS
FOODS_3_269,TX_3,2013-05-05,3.0,2.98,FOODS
FOODS_3_269,TX_3,2014-04-20,6.0,2.98,FOODS
FOODS_3_269,WI_1,2014-04-20,1.0,2.98,FOODS
FOODS_3_269,WI_2,2014-06-15,1.0,2.98,FOODS
FOODS_3_281,CA_1,2013-05-05,10.0,1.18,FOODS
FOODS_3_281,CA_1,2014-04-20,45.0,1.25,FOODS
FOODS_3_281,CA_1,2014-06-15,12.0,1.25,FOODS
FOODS_3_281,CA_2,2013-05-05,6.0,1.18,FOODS
FOODS_3_281,CA_2,2014-04-20,8.0,1.25,FOODS
FOODS_3_281,CA_2,2014-06-15,8.0,1.25,FOODS
FOODS_3_281,CA_3,2013-05-05,28.0,1.18,FOODS
FOODS_3_281,CA_3,2014-04-20,28.0,1.25,FOODS
FOODS_3_281,CA_3,2014-06-15,26.0,1.25,FOODS
FOODS_3_281,CA_4,2013-05-05,7.0,1.18,FOODS
FOODS_3_281,CA_4,2014-04-20,11.0,1.25,FOODS
FOODS_3_281,CA_4,2014-06-15,8.0,1.25,FOODS
FOODS_3_281,TX_1,2014-04-20,5.0,1.25,FOODS
FOODS_3_281,TX_1,2014-06-15,5.0,1.25,FOODS
FOODS_3_281,TX_2,2013-05-05,10.0,1.18,FOODS
FOODS_3_281,TX_2,2014-04-20,16.0,1.25,FOODS
FOODS_3_281,TX_2,2014-06-15,4.0,1.25,FOODS
FOODS_3_281,TX_3,2013-05-05,5.0,1.18,FOODS
FOODS_3_281,TX_3,2014-04-20,3.0,1.25,FOODS
FOODS_3_281,TX_3,2014-06-15,12.0,1.25,FOODS
FOODS_3_281,WI_1,2013-05-05,8.0,1.28,FOODS
FOODS_3_281,WI_1,2014-04-20,4.0,1.25,FOODS
FOODS_3_281,WI_1,2014-06-15,6.0,1.25,FOODS
FOODS_3_281,WI_2,2013-05-05,10.0,1.28,FOODS
FOODS_3_281,WI_2,2014-04-20,14.0,1.25,FOODS
FOODS_3_281,WI_2,2014-06-15,25.0,1.25,FOODS
FOODS_3_281,WI_3,2013-05-05,10.0,1.28,FOODS
FOODS_3_281,WI_3,2014-04-20,25.0,1.25,FOODS
FOODS_3_281,WI_3,2014-06-15,14.0,1.25,FOODS
FOODS_3_285,CA_1,2013-05-05,10.0,1.18,FOODS
FOODS_3_285,CA_1,2014-04-20,3.0,1.25,FOODS
FOODS_3_285,CA_1,2014-06-15,2.0,1.25,FOODS
FOODS_3_285,CA_2,2013-05-05,1.0,1.18,FOODS
FOODS_3_285,CA_2,2014-04-20,6.0,1.25,FOODS
FOODS_3_285,CA_2,2014-06-15,3.0,1.25,FOODS
FOODS_3_285,CA_3,2013-05-05,4.0,1.18,FOODS
FOODS_3_285,CA_3,2014-04-20,5.0,1.25,FOODS
FOODS_3_285,CA_3,2014-06-15,4.0,1.25,FOODS
FOODS_3_285,CA_4,2013-05-05,3.0,1.18,FOODS
FOODS_3_285,CA_4,2014-04-20,12.0,1.25,FOODS
FOODS_3_285,CA_4,2014-06-15,7.0,1.25,FOODS
FOODS_3_285,TX_1,2013-05-05,4.0,1.18,FOODS
FOODS_3_285,TX_1,2014-06-15,1.0,1.25,FOODS
FOODS_3_285,TX_2,2014-04-20,2.0,1.25,FOODS
FOODS_3_285,TX_3,2013-05-05,4.0,1.18,FOODS
FOODS_3_285,WI_1,2013-05-05,4.0,1.28,FOODS
FOODS_3_285,WI_1,2014-04-20,2.0,1.25,FOODS
FOODS_3_285,WI_1,2014-06-15,4.0,1.25,FOODS
FOODS_3_285,WI_2,2014-04-20,3.0,1.25,FOODS
FOODS_3_285,WI_2,2014-06-15,3.0,1.25,FOODS
FOODS_3_285,WI_3,2013-05-05,4.0,1.28,FOODS
FOODS_3_285,WI_3,2014-04-20,6.0,1.25,FOODS
FOODS_3_285,WI_3,2014-06-15,3.0,1.25,FOODS
FOODS_3_288,CA_1,2014-04-20,24.0,1.5,FOODS
FOODS_3_288,CA_3,2014-04-20,86.0,1.5,FOODS
FOODS_3_288,CA_4,2014-04-20,2.0,1.5,FOODS
FOODS_3_288,TX_1,2014-04-20,32.0,1.5,FOODS
FOODS_3_288,TX_2,2014-04-20,14.0,1.5,FOODS
FOODS_3_288,TX_3,2014-04-20,2.0,1.5,FOODS
FOODS_3_288,WI_1,2014-04-20,2.0,1.45,FOODS
FOODS_3_288,WI_1,2014-06-15,18.0,1.45,FOODS
FOODS_3_288,WI_2,2014-04-20,15.0,1.45,FOODS
FOODS_3_288,WI_2,2014-06-15,45.0,1.45,FOODS
FOODS_3_288,WI_3,2014-04-20,12.0,1.45,FOODS
FOODS_3_288,WI_3,2014-06-15,16.0,1.45,FOODS
FOODS_3_293,CA_1,2013-05-05,3.0,1.98,FOODS
FOODS_3_293,CA_1,2014-04-20,1.0,1.98,FOODS
FOODS_3_293,CA_2,2011-04-24,3.0,1.98,FOODS
FOODS_3_293,CA_2,2013-05-05,2.0,1.98,FOODS
FOODS_3_293,CA_3,2011-04-24,1.0,1.98,FOODS
FOODS_3_293,CA_3,2013-05-05,2.0,1.98,FOODS
FOODS_3_293,CA_3,2014-06-15,1.0,1.98,FOODS
FOODS_3_293,CA_4,2013-05-05,1.0,1.98,FOODS
FOODS_3_293,CA_4,2014-06-15,1.0,1.98,FOODS
FOODS_3_293,TX_2,2011-04-24,1.0,1.78,FOODS
FOODS_3_293,WI_1,2014-06-15,1.0,1.98,FOODS
FOODS_3_293,WI_3,2013-05-05,1.0,1.98,FOODS
FOODS_3_298,CA_1,2013-05-05,1.0,18.98,FOODS
FOODS_3_298,CA_1,2014-06-15,4.0,17.88,FOODS
FOODS_3_298,CA_2,2011-04-24,1.0,19.48,FOODS
FOODS_3_298,CA_2,2014-06-15,2.0,17.88,FOODS
FOODS_3_298,CA_3,2011-04-24,2.0,19.48,FOODS
FOODS_3_298,CA_3,2014-06-15,2.0,17.88,FOODS
FOODS_3_298,CA_4,2011-04-24,2.0,19.48,FOODS
FOODS_3_298,CA_4,2013-05-05,1.0,18.98,FOODS
FOODS_3_298,CA_4,2014-06-15,1.0,17.88,FOODS
FOODS_3_298,TX_2,2011-04-24,2.0,19.48,FOODS
FOODS_3_298,TX_2,2013-05-05,1.0,18.98,FOODS
FOODS_3_298,WI_1,2013-05-05,1.0,18.98,FOODS
FOODS_3_299,CA_2,2014-04-20,2.0,1.5,FOODS
FOODS_3_299,CA_3,2014-04-20,9.0,1.5,FOODS
FOODS_3_299,CA_4,2014-04-20,2.0,1.5,FOODS
FOODS_3_299,TX_1,2014-04-20,1.0,1.5,FOODS
FOODS_3_299,TX_3,2014-04-20,4.0,1.5,FOODS
FOODS_3_299,WI_1,2014-04-20,4.0,1.45,FOODS
FOODS_3_299,WI_1,2014-06-15,3.0,1.45,FOODS
FOODS_3_299,WI_2,2014-06-15,3.0,1.45,FOODS
FOODS_3_299,WI_3,2014-04-20,3.0,1.45,FOODS
FOODS_3_299,WI_3,2014-06-15,3.0,1.45,FOODS
FOODS_3_301,CA_1,2013-05-05,1.0,1.98,FOODS
FOODS_3_301,CA_1,2014-04-20,2.0,1.98,FOODS
FOODS_3_301,CA_1,2014-06-15,2.0,1.98,FOODS
FOODS_3_301,CA_2,2011-04-24,13.0,1.98,FOODS
FOODS_3_301,CA_2,2013-05-05,1.0,1.98,FOODS
FOODS_3_301,CA_2,2014-04-20,3.0,1.98,FOODS
FOODS_3_301,CA_2,2014-06-15,1.0,1.98,FOODS
FOODS_3_301,CA_3,2011-04-24,3.0,1.98,FOODS
FOODS_3_301,CA_3,2013-05-05,9.0,1.98,FOODS
FOODS_3_301,CA_3,2014-04-20,6.0,1.98,FOODS
FOODS_3_301,CA_3,2014-06-15,2.0,1.98,FOODS
FOODS_3_301,CA_4,2011-04-24,3.0,1.98,FOODS
FOODS_3_301,CA_4,2013-05-05,1.0,1.98,FOODS
FOODS_3_301,CA_4,2014-06-15,2.0,1.98,FOODS
FOODS_3_301,TX_2,2013-05-05,1.0,1.98,FOODS
FOODS_3_301,TX_2,2014-04-20,3.0,1.98,FOODS
FOODS_3_301,TX_2,2014-06-15,2.0,1.98,FOODS
FOODS_3_301,TX_3,2013-05-05,1.0,1.98,FOODS
FOODS_3_301,TX_3,2014-04-20,2.0,1.98,FOODS
FOODS_3_301,WI_1,2011-04-24,1.0,1.98,FOODS
FOODS_3_301,WI_1,2014-06-15,2.0,1.98,FOODS
FOODS_3_301,WI_2,2013-05-05,1.0,1.98,FOODS
FOODS_3_301,WI_2,2014-04-20,1.0,1.98,FOODS
FOODS_3_301,WI_2,2014-06-15,2.0,1.98,FOODS
FOODS_3_301,WI_3,2014-04-20,1.0,1.98,FOODS
FOODS_3_301,WI_3,2014-06-15,1.0,1.98,FOODS
FOODS_3_307,CA_1,2013-05-05,5.0,3.98,FOODS
FOODS_3_307,CA_1,2014-06-15,10.0,3.98,FOODS
FOODS_3_307,CA_3,2013-05-05,9.0,3.98,FOODS
FOODS_3_307,CA_3,2014-06-15,8.0,3.98,FOODS
FOODS_3_307,CA_4,2013-05-05,7.0,3.98,FOODS
FOODS_3_307,CA_4,2014-06-15,5.0,3.98,FOODS
FOODS_3_307,TX_1,2013-05-05,1.0,3.98,FOODS
FOODS_3_307,TX_1,2014-06-15,3.0,3.98,FOODS
FOODS_3_307,TX_2,2013-05-05,2.0,3.98,FOODS
FOODS_3_307,TX_2,2014-06-15,6.0,3.98,FOODS
FOODS_3_307,TX_3,2013-05-05,1.0,3.98,FOODS
FOODS_3_307,TX_3,2014-06-15,1.0,3.98,FOODS
FOODS_3_307,WI_1,2013-05-05,1.0,3.98,FOODS
FOODS_3_307,WI_1,2014-06-15,2.0,3.98,FOODS
FOODS_3_307,WI_2,2013-05-05,10.0,3.98,FOODS
FOODS_3_307,WI_2,2014-06-15,5.0,3.98,FOODS
FOODS_3_307,WI_3,2013-05-05,3.0,3.98,FOODS
FOODS_3_307,WI_3,2014-06-15,7.0,3.98,FOODS
FOODS_3_330,CA_1,2013-05-05,3.0,3.98,FOODS
FOODS_3_330,CA_1,2014-04-20,4.0,3.98,FOODS
FOODS_3_330,CA_1,2014-06-15,4.0,3.98,FOODS
FOODS_3_330,CA_2,2014-04-20,2.0,3.98,FOODS
FOODS_3_330,CA_2,2014-06-15,3.0,3.98,FOODS
FOODS_3_330,CA_3,2013-05-05,4.0,3.98,FOODS
FOODS_3_330,CA_3,2014-04-20,13.0,3.98,FOODS
FOODS_3_330,CA_3,2014-06-15,4.0,3.98,FOODS
FOODS_3_330,CA_4,2013-05-05,2.0,3.98,FOODS
FOODS_3_330,CA_4,2014-04-20,1.0,3.98,FOODS
FOODS_3_330,CA_4,2014-06-15,2.0,3.98,FOODS
FOODS_3_330,TX_1,2011-04-24,1.0,3.74,FOODS
FOODS_3_330,TX_1,2013-05-05,1.0,3.98,FOODS
FOODS_3_330,TX_1,2014-04-20,1.0,3.98,FOODS
FOODS_3_330,TX_1,2014-06-15,5.0,3.98,FOODS
FOODS_3_330,TX_2,2013-05-05,3.0,3.98,FOODS
FOODS_3_330,TX_2,2014-04-20,2.0,3.98,FOODS
FOODS_3_330,TX_2,2014-06-15,8.0,3.98,FOODS
FOODS_3_330,TX_3,2014-04-20,2.0,3.98,FOODS
FOODS_3_330,TX_3,2014-06-15,1.0,3.98,FOODS
FOODS_3_330,WI_1,2013-05-05,4.0,3.98,FOODS
FOODS_3_330,WI_1,2014-04-20,4.0,3.98,FOODS
FOODS_3_330,WI_1,2014-06-15,2.0,3.98,FOODS
FOODS_3_330,WI_2,2013-05-05,2.0,3.98,FOODS
FOODS_3_330,WI_2,2014-04-20,1.0,3.98,FOODS
FOODS_3_330,WI_2,2014-06-15,1.0,3.98,FOODS
FOODS_3_330,WI_3,2013-05-05,1.0,3.98,FOODS
FOODS_3_343,CA_1,2013-05-05,1.0,3.68,FOODS
FOODS_3_343,CA_3,2014-04-20,1.0,3.68,FOODS
FOODS_3_343,CA_3,2014-06-15,1.0,3.82,FOODS
FOODS_3_343,TX_1,2014-04-20,1.0,3.28,FOODS
FOODS_3_343,WI_1,2014-04-20,1.0,3.28,FOODS
FOODS_3_343,WI_2,2014-06-15,1.0,3.38,FOODS
FOODS_3_343,WI_3,2014-06-15,1.0,3.38,FOODS
FOODS_3_346,CA_1,2011-04-24,4.0,1.98,FOODS
FOODS_3_346,CA_1,2013-05-05,3.0,1.98,FOODS
FOODS_3_346,CA_1,2014-04-20,5.0,1.98,FOODS
FOODS_3_346,CA_1,2014-06-15,4.0,1.98,FOODS
FOODS_3_346,CA_2,2011-04-24,6.0,1.98,FOODS
FOODS_3_346,CA_2,2013-05-05,3.0,1.98,FOODS
FOODS_3_346,CA_2,2014-04-20,3.0,1.98,FOODS
FOODS_3_346,CA_2,2014-06-15,2.0,1.98,FOODS
FOODS_3_346,CA_3,2011-04-24,7.0,1.98,FOODS
FOODS_3_346,CA_3,2013-05-05,6.0,1.98,FOODS
FOODS_3_346,CA_3,2014-04-20,5.0,1.98,FOODS
FOODS_3_346,CA_4,2011-04-24,5.0,1.98,FOODS
FOODS_3_346,CA_4,2013-05-05,1.0,1.98,FOODS
FOODS_3_346,CA_4,2014-04-20,1.0,1.98,FOODS
FOODS_3_346,CA_4,2014-06-15,2.0,1.98,FOODS
FOODS_3_346,TX_1,2011-04-24,3.0,1.98,FOODS
FOODS_3_346,TX_1,2013-05-05,2.0,1.98,FOODS
FOODS_3_346,TX_1,2014-04-20,5.0,1.98,FOODS
FOODS_3_346,TX_1,2014-06-15,5.0,1.98,FOODS
FOODS_3_346,TX_2,2011-04-24,6.0,1.98,FOODS
FOODS_3_346,TX_2,2014-06-15,3.0,1.98,FOODS
FOODS_3_346,TX_3,2011-04-24,3.0,1.98,FOODS
FOODS_3_346,TX_3,2013-05-05,5.0,1.98,FOODS
FOODS_3_346,TX_3,2014-04-20,2.0,1.98,FOODS
FOODS_3_346,TX_3,2014-06-15,8.0,1.98,FOODS
FOODS_3_346,WI_1,2011-04-24,3.0,1.98,FOODS
FOODS_3_346,WI_1,2014-04-20,4.0,1.98,FOODS
FOODS_3_346,WI_2,2011-04-24,1.0,1.98,FOODS
FOODS_3_346,WI_2,2013-05-05,6.0,1.98,FOODS
FOODS_3_346,WI_2,2014-04-20,5.0,1.98,FOODS
FOODS_3_346,WI_2,2014-06-15,4.0,1.98,FOODS
FOODS_3_346,WI_3,2011-04-24,5.0,1.98,FOODS
FOODS_3_346,WI_3,2013-05-05,5.0,1.98,FOODS
FOODS_3_346,WI_3,2014-04-20,2.0,1.98,FOODS
FOODS_3_346,WI_3,2014-06-15,5.0,1.98,FOODS
FOODS_3_349,CA_1,2011-04-24,11.0,1.38,FOODS
FOODS_3_349,CA_1,2013-05-05,10.0,1.58,FOODS
FOODS_3_349,CA_1,2014-04-20,12.0,1.68,FOODS
FOODS_3_349,CA_1,2014-06-15,5.0,1.68,FOODS
FOODS_3_349,CA_2,2011-04-24,4.0,1.38,FOODS
FOODS_3_349,CA_2,2013-05-05,2.0,1.58,FOODS
FOODS_3_349,CA_3,2013-05-05,2.0,1.58,FOODS
FOODS_3_349,CA_3,2014-04-20,8.0,1.68,FOODS
FOODS_3_349,CA_3,2014-06-15,8.0,1.68,FOODS
FOODS_3_349,TX_1,2011-04-24,5.0,1.38,FOODS
FOODS_3_349,TX_1,2014-04-20,5.0,1.68,FOODS
FOODS_3_349,TX_1,2014-06-15,3.0,1.68,FOODS
FOODS_3_349,TX_2,2011-04-24,13.0,1.38,FOODS
FOODS_3_349,TX_2,2013-05-05,1.0,1.58,FOODS
FOODS_3_349,TX_2,2014-04-20,3.0,1.68,FOODS
FOODS_3_349,TX_2,2014-06-15,11.0,1.68,FOODS
FOODS_3_349,TX_3,2013-05-05,6.0,1.58,FOODS
FOODS_3_349,TX_3,2014-04-20,10.0,1.68,FOODS
FOODS_3_349,TX_3,2014-06-15,5.0,1.68,FOODS
FOODS_3_349,WI_2,2011-04-24,1.0,1.48,FOODS
FOODS_3_349,WI_2,2014-06-15,4.0,1.68,FOODS
FOODS_3_349,WI_3,2011-04-24,38.0,1.48,FOODS
FOODS_3_349,WI_3,2014-04-20,17.0,1.68,FOODS
FOODS_3_349,WI_3,2014-06-15,12.0,1.68,FOODS
FOODS_3_350,TX_1,2014-04-20,1.0,3.58,FOODS
FOODS_3_356,CA_1,2013-05-05,1.0,2.98,FOODS
FOODS_3_356,CA_1,2014-04-20,5.0,2.98,FOODS
FOODS_3_356,CA_1,2014-06-15,2.0,2.98,FOODS
FOODS_3_356,CA_2,2013-05-05,1.0,2.98,FOODS
FOODS_3_356,CA_2,2014-06-15,1.0,2.98,FOODS
FOODS_3_356,CA_3,2011-04-24,4.0,3.28,FOODS
FOODS_3_356,CA_3,2013-05-05,2.0,2.98,FOODS
FOODS_3_356,CA_3,2014-06-15,1.0,2.98,FOODS
FOODS_3_356,CA_4,2011-04-24,1.0,3.28,FOODS
FOODS_3_356,CA_4,2014-04-20,4.0,2.98,FOODS
FOODS_3_356,TX_1,2013-05-05,1.0,2.98,FOODS
FOODS_3_356,TX_1,2014-04-20,1.0,2.98,FOODS
FOODS_3_356,TX_1,2014-06-15,1.0,2.98,FOODS
FOODS_3_356,TX_2,2011-04-24,1.0,3.28,FOODS
FOODS_3_356,TX_2,2013-05-05,1.0,2.98,FOODS
FOODS_3_356,TX_2,2014-04-20,2.0,2.98,FOODS
FOODS_3_356,TX_3,2011-04-24,1.0,3.28,FOODS
FOODS_3_356,TX_3,2013-05-05,1.0,2.98,FOODS
FOODS_3_356,TX_3,2014-06-15,1.0,2.98,FOODS
FOODS_3_356,WI_1,2013-05-05,5.0,2.98,FOODS
FOODS_3_356,WI_1,2014-04-20,1.0,2.98,FOODS
FOODS_3_356,WI_1,2014-06-15,2.0,2.98,FOODS
FOODS_3_356,WI_2,2013-05-05,2.0,2.98,FOODS
FOODS_3_356,WI_2,2014-04-20,1.0,2.98,FOODS
FOODS_3_356,WI_3,2014-04-20,2.0,2.98,FOODS
FOODS_3_356,WI_3,2014-06-15,5.0,2.98,FOODS
FOODS_3_358,CA_1,2014-04-20,3.0,2.88,FOODS
FOODS_3_358,CA_1,2014-06-15,1.0,2.88,FOODS
FOODS_3_358,CA_2,2014-04-20,1.0,2.88,FOODS
FOODS_3_358,CA_3,2014-04-20,1.0,2.88,FOODS
FOODS_3_358,CA_3,2014-06-15,1.0,2.88,FOODS
FOODS_3_358,CA_4,2014-06-15,1.0,2.88,FOODS
FOODS_3_358,WI_3,2014-06-15,1.0,2.88,FOODS
FOODS_3_361,CA_1,2013-05-05,1.0,1.98,FOODS
FOODS_3_361,CA_1,2014-04-20,2.0,1.98,FOODS
FOODS_3_361,CA_1,2014-06-15,1.0,1.98,FOODS
FOODS_3_361,CA_3,2013-05-05,2.0,1.98,FOODS
FOODS_3_361,CA_3,2014-04-20,3.0,1.98,FOODS
FOODS_3_361,CA_4,2014-04-20,3.0,1.98,FOODS
FOODS_3_361,TX_1,2013-05-05,2.0,1.98,FOODS
FOODS_3_361,TX_1,2014-04-20,1.0,1.98,FOODS
FOODS_3_361,TX_1,2014-06-15,2.0,1.98,FOODS
FOODS_3_361,TX_2,2014-06-15,2.0,1.98,FOODS
FOODS_3_361,TX_3,2013-05-05,2.0,1.98,FOODS
FOODS_3_361,TX_3,2014-04-20,2.0,1.98,FOODS
FOODS_3_361,TX_3,2014-06-15,4.0,1.98,FOODS
FOODS_3_361,WI_1,2014-06-15,2.0,1.98,FOODS
FOODS_3_361,WI_2,2013-05-05,3.0,1.98,FOODS
FOODS_3_361,WI_3,2013-05-05,1.0,1.98,FOODS
FOODS_3_361,WI_3,2014-04-20,1.0,1.98,FOODS
FOODS_3_365,CA_1,2014-04-20,1.0,4.28,FOODS
FOODS_3_365,CA_1,2014-06-15,3.0,4.28,FOODS
FOODS_3_365,CA_2,2014-04-20,2.0,4.28,FOODS
FOODS_3_365,CA_2,2014-06-15,2.0,4.28,FOODS
FOODS_3_365,CA_3,2014-04-20,1.0,4.28,FOODS
FOODS_3_365,CA_3,2014-06-15,1.0,4.28,FOODS
FOODS_3_365,CA_4,2011-04-24,3.0,3.58,FOODS
FOODS_3_365,CA_4,2013-05-05,1.0,3.88,FOODS
FOODS_3_365,WI_2,2014-06-15,1.0,4.28,FOODS
FOODS_3_365,WI_3,2013-05-05,1.0,3.88,FOODS
FOODS_3_365,WI_3,2014-04-20,1.0,4.28,FOODS
FOODS_3_365,WI_3,2014-06-15,1.0,4.28,FOODS
FOODS_3_367,CA_1,2013-05-05,1.0,2.68,FOODS
FOODS_3_367,CA_2,2014-04-20,6.0,2.68,FOODS
FOODS_3_367,CA_2,2014-06-15,1.0,2.68,FOODS
FOODS_3_367,CA_3,2011-04-24,4.0,2.38,FOODS
FOODS_3_367,CA_3,2013-05-05,4.0,2.68,FOODS
FOODS_3_367,CA_3,2014-04-20,8.0,2.68,FOODS
FOODS_3_367,CA_3,2014-06-15,2.0,2.68,FOODS
FOODS_3_367,CA_4,2011-04-24,1.0,2.38,FOODS
FOODS_3_367,CA_4,2013-05-05,2.0,2.68,FOODS
FOODS_3_367,CA_4,2014-04-20,2.0,2.68,FOODS
FOODS_3_367,CA_4,2014-06-15,1.0,2.68,FOODS
FOODS_3_367,TX_1,2011-04-24,3.0,2.38,FOODS
FOODS_3_367,TX_1,2014-06-15,2.0,2.68,FOODS
FOODS_3_367,TX_2,2013-05-05,3.0,2.68,FOODS
FOODS_3_367,TX_2,2014-04-20,4.0,2.68,FOODS
FOODS_3_367,TX_2,2014-06-15,7.0,2.68,FOODS
FOODS_3_367,TX_3,2011-04-24,3.0,2.38,FOODS
FOODS_3_367,TX_3,2013-05-05,1.0,2.68,FOODS
FOODS_3_367,TX_3,2014-04-20,1.0,2.68,FOODS
FOODS_3_367,WI_1,2013-05-05,1.0,2.68,FOODS
FOODS_3_367,WI_1,2014-04-20,1.0,2.68,FOODS
FOODS_3_367,WI_1,2014-06-15,1.0,2.68,FOODS
FOODS_3_367,WI_2,2014-04-20,1.0,2.68,FOODS
FOODS_3_367,WI_2,2014-06-15,2.0,2.68,FOODS
FOODS_3_367,WI_3,2011-04-24,1.0,2.38,FOODS
FOODS_3_367,WI_3,2013-05-05,1.0,2.68,FOODS
FOODS_3_367,WI_3,2014-04-20,2.0,2.68,FOODS
FOODS_3_367,WI_3,2014-06-15,1.0,2.68,FOODS
FOODS_3_370,CA_3,2014-04-20,7.0,6.48,FOODS
FOODS_3_370,CA_3,2014-06-15,3.0,6.48,FOODS
FOODS_3_370,CA_4,2014-06-15,4.0,6.48,FOODS
FOODS_3_381,CA_1,2013-05-05,4.0,2.98,FOODS
FOODS_3_381,CA_1,2014-04-20,3.0,2.98,FOODS
FOODS_3_381,CA_3,2013-05-05,5.0,2.98,FOODS
FOODS_3_381,CA_3,2014-04-20,5.0,2.98,FOODS
FOODS_3_381,CA_4,2013-05-05,1.0,2.98,FOODS
FOODS_3_381,CA_4,2014-04-20,2.0,2.98,FOODS
FOODS_3_381,TX_1,2013-05-05,6.0,2.98,FOODS
FOODS_3_381,TX_1,2014-04-20,2.0,2.98,FOODS
FOODS_3_381,TX_2,2013-05-05,6.0,2.98,FOODS
FOODS_3_381,TX_2,2014-04-20,1.0,2.98,FOODS
FOODS_3_381,TX_3,2013-05-05,5.0,2.98,FOODS
FOODS_3_381,WI_1,2013-05-05,7.0,2.98,FOODS
FOODS_3_381,WI_1,2014-04-20,6.0,2.98,FOODS
FOODS_3_381,WI_2,2013-05-05,3.0,2.98,FOODS
FOODS_3_381,WI_2,2014-04-20,1.0,2.98,FOODS
FOODS_3_381,WI_3,2013-05-05,3.0,2.98,FOODS
FOODS_3_381,WI_3,2014-04-20,1.0,2.98,FOODS
FOODS_3_385,CA_1,2013-05-05,1.0,2.98,FOODS
FOODS_3_385,CA_1,2014-04-20,1.0,2.98,FOODS
FOODS_3_385,CA_1,2014-06-15,3.0,2.98,FOODS
FOODS_3_385,CA_2,2011-04-24,2.0,2.98,FOODS
FOODS_3_385,CA_2,2013-05-05,2.0,2.98,FOODS
FOODS_3_385,CA_2,2014-04-20,2.0,2.98,FOODS
FOODS_3_385,CA_2,2014-06-15,5.0,2.98,FOODS
FOODS_3_385,CA_3,2011-04-24,6.0,2.98,FOODS
FOODS_3_385,CA_3,2013-05-05,3.0,2.98,FOODS
FOODS_3_385,CA_3,2014-06-15,3.0,2.98,FOODS
FOODS_3_385,CA_4,2011-04-24,2.0,2.98,FOODS
FOODS_3_385,CA_4,2014-04-20,1.0,2.98,FOODS
FOODS_3_385,TX_1,2011-04-24,1.0,2.98,FOODS
FOODS_3_385,TX_1,2013-05-05,2.0,2.98,FOODS
FOODS_3_385,TX_1,2014-06-15,1.0,2.98,FOODS
FOODS_3_385,TX_2,2011-04-24,1.0,2.98,FOODS
FOODS_3_385,TX_2,2013-05-05,1.0,2.98,FOODS
FOODS_3_385,TX_2,2014-04-20,1.0,2.98,FOODS
FOODS_3_385,TX_2,2014-06-15,1.0,2.98,FOODS
FOODS_3_385,TX_3,2011-04-24,1.0,2.98,FOODS
FOODS_3_385,TX_3,2013-05-05,1.0,2.98,FOODS
FOODS_3_385,TX_3,2014-04-20,1.0,2.98,FOODS
FOODS_3_385,TX_3,2014-06-15,1.0,2.98,FOODS
FOODS_3_385,WI_1,2011-04-24,1.0,2.98,FOODS
FOODS_3_385,WI_1,2014-04-20,1.0,2.98,FOODS
FOODS_3_385,WI_1,2014-06-15,1.0,2.98,FOODS
FOODS_3_385,WI_2,2013-05-05,4.0,2.98,FOODS
FOODS_3_385,WI_2,2014-06-15,1.0,2.98,FOODS
FOODS_3_385,WI_3,2011-04-24,2.0,2.98,FOODS
FOODS_3_385,WI_3,2013-05-05,2.0,2.98,FOODS
FOODS_3_385,WI_3,2014-06-15,2.0,2.98,FOODS
FOODS_3_386,CA_1,2013-05-05,4.0,2.5,FOODS
FOODS_3_386,CA_1,2014-04-20,2.0,2.5,FOODS
FOODS_3_386,CA_1,2014-06-15,3.0,2.5,FOODS
FOODS_3_386,CA_2,2013-05-05,3.0,2.5,FOODS
FOODS_3_386,CA_2,2014-06-15,1.0,2.5,FOODS
FOODS_3_386,CA_3,2013-05-05,2.0,2.5,FOODS
FOODS_3_386,CA_3,2014-06-15,1.0,2.5,FOODS
FOODS_3_386,CA_4,2013-05-05,2.0,2.5,FOODS
FOODS_3_386,CA_4,2014-06-15,1.0,2.5,FOODS
FOODS_3_386,TX_1,2013-05-05,1.0,2.5,FOODS
FOODS_3_386,TX_1,2014-04-20,1.0,2.5,FOODS
FOODS_3_386,TX_2,2013-05-05,2.0,2.5,FOODS
FOODS_3_386,WI_1,2013-05-05,2.0,2.5,FOODS
FOODS_3_386,WI_1,2014-04-20,1.0,2.5,FOODS
FOODS_3_386,WI_1,2014-06-15,2.0,2.5,FOODS
FOODS_3_386,WI_2,2013-05-05,6.0,2.5,FOODS
FOODS_3_386,WI_2,2014-06-15,1.0,2.5,FOODS
FOODS_3_386,WI_3,2013-05-05,1.0,2.5,FOODS
FOODS_3_386,WI_3,2014-04-20,2.0,2.5,FOODS
FOODS_3_386,WI_3,2014-06-15,3.0,2.5,FOODS
FOODS_3_395,CA_1,2011-04-24,3.0,3.78,FOODS
FOODS_3_395,CA_1,2013-05-05,1.0,3.98,FOODS
FOODS_3_395,CA_2,2014-04-20,1.0,3.98,FOODS
FOODS_3_395,CA_3,2011-04-24,1.0,3.78,FOODS
FOODS_3_395,CA_3,2013-05-05,3.0,3.98,FOODS
FOODS_3_395,CA_4,2013-05-05,1.0,3.98,FOODS
FOODS_3_395,CA_4,2014-04-20,1.0,3.98,FOODS
FOODS_3_395,CA_4,2014-06-15,1.0,3.98,FOODS
FOODS_3_395,TX_1,2011-04-24,1.0,3.78,FOODS
FOODS_3_395,TX_1,2013-05-05,1.0,3.98,FOODS
FOODS_3_395,TX_1,2014-04-20,1.0,3.98,FOODS
FOODS_3_395,TX_1,2014-06-15,2.0,3.98,FOODS
FOODS_3_395,TX_2,2013-05-05,1.0,3.98,FOODS
FOODS_3_395,TX_3,2011-04-24,2.0,3.78,FOODS
FOODS_3_395,TX_3,2013-05-05,2.0,3.98,FOODS
FOODS_3_395,TX_3,2014-04-20,1.0,3.98,FOODS
FOODS_3_395,WI_1,2011-04-24,1.0,3.78,FOODS
FOODS_3_395,WI_1,2013-05-05,6.0,3.98,FOODS
FOODS_3_395,WI_2,2013-05-05,3.0,3.98,FOODS
FOODS_3_395,WI_2,2014-06-15,2.0,3.98,FOODS
FOODS_3_395,WI_3,2011-04-24,1.0,3.78,FOODS
FOODS_3_395,WI_3,2013-05-05,2.0,3.98,FOODS
FOODS_3_398,CA_1,2011-04-24,4.0,4.88,FOODS
FOODS_3_398,CA_2,2011-04-24,4.0,4.88,FOODS
FOODS_3_398,CA_2,2014-04-20,5.0,5.98,FOODS
FOODS_3_398,CA_2,2014-06-15,1.0,5.98,FOODS
FOODS_3_398,CA_3,2011-04-24,4.0,4.88,FOODS
FOODS_3_398,CA_3,2014-06-15,3.0,5.98,FOODS
FOODS_3_398,CA_4,2011-04-24,1.0,4.88,FOODS
FOODS_3_398,TX_1,2011-04-24,2.0,4.88,FOODS
FOODS_3_398,TX_1,2014-04-20,1.0,5.98,FOODS
FOODS_3_398,TX_2,2011-04-24,3.0,4.88,FOODS
FOODS_3_398,TX_2,2014-06-15,2.0,5.98,FOODS
FOODS_3_398,TX_3,2011-04-24,2.0,4.88,FOODS
FOODS_3_398,TX_3,2014-04-20,1.0,5.98,FOODS
FOODS_3_398,WI_1,2011-04-24,1.0,4.88,FOODS
FOODS_3_398,WI_1,2014-06-15,1.0,5.98,FOODS
FOODS_3_398,WI_2,2011-04-24,1.0,4.88,FOODS
FOODS_3_398,WI_2,2014-06-15,2.0,5.98,FOODS
FOODS_3_411,CA_1,2011-04-24,3.0,2.98,FOODS
FOODS_3_411,CA_1,2013-05-05,2.0,2.98,FOODS
FOODS_3_411,CA_1,2014-04-20,3.0,2.98,FOODS
FOODS_3_411,CA_2,2014-06-15,1.0,2.98,FOODS
FOODS_3_411,CA_3,2011-04-24,4.0,2.98,FOODS
FOODS_3_411,CA_4,2011-04-24,2.0,2.98,FOODS
FOODS_3_411,CA_4,2013-05-05,2.0,2.98,FOODS
FOODS_3_411,CA_4,2014-04-20,2.0,2.98,FOODS
FOODS_3_411,TX_1,2011-04-24,1.0,2.98,FOODS
FOODS_3_411,TX_1,2013-05-05,1.0,2.98,FOODS
FOODS_3_411,TX_1,2014-04-20,1.0,2.98,FOODS
FOODS_3_411,TX_2,2013-05-05,1.0,2.98,FOODS
FOODS_3_411,TX_2,2014-04-20,1.0,2.98,FOODS
FOODS_3_411,TX_2,2014-06-15,5.0,2.98,FOODS
FOODS_3_411,TX_3,2013-05-05,2.0,2.98,FOODS
FOODS_3_411,WI_1,2014-06-15,1.0,2.98,FOODS
FOODS_3_411,WI_2,2013-05-05,1.0,2.98,FOODS
FOODS_3_411,WI_3,2011-04-24,5.0,2.98,FOODS
FOODS_3_413,CA_1,2013-05-05,4.0,1.0,FOODS
FOODS_3_413,CA_1,2014-04-20,3.0,1.0,FOODS
FOODS_3_413,CA_1,2014-06-15,4.0,1.0,FOODS
FOODS_3_413,CA_2,2013-05-05,9.0,1.0,FOODS
FOODS_3_413,CA_2,2014-04-20,1.0,1.0,FOODS
FOODS_3_413,CA_2,2014-06-15,9.0,1.0,FOODS
FOODS_3_413,CA_3,2013-05-05,9.0,1.0,FOODS
FOODS_3_413,CA_3,2014-04-20,8.0,1.0,FOODS
FOODS_3_413,CA_3,2014-06-15,8.0,1.0,FOODS
FOODS_3_413,CA_4,2013-05-05,2.0,1.0,FOODS
FOODS_3_413,CA_4,2014-04-20,2.0,1.0,FOODS
FOODS_3_413,TX_1,2013-05-05,4.0,1.0,FOODS
FOODS_3_413,TX_1,2014-06-15,2.0,1.0,FOODS
FOODS_3_413,TX_2,2013-05-05,4.0,1.0,FOODS
FOODS_3_413,TX_2,2014-04-20,2.0,1.0,FOODS
FOODS_3_413,TX_2,2014-06-15,5.0,1.0,FOODS
FOODS_3_413,TX_3,2013-05-05,2.0,1.0,FOODS
FOODS_3_413,TX_3,2014-04-20,1.0,1.0,FOODS
FOODS_3_413,TX_3,2014-06-15,2.0,1.0,FOODS
FOODS_3_413,WI_1,2013-05-05,10.0,1.0,FOODS
FOODS_3_413,WI_1,2014-04-20,10.0,1.0,FOODS
FOODS_3_413,WI_1,2014-06-15,17.0,1.0,FOODS
FOODS_3_413,WI_2,2013-05-05,5.0,1.0,FOODS
FOODS_3_413,WI_2,2014-04-20,2.0,1.0,FOODS
FOODS_3_413,WI_2,2014-06-15,6.0,1.0,FOODS
FOODS_3_413,WI_3,2014-06-15,4.0,1.0,FOODS
FOODS_3_415,CA_1,2014-04-20,1.0,2.5,FOODS
FOODS_3_415,CA_3,2014-04-20,2.0,2.5,FOODS
FOODS_3_415,TX_2,2014-04-20,2.0,2.5,FOODS
FOODS_3_415,WI_2,2014-04-20,1.0,2.5,FOODS
FOODS_3_420,CA_1,2013-05-05,1.0,8.48,FOODS
FOODS_3_420,CA_1,2014-04-20,1.0,8.48,FOODS
FOODS_3_420,CA_2,2011-04-24,3.0,8.48,FOODS
FOODS_3_420,CA_2,2013-05-05,1.0,8.48,FOODS
FOODS_3_420,CA_2,2014-06-15,2.0,8.48,FOODS
FOODS_3_420,CA_3,2013-05-05,2.0,8.48,FOODS
FOODS_3_420,CA_3,2014-06-15,2.0,8.48,FOODS
FOODS_3_420,TX_1,2013-05-05,1.0,7.98,FOODS
FOODS_3_420,TX_1,2014-06-15,1.0,7.98,FOODS
FOODS_3_420,TX_2,2011-04-24,6.0,7.98,FOODS
FOODS_3_420,TX_2,2014-04-20,1.0,7.98,FOODS
FOODS_3_420,TX_3,2013-05-05,2.0,8.48,FOODS
FOODS_3_420,WI_2,2013-05-05,1.0,8.48,FOODS
FOODS_3_420,WI_3,2011-04-24,5.0,7.88,FOODS
FOODS_3_420,WI_3,2013-05-05,2.0,8.48,FOODS
FOODS_3_420,WI_3,2014-06-15,1.0,8.48,FOODS
FOODS_3_432,CA_1,2013-05-05,5.0,3.48,FOODS
FOODS_3_432,CA_1,2014-04-20,12.0,3.0,FOODS
FOODS_3_432,CA_1,2014-06-15,5.0,3.98,FOODS
FOODS_3_432,CA_2,2013-05-05,3.0,3.48,FOODS
FOODS_3_432,CA_2,2014-04-20,2.0,3.0,FOODS
FOODS_3_432,CA_2,2014-06-15,3.0,3.98,FOODS
FOODS_3_432,CA_3,2013-05-05,2.0,3.48,FOODS
FOODS_3_432,CA_3,2014-04-20,28.0,3.0,FOODS
FOODS_3_432,CA_3,2014-06-15,7.0,3.98,FOODS
FOODS_3_432,CA_4,2014-04-20,5.0,3.0,FOODS
FOODS_3_432,TX_1,2013-05-05,7.0,3.98,FOODS
FOODS_3_432,TX_1,2014-04-20,13.0,3.0,FOODS
FOODS_3_432,TX_1,2014-06-15,3.0,3.98,FOODS
FOODS_3_432,TX_2,2013-05-05,5.0,3.98,FOODS
FOODS_3_432,TX_2,2014-04-20,11.0,3.0,FOODS
FOODS_3_432,TX_2,2014-06-15,4.0,3.98,FOODS
FOODS_3_432,TX_3,2013-05-05,3.0,3.98,FOODS
FOODS_3_432,TX_3,2014-04-20,42.0,3.0,FOODS
FOODS_3_432,TX_3,2014-06-15,4.0,3.98,FOODS
FOODS_3_432,WI_1,2014-04-20,2.0,3.0,FOODS
FOODS_3_432,WI_1,2014-06-15,3.0,3.98,FOODS
FOODS_3_432,WI_2,2013-05-05,2.0,3.98,FOODS
FOODS_3_432,WI_2,2014-04-20,6.0,3.0,FOODS
FOODS_3_432,WI_2,2014-06-15,5.0,3.98,FOODS
FOODS_3_432,WI_3,2013-05-05,3.0,3.98,FOODS
FOODS_3_432,WI_3,2014-04-20,21.0,3.0,FOODS
FOODS_3_432,WI_3,2014-06-15,4.0,3.98,FOODS
FOODS_3_438,CA_1,2013-05-05,2.0,1.0,FOODS
FOODS_3_438,CA_1,2014-04-20,1.0,1.0,FOODS
FOODS_3_438,CA_2,2013-05-05,5.0,1.0,FOODS
FOODS_3_438,CA_2,2014-04-20,1.0,1.0,FOODS
FOODS_3_438,CA_2,2014-06-15,3.0,1.0,FOODS
FOODS_3_438,CA_3,2013-05-05,3.0,1.0,FOODS
FOODS_3_438,CA_3,2014-06-15,5.0,1.0,FOODS
FOODS_3_438,CA_4,2013-05-05,1.0,1.0,FOODS
FOODS_3_438,CA_4,2014-06-15,4.0,1.0,FOODS
FOODS_3_438,TX_1,2013-05-05,2.0,1.0,FOODS
FOODS_3_438,TX_1,2014-06-15,3.0,1.0,FOODS
FOODS_3_438,TX_2,2013-05-05,2.0,1.0,FOODS
FOODS_3_438,TX_2,2014-06-15,1.0,1.0,FOODS
FOODS_3_438,TX_3,2014-06-15,2.0,1.0,FOODS
FOODS_3_438,WI_1,2013-05-05,3.0,1.0,FOODS
FOODS_3_438,WI_1,2014-04-20,3.0,1.0,FOODS
FOODS_3_438,WI_1,2014-06-15,1.0,1.0,FOODS
FOODS_3_438,WI_2,2013-05-05,2.0,1.0,FOODS
FOODS_3_438,WI_2,2014-06-15,3.0,1.0,FOODS
FOODS_3_438,WI_3,2013-05-05,3.0,1.0,FOODS
FOODS_3_438,WI_3,2014-04-20,1.0,1.0,FOODS
FOODS_3_438,WI_3,2014-06-15,8.0,1.0,FOODS
FOODS_3_439,CA_1,2014-06-15,2.0,2.98,FOODS
FOODS_3_439,CA_3,2014-04-20,4.0,2.98,FOODS
FOODS_3_439,CA_3,2014-06-15,5.0,2.98,FOODS
FOODS_3_439,CA_4,2014-06-15,1.0,2.98,FOODS
FOODS_3_439,TX_1,2014-06-15,1.0,2.98,FOODS
FOODS_3_439,TX_2,2014-04-20,3.0,2.98,FOODS
FOODS_3_439,TX_2,2014-06-15,3.0,2.98,FOODS
FOODS_3_439,TX_3,2014-06-15,4.0,2.98,FOODS
FOODS_3_439,WI_1,2014-04-20,1.0,2.98,FOODS
FOODS_3_439,WI_1,2014-06-15,6.0,2.98,FOODS
FOODS_3_439,WI_2,2014-06-15,3.0,2.98,FOODS
FOODS_3_439,WI_3,2014-04-20,1.0,2.98,FOODS
FOODS_3_439,WI_3,2014-06-15,1.0,2.98,FOODS
FOODS_3_447,CA_1,2013-05-05,1.0,1.74,FOODS
FOODS_3_447,CA_2,2013-05-05,3.0,1.74,FOODS
FOODS_3_447,CA_3,2013-05-05,3.0,1.74,FOODS
FOODS_3_447,WI_1,2013-05-05,1.0,1.74,FOODS
FOODS_3_447,WI_2,2013-05-05,2.0,1.74,FOODS
FOODS_3_447,WI_3,2013-05-05,2.0,1.74,FOODS
FOODS_3_452,CA_3,2013-05-05,3.0,4.98,FOODS
FOODS_3_452,CA_3,2014-04-20,1.0,4.98,FOODS
FOODS_3_452,CA_3,2014-06-15,2.0,4.98,FOODS
FOODS_3_452,CA_4,2013-05-05,1.0,4.98,FOODS
FOODS_3_452,TX_2,2013-05-05,1.0,4.98,FOODS
FOODS_3_452,TX_2,2014-06-15,1.0,4.98,FOODS
FOODS_3_452,TX_3,2014-04-20,1.0,4.98,FOODS
FOODS_3_452,WI_1,2011-04-24,1.0,4.98,FOODS
FOODS_3_452,WI_2,2013-05-05,1.0,4.98,FOODS
FOODS_3_452,WI_2,2014-06-15,3.0,4.98,FOODS
FOODS_3_452,WI_3,2014-06-15,1.0,4.98,FOODS
FOODS_3_460,CA_1,2011-04-24,2.0,1.98,FOODS
FOODS_3_460,CA_1,2014-04-20,6.0,1.98,FOODS
FOODS_3_460,CA_1,2014-06-15,5.0,1.98,FOODS
FOODS_3_460,CA_2,2011-04-24,3.0,1.98,FOODS
FOODS_3_460,CA_2,2013-05-05,1.0,1.98,FOODS
FOODS_3_460,CA_2,2014-04-20,3.0,1.98,FOODS
FOODS_3_460,CA_2,2014-06-15,3.0,1.98,FOODS
FOODS_3_460,CA_3,2011-04-24,3.0,1.98,FOODS
FOODS_3_460,CA_3,2013-05-05,4.0,1.98,FOODS
FOODS_3_460,CA_3,2014-04-20,5.0,1.98,FOODS
FOODS_3_460,CA_3,2014-06-15,1.0,1.98,FOODS
FOODS_3_460,CA_4,2013-05-05,1.0,1.98,FOODS
FOODS_3_460,CA_4,2014-04-20,1.0,1.98,FOODS
FOODS_3_460,TX_1,2011-04-24,2.0,1.98,FOODS
FOODS_3_460,TX_1,2013-05-05,1.0,1.98,FOODS
FOODS_3_460,TX_1,2014-04-20,2.0,1.98,FOODS
FOODS_3_460,TX_2,2011-04-24,10.0,1.98,FOODS
FOODS_3_460,TX_2,2013-05-05,1.0,1.98,FOODS
FOODS_3_460,TX_3,2014-04-20,1.0,1.98,FOODS
FOODS_3_460,WI_1,2011-04-24,8.0,1.98,FOODS
FOODS_3_460,WI_1,2013-05-05,8.0,1.98,FOODS
FOODS_3_460,WI_1,2014-04-20,4.0,1.98,FOODS
FOODS_3_460,WI_1,2014-06-15,3.0,1.98,FOODS
FOODS_3_460,WI_2,2011-04-24,4.0,1.98,FOODS
FOODS_3_460,WI_2,2014-06-15,3.0,1.98,FOODS
FOODS_3_460,WI_3,2011-04-24,3.0,1.98,FOODS
FOODS_3_460,WI_3,2013-05-05,6.0,1.98,FOODS
FOODS_3_460,WI_3,2014-06-15,1.0,1.98,FOODS
FOODS_3_465,CA_1,2013-05-05,1.0,1.74,FOODS
FOODS_3_465,CA_4,2013-05-05,2.0,1.74,FOODS
FOODS_3_465,WI_3,2013-05-05,1.0,1.74,FOODS
FOODS_3_483,CA_1,2013-05-05,4.0,2.98,FOODS
FOODS_3_483,CA_1,2014-04-20,5.0,2.98,FOODS
FOODS_3_483,CA_3,2013-05-05,2.0,2.98,FOODS
FOODS_3_483,CA_3,2014-04-20,3.0,2.98,FOODS
FOODS_3_483,CA_4,2013-05-05,2.0,2.98,FOODS
FOODS_3_483,CA_4,2014-04-20,2.0,2.98,FOODS
FOODS_3_483,TX_1,2013-05-05,6.0,2.98,FOODS
FOODS_3_483,TX_1,2014-04-20,1.0,2.98,FOODS
FOODS_3_483,TX_2,2013-05-05,3.0,2.98,FOODS
FOODS_3_483,TX_2,2014-04-20,1.0,2.98,FOODS
FOODS_3_483,TX_3,2013-05-05,3.0,2.98,FOODS
FOODS_3_483,WI_1,2013-05-05,2.0,2.98,FOODS
FOODS_3_483,WI_1,2014-04-20,1.0,2.98,FOODS
FOODS_3_483,WI_2,2013-05-05,4.0,2.98,FOODS
FOODS_3_483,WI_3,2013-05-05,6.0,2.98,FOODS
FOODS_3_483,WI_3,2014-04-20,1.0,2.98,FOODS
FOODS_3_486,TX_1,2013-05-05,3.0,2.88,FOODS
FOODS_3_486,TX_2,2013-05-05,1.0,2.88,FOODS
FOODS_3_486,WI_1,2013-05-05,3.0,2.88,FOODS
FOODS_3_487,WI_1,2013-05-05,3.0,1.58,FOODS
FOODS_3_487,WI_1,2014-04-20,4.0,1.58,FOODS
FOODS_3_487,WI_1,2014-06-15,5.0,1.58,FOODS
FOODS_3_487,WI_2,2011-04-24,5.0,1.48,FOODS
FOODS_3_487,WI_3,2013-05-05,11.0,1.58,FOODS
FOODS_3_487,WI_3,2014-04-20,3.0,1.58,FOODS
FOODS_3_487,WI_3,2014-06-15,4.0,1.58,FOODS
FOODS_3_497,CA_1,2011-04-24,2.0,2.28,FOODS
FOODS_3_497,CA_3,2011-04-24,7.0,2.28,FOODS
FOODS_3_497,CA_3,2014-04-20,1.0,1.98,FOODS
FOODS_3_497,TX_2,2011-04-24,5.0,2.28,FOODS
FOODS_3_497,TX_3,2011-04-24,1.0,2.28,FOODS
FOODS_3_497,WI_3,2011-04-24,3.0,2.28,FOODS
FOODS_3_498,CA_1,2013-05-05,6.0,0.2,FOODS
FOODS_3_498,CA_1,2014-04-20,7.0,0.2,FOODS
FOODS_3_498,CA_1,2014-06-15,3.0,0.2,FOODS
FOODS_3_498,CA_2,2011-04-24,1.0,0.2,FOODS
FOODS_3_498,CA_2,2013-05-05,19.0,0.2,FOODS
FOODS_3_498,CA_2,2014-04-20,2.0,0.2,FOODS
FOODS_3_498,CA_2,2014-06-15,1.0,0.2,FOODS
FOODS_3_498,CA_3,2013-05-05,59.0,0.2,FOODS
FOODS_3_498,CA_3,2014-04-20,3.0,0.2,FOODS
FOODS_3_498,CA_3,2014-06-15,15.0,0.2,FOODS
FOODS_3_498,CA_4,2011-04-24,4.0,0.2,FOODS
FOODS_3_498,CA_4,2014-06-15,1.0,0.2,FOODS
FOODS_3_498,TX_1,2011-04-24,13.0,0.2,FOODS
FOODS_3_498,TX_1,2014-06-15,2.0,0.2,FOODS
FOODS_3_498,TX_2,2011-04-24,3.0,0.2,FOODS
FOODS_3_498,TX_2,2013-05-05,37.0,0.2,FOODS
FOODS_3_498,TX_2,2014-04-20,3.0,0.2,FOODS
FOODS_3_498,TX_2,2014-06-15,4.0,0.2,FOODS
FOODS_3_498,TX_3,2014-04-20,2.0,0.2,FOODS
FOODS_3_498,TX_3,2014-06-15,1.0,0.2,FOODS
FOODS_3_498,WI_1,2011-04-24,4.0,0.2,FOODS
FOODS_3_498,WI_1,2013-05-05,19.0,0.2,FOODS
FOODS_3_498,WI_1,2014-04-20,5.0,0.2,FOODS
FOODS_3_498,WI_1,2014-06-15,12.0,0.2,FOODS
FOODS_3_498,WI_2,2013-05-05,52.0,0.2,FOODS
FOODS_3_498,WI_2,2014-06-15,46.0,0.2,FOODS
FOODS_3_498,WI_3,2011-04-24,8.0,0.2,FOODS
FOODS_3_498,WI_3,2013-05-05,7.0,0.2,FOODS
FOODS_3_498,WI_3,2014-04-20,6.0,0.2,FOODS
FOODS_3_498,WI_3,2014-06-15,56.0,0.2,FOODS
FOODS_3_533,CA_1,2011-04-24,1.0,4.98,FOODS
FOODS_3_533,CA_1,2013-05-05,1.0,4.98,FOODS
FOODS_3_533,CA_1,2014-06-15,5.0,4.98,FOODS
FOODS_3_533,CA_2,2011-04-24,1.0,4.98,FOODS
FOODS_3_533,CA_2,2013-05-05,4.0,4.98,FOODS
FOODS_3_533,CA_2,2014-04-20,1.0,4.98,FOODS
FOODS_3_533,CA_2,2014-06-15,1.0,4.98,FOODS
FOODS_3_533,CA_3,2011-04-24,1.0,4.98,FOODS
FOODS_3_533,CA_3,2013-05-05,3.0,4.98,FOODS
FOODS_3_533,CA_3,2014-04-20,2.0,4.98,FOODS
FOODS_3_533,CA_3,2014-06-15,2.0,4.98,FOODS
FOODS_3_533,CA_4,2011-04-24,1.0,4.98,FOODS
FOODS_3_533,TX_1,2011-04-24,4.0,4.98,FOODS
FOODS_3_533,TX_1,2013-05-05,2.0,4.98,FOODS
FOODS_3_533,TX_1,2014-06-15,2.0,4.98,FOODS
FOODS_3_533,TX_2,2011-04-24,1.0,4.98,FOODS
FOODS_3_533,TX_2,2013-05-05,2.0,4.98,FOODS
FOODS_3_533,TX_2,2014-04-20,3.0,4.98,FOODS
FOODS_3_533,TX_3,2011-04-24,1.0,4.98,FOODS
FOODS_3_533,TX_3,2013-05-05,2.0,4.98,FOODS
FOODS_3_533,WI_1,2011-04-24,2.0,4.98,FOODS
FOODS_3_533,WI_1,2013-05-05,1.0,4.98,FOODS
FOODS_3_533,WI_2,2013-05-05,2.0,4.98,FOODS
FOODS_3_533,WI_2,2014-06-15,3.0,4.98,FOODS
FOODS_3_533,WI_3,2011-04-24,3.0,4.98,FOODS
FOODS_3_533,WI_3,2013-05-05,2.0,4.98,FOODS
FOODS_3_533,WI_3,2014-04-20,1.0,4.98,FOODS
FOODS_3_533,WI_3,2014-06-15,1.0,4.98,FOODS
FOODS_3_544,CA_2,2014-04-20,1.0,2.98,FOODS
FOODS_3_544,CA_2,2014-06-15,1.0,2.98,FOODS
FOODS_3_544,CA_3,2014-04-20,5.0,2.98,FOODS
FOODS_3_544,CA_3,2014-06-15,3.0,2.98,FOODS
FOODS_3_544,CA_4,2014-04-20,1.0,2.98,FOODS
FOODS_3_544,CA_4,2014-06-15,2.0,2.98,FOODS
FOODS_3_544,TX_1,2014-06-15,1.0,2.98,FOODS
FOODS_3_544,TX_2,2014-06-15,3.0,2.98,FOODS
FOODS_3_544,TX_3,2014-06-15,1.0,2.98,FOODS
FOODS_3_544,WI_1,2014-04-20,1.0,2.98,FOODS
FOODS_3_544,WI_1,2014-06-15,3.0,2.98,FOODS
FOODS_3_544,WI_2,2014-04-20,2.0,2.98,FOODS
FOODS_3_544,WI_2,2014-06-15,1.0,2.98,FOODS
FOODS_3_545,CA_1,2014-04-20,2.0,1.0,FOODS
FOODS_3_545,CA_3,2014-04-20,2.0,1.0,FOODS
FOODS_3_545,CA_3,2014-06-15,2.0,1.0,FOODS
FOODS_3_545,TX_1,2014-04-20,2.0,1.0,FOODS
FOODS_3_545,TX_1,2014-06-15,8.0,1.0,FOODS
FOODS_3_545,WI_3,2014-06-15,1.0,1.0,FOODS
FOODS_3_548,WI_1,2013-05-05,1.0,2.58,FOODS
FOODS_3_548,WI_2,2014-06-15,1.0,2.58,FOODS
FOODS_3_548,WI_3,2014-06-15,1.0,2.58,FOODS
FOODS_3_551,CA_1,2014-04-20,2.0,4.68,FOODS
FOODS_3_551,CA_1,2014-06-15,3.0,4.68,FOODS
FOODS_3_551,CA_2,2014-04-20,2.0,4.68,FOODS
FOODS_3_551,CA_3,2013-05-05,5.0,4.68,FOODS
FOODS_3_551,CA_3,2014-04-20,2.0,4.68,FOODS
FOODS_3_551,CA_3,2014-06-15,2.0,4.68,FOODS
FOODS_3_551,CA_4,2014-04-20,3.0,4.68,FOODS
FOODS_3_551,TX_1,2014-04-20,1.0,4.68,FOODS
FOODS_3_551,TX_1,2014-06-15,1.0,4.68,FOODS
FOODS_3_551,TX_2,2013-05-05,3.0,4.68,FOODS
FOODS_3_551,TX_2,2014-04-20,2.0,4.68,FOODS
FOODS_3_551,TX_2,2014-06-15,1.0,4.68,FOODS
FOODS_3_551,TX_3,2013-05-05,1.0,4.68,FOODS
FOODS_3_551,TX_3,2014-06-15,1.0,4.68,FOODS
FOODS_3_551,WI_1,2014-06-15,1.0,4.68,FOODS
FOODS_3_551,WI_2,2013-05-05,4.0,4.68,FOODS
FOODS_3_551,WI_2,2014-04-20,1.0,4.68,FOODS
FOODS_3_559,CA_1,2014-04-20,2.0,2.98,FOODS
FOODS_3_559,CA_1,2014-06-15,1.0,2.98,FOODS
FOODS_3_559,CA_2,2011-04-24,3.0,2.58,FOODS
FOODS_3_559,CA_2,2013-05-05,2.0,2.88,FOODS
FOODS_3_559,CA_3,2011-04-24,1.0,2.58,FOODS
FOODS_3_559,CA_3,2013-05-05,1.0,2.88,FOODS
FOODS_3_559,CA_3,2014-04-20,3.0,2.98,FOODS
FOODS_3_559,CA_3,2014-06-15,1.0,2.98,FOODS
FOODS_3_559,CA_4,2013-05-05,1.0,2.88,FOODS
FOODS_3_559,CA_4,2014-06-15,3.0,2.98,FOODS
FOODS_3_559,TX_1,2011-04-24,1.0,2.58,FOODS
FOODS_3_559,TX_1,2013-05-05,2.0,2.88,FOODS
FOODS_3_559,TX_1,2014-06-15,1.0,2.98,FOODS
FOODS_3_559,TX_2,2011-04-24,2.0,2.58,FOODS
FOODS_3_559,TX_2,2013-05-05,3.0,2.88,FOODS
FOODS_3_559,TX_2,2014-04-20,1.0,2.98,FOODS
FOODS_3_559,TX_3,2013-05-05,1.0,2.88,FOODS
FOODS_3_559,TX_3,2014-04-20,2.0,2.98,FOODS
FOODS_3_559,WI_1,2013-05-05,3.0,2.88,FOODS
FOODS_3_559,WI_1,2014-06-15,2.0,2.98,FOODS
FOODS_3_559,WI_2,2011-04-24,1.0,2.58,FOODS
FOODS_3_559,WI_2,2013-05-05,4.0,2.88,FOODS
FOODS_3_559,WI_2,2014-06-15,5.0,2.98,FOODS
FOODS_3_559,WI_3,2013-05-05,2.0,2.88,FOODS
FOODS_3_559,WI_3,2014-04-20,2.0,2.98,FOODS
FOODS_3_559,WI_3,2014-06-15,3.0,2.98,FOODS
FOODS_3_564,CA_1,2013-05-05,1.0,1.74,FOODS
FOODS_3_564,TX_2,2013-05-05,1.0,1.74,FOODS
FOODS_3_564,WI_1,2013-05-05,1.0,1.74,FOODS
FOODS_3_564,WI_2,2013-05-05,1.0,1.74,FOODS
FOODS_3_569,CA_1,2011-04-24,3.0,4.0,FOODS
FOODS_3_569,CA_1,2014-06-15,5.0,3.98,FOODS
FOODS_3_569,CA_2,2014-04-20,4.0,3.98,FOODS
FOODS_3_569,CA_2,2014-06-15,3.0,3.98,FOODS
FOODS_3_569,CA_3,2011-04-24,3.0,4.0,FOODS
FOODS_3_569,CA_3,2014-04-20,4.0,3.98,FOODS
FOODS_3_569,CA_4,2011-04-24,2.0,4.0,FOODS
FOODS_3_569,CA_4,2014-04-20,1.0,3.98,FOODS
FOODS_3_569,CA_4,2014-06-15,3.0,3.98,FOODS
FOODS_3_569,TX_1,2011-04-24,1.0,4.0,FOODS
FOODS_3_569,TX_1,2014-04-20,2.0,3.98,FOODS
FOODS_3_569,TX_1,2014-06-15,2.0,3.98,FOODS
FOODS_3_569,TX_2,2011-04-24,1.0,4.0,FOODS
FOODS_3_569,TX_2,2014-06-15,3.0,3.98,FOODS
FOODS_3_569,TX_3,2011-04-24,1.0,4.0,FOODS
FOODS_3_569,TX_3,2014-06-15,2.0,3.98,FOODS
FOODS_3_569,WI_1,2014-06-15,1.0,3.98,FOODS
FOODS_3_569,WI_2,2014-06-15,2.0,3.98,FOODS
FOODS_3_569,WI_3,2011-04-24,1.0,4.0,FOODS
FOODS_3_569,WI_3,2014-06-15,1.0,3.98,FOODS
FOODS_3_573,CA_2,2014-04-20,3.0,1.0,FOODS
FOODS_3_573,CA_3,2014-04-20,2.0,1.0,FOODS
FOODS_3_573,TX_1,2014-04-20,3.0,1.0,FOODS
FOODS_3_573,TX_2,2014-04-20,5.0,1.0,FOODS
FOODS_3_573,TX_3,2014-04-20,1.0,1.0,FOODS
FOODS_3_573,WI_1,2013-05-05,6.0,1.0,FOODS
FOODS_3_573,WI_1,2014-04-20,3.0,1.0,FOODS
FOODS_3_573,WI_2,2013-05-05,15.0,1.0,FOODS
FOODS_3_573,WI_2,2014-04-20,1.0,1.0,FOODS
FOODS_3_573,WI_3,2013-05-05,2.0,1.0,FOODS
FOODS_3_573,WI_3,2014-04-20,1.0,1.0,FOODS
FOODS_3_580,CA_1,2013-05-05,3.0,0.2,FOODS
FOODS_3_580,CA_1,2014-04-20,1.0,0.2,FOODS
FOODS_3_580,CA_2,2011-04-24,1.0,0.2,FOODS
FOODS_3_580,CA_2,2013-05-05,2.0,0.2,FOODS
FOODS_3_580,CA_3,2013-05-05,25.0,0.2,FOODS
FOODS_3_580,CA_4,2011-04-24,4.0,0.2,FOODS
FOODS_3_580,CA_4,2013-05-05,4.0,0.2,FOODS
FOODS_3_580,CA_4,2014-04-20,1.0,0.2,FOODS
FOODS_3_580,CA_4,2014-06-15,1.0,0.2,FOODS
FOODS_3_580,TX_1,2011-04-24,13.0,0.2,FOODS
FOODS_3_580,TX_1,2013-05-05,3.0,0.2,FOODS
FOODS_3_580,TX_1,2014-04-20,2.0,0.2,FOODS
FOODS_3_580,TX_1,2014-06-15,2.0,0.2,FOODS
FOODS_3_580,TX_2,2011-04-24,10.0,0.2,FOODS
FOODS_3_580,TX_2,2013-05-05,10.0,0.2,FOODS
FOODS_3_580,TX_2,2014-04-20,3.0,0.2,FOODS
FOODS_3_580,TX_3,2013-05-05,21.0,0.2,FOODS
FOODS_3_580,TX_3,2014-04-20,7.0,0.2,FOODS
FOODS_3_580,TX_3,2014-06-15,2.0,0.2,FOODS
FOODS_3_580,WI_1,2013-05-05,7.0,0.2,FOODS
FOODS_3_580,WI_1,2014-06-15,3.0,0.2,FOODS
FOODS_3_580,WI_2,2013-05-05,38.0,0.2,FOODS
FOODS_3_580,WI_3,2011-04-24,9.0,0.2,FOODS
FOODS_3_580,WI_3,2013-05-05,22.0,0.2,FOODS
FOODS_3_580,WI_3,2014-04-20,21.0,0.2,FOODS
FOODS_3_583,CA_3,2014-04-20,8.0,1.5,FOODS
FOODS_3_583,TX_1,2014-04-20,7.0,1.5,FOODS
FOODS_3_583,TX_2,2014-04-20,10.0,1.5,FOODS
FOODS_3_583,TX_3,2014-04-20,4.0,1.5,FOODS
FOODS_3_583,WI_1,2014-06-15,2.0,1.45,FOODS
FOODS_3_583,WI_2,2014-06-15,4.0,1.45,FOODS
FOODS_3_588,CA_1,2014-04-20,1.0,3.98,FOODS
FOODS_3_588,CA_2,2014-06-15,1.0,3.98,FOODS
FOODS_3_588,CA_3,2014-04-20,1.0,3.98,FOODS
FOODS_3_588,CA_3,2014-06-15,2.0,3.98,FOODS
FOODS_3_588,CA_4,2014-04-20,1.0,3.98,FOODS
FOODS_3_588,CA_4,2014-06-15,1.0,3.98,FOODS
FOODS_3_588,TX_1,2014-04-20,2.0,3.98,FOODS
FOODS_3_588,TX_1,2014-06-15,3.0,3.98,FOODS
FOODS_3_588,TX_2,2014-06-15,3.0,3.98,FOODS
FOODS_3_588,TX_3,2014-04-20,1.0,3.98,FOODS
FOODS_3_588,WI_2,2014-06-15,1.0,3.98,FOODS
FOODS_3_588,WI_3,2014-06-15,1.0,3.98,FOODS
FOODS_3_589,CA_1,2013-05-05,1.0,0.98,FOODS
FOODS_3_589,CA_1,2014-04-20,3.0,1.0,FOODS
FOODS_3_589,CA_1,2014-06-15,3.0,1.0,FOODS
FOODS_3_589,CA_2,2013-05-05,6.0,0.98,FOODS
FOODS_3_589,CA_2,2014-04-20,1.0,1.0,FOODS
FOODS_3_589,CA_3,2013-05-05,1.0,0.98,FOODS
FOODS_3_589,CA_3,2014-04-20,3.0,1.0,FOODS
FOODS_3_589,CA_3,2014-06-15,2.0,1.0,FOODS
FOODS_3_589,CA_4,2013-05-05,16.0,0.98,FOODS
FOODS_3_589,CA_4,2014-06-15,1.0,1.0,FOODS
FOODS_3_589,TX_1,2014-04-20,3.0,1.0,FOODS
FOODS_3_589,TX_1,2014-06-15,5.0,1.0,FOODS
FOODS_3_589,TX_2,2013-05-05,12.0,0.98,FOODS
FOODS_3_589,TX_2,2014-06-15,1.0,1.0,FOODS
FOODS_3_589,TX_3,2013-05-05,3.0,0.98,FOODS
FOODS_3_589,TX_3,2014-04-20,7.0,1.0,FOODS
FOODS_3_589,TX_3,2014-06-15,5.0,1.0,FOODS
FOODS_3_589,WI_1,2013-05-05,14.0,0.98,FOODS
FOODS_3_589,WI_1,2014-04-20,5.0,1.0,FOODS
FOODS_3_589,WI_1,2014-06-15,8.0,1.0,FOODS
FOODS_3_589,WI_2,2013-05-05,9.0,0.98,FOODS
FOODS_3_589,WI_2,2014-04-20,1.0,1.0,FOODS
FOODS_3_589,WI_2,2014-06-15,7.0,1.0,FOODS
FOODS_3_589,WI_3,2013-05-05,20.0,0.98,FOODS
FOODS_3_589,WI_3,2014-04-20,9.0,1.0,FOODS
FOODS_3_589,WI_3,2014-06-15,3.0,1.0,FOODS
FOODS_3_594,CA_1,2013-05-05,4.0,1.0,FOODS
FOODS_3_594,CA_1,2014-04-20,2.0,1.0,FOODS
FOODS_3_594,CA_1,2014-06-15,4.0,1.0,FOODS
FOODS_3_594,CA_2,2011-04-24,3.0,1.0,FOODS
FOODS_3_594,CA_2,2013-05-05,3.0,1.0,FOODS
FOODS_3_594,CA_2,2014-04-20,4.0,1.0,FOODS
FOODS_3_594,CA_2,2014-06-15,1.0,1.0,FOODS
FOODS_3_594,CA_3,2011-04-24,19.0,1.0,FOODS
FOODS_3_594,CA_3,2013-05-05,6.0,1.0,FOODS
FOODS_3_594,CA_3,2014-04-20,12.0,1.0,FOODS
FOODS_3_594,CA_3,2014-06-15,7.0,1.0,FOODS
FOODS_3_594,CA_4,2011-04-24,1.0,1.0,FOODS
FOODS_3_594,TX_1,2011-04-24,8.0,0.94,FOODS
FOODS_3_594,TX_1,2013-05-05,2.0,0.94,FOODS
FOODS_3_594,TX_2,2013-05-05,5.0,0.94,FOODS
FOODS_3_594,TX_2,2014-04-20,8.0,0.94,FOODS
FOODS_3_594,TX_2,2014-06-15,23.0,0.94,FOODS
FOODS_3_594,TX_3,2014-04-20,3.0,1.0,FOODS
FOODS_3_594,TX_3,2014-06-15,3.0,1.0,FOODS
FOODS_3_594,WI_1,2013-05-05,17.0,1.0,FOODS
FOODS_3_594,WI_1,2014-04-20,2.0,0.98,FOODS
FOODS_3_594,WI_1,2014-06-15,16.0,1.0,FOODS
FOODS_3_594,WI_2,2013-05-05,6.0,1.0,FOODS
FOODS_3_594,WI_2,2014-06-15,1.0,1.0,FOODS
FOODS_3_594,WI_3,2011-04-24,1.0,0.97,FOODS
FOODS_3_594,WI_3,2013-05-05,4.0,1.0,FOODS
FOODS_3_594,WI_3,2014-04-20,2.0,0.98,FOODS
FOODS_3_594,WI_3,2014-06-15,10.0,1.0,FOODS
FOODS_3_598,CA_1,2013-05-05,5.0,1.88,FOODS
FOODS_3_598,CA_1,2014-04-20,2.0,1.88,FOODS
FOODS_3_598,CA_2,2013-05-05,3.0,1.88,FOODS
FOODS_3_598,CA_2,2014-06-15,1.0,1.88,FOODS
FOODS_3_598,CA_3,2013-05-05,4.0,1.88,FOODS
FOODS_3_598,CA_3,2014-04-20,5.0,1.88,FOODS
FOODS_3_598,CA_3,2014-06-15,3.0,1.88,FOODS
FOODS_3_598,CA_4,2013-05-05,1.0,1.88,FOODS
FOODS_3_598,CA_4,2014-04-20,2.0,1.88,FOODS
FOODS_3_598,TX_1,2013-05-05,8.0,1.88,FOODS
FOODS_3_598,TX_1,2014-04-20,3.0,1.88,FOODS
FOODS_3_598,TX_1,2014-06-15,2.0,1.88,FOODS
FOODS_3_598,TX_2,2013-05-05,6.0,1.88,FOODS
FOODS_3_598,TX_2,2014-06-15,6.0,1.88,FOODS
FOODS_3_598,TX_3,2013-05-05,4.0,1.88,FOODS
FOODS_3_598,TX_3,2014-04-20,1.0,1.88,FOODS
FOODS_3_598,TX_3,2014-06-15,2.0,1.88,FOODS
FOODS_3_598,WI_1,2013-05-05,2.0,1.88,FOODS
FOODS_3_598,WI_1,2014-04-20,3.0,1.88,FOODS
FOODS_3_598,WI_1,2014-06-15,1.0,1.88,FOODS
FOODS_3_598,WI_2,2013-05-05,9.0,1.88,FOODS
FOODS_3_598,WI_3,2013-05-05,6.0,1.88,FOODS
FOODS_3_612,CA_1,2013-05-05,2.0,3.98,FOODS
FOODS_3_612,CA_1,2014-06-15,3.0,4.38,FOODS
FOODS_3_612,CA_2,2013-05-05,1.0,3.98,FOODS
FOODS_3_612,CA_2,2014-04-20,2.0,4.38,FOODS
FOODS_3_612,CA_3,2013-05-05,1.0,3.98,FOODS
FOODS_3_612,CA_4,2013-05-05,3.0,3.98,FOODS
FOODS_3_612,CA_4,2014-04-20,3.0,4.38,FOODS
FOODS_3_612,CA_4,2014-06-15,1.0,4.38,FOODS
FOODS_3_612,WI_1,2014-06-15,1.0,3.98,FOODS
FOODS_3_612,WI_2,2014-06-15,2.0,3.98,FOODS
FOODS_3_612,WI_3,2013-05-05,1.0,3.98,FOODS
FOODS_3_631,CA_1,2011-04-24,3.0,3.68,FOODS
FOODS_3_631,CA_1,2013-05-05,8.0,3.68,FOODS
FOODS_3_631,CA_1,2014-04-20,1.0,3.78,FOODS
FOODS_3_631,CA_1,2014-06-15,2.0,3.78,FOODS
FOODS_3_631,CA_3,2014-04-20,2.0,3.78,FOODS
FOODS_3_631,CA_3,2014-06-15,2.0,3.78,FOODS
FOODS_3_631,CA_4,2011-04-24,2.0,3.68,FOODS
FOODS_3_631,CA_4,2014-06-15,1.0,3.78,FOODS
FOODS_3_631,TX_1,2011-04-24,1.0,3.28,FOODS
FOODS_3_631,TX_1,2013-05-05,3.0,3.28,FOODS
FOODS_3_631,TX_1,2014-04-20,1.0,3.58,FOODS
FOODS_3_631,TX_2,2011-04-24,2.0,3.28,FOODS
FOODS_3_631,TX_2,2013-05-05,1.0,3.28,FOODS
FOODS_3_631,TX_2,2014-06-15,2.0,3.42,FOODS
FOODS_3_631,WI_1,2013-05-05,1.0,3.28,FOODS
FOODS_3_631,WI_2,2014-06-15,3.0,3.78,FOODS
FOODS_3_631,WI_3,2011-04-24,4.0,3.28,FOODS
FOODS_3_631,WI_3,2013-05-05,1.0,3.28,FOODS
FOODS_3_631,WI_3,2014-06-15,3.0,3.78,FOODS
FOODS_3_636,CA_1,2014-04-20,5.0,3.5,FOODS
FOODS_3_636,CA_1,2014-06-15,8.0,3.5,FOODS
FOODS_3_636,CA_2,2014-04-20,6.0,3.5,FOODS
FOODS_3_636,CA_2,2014-06-15,5.0,3.5,FOODS
FOODS_3_636,CA_3,2014-04-20,13.0,3.5,FOODS
FOODS_3_636,CA_3,2014-06-15,15.0,3.5,FOODS
FOODS_3_636,CA_4,2014-04-20,1.0,3.5,FOODS
FOODS_3_636,CA_4,2014-06-15,1.0,3.5,FOODS
FOODS_3_636,TX_1,2014-04-20,4.0,3.5,FOODS
FOODS_3_636,TX_2,2014-04-20,2.0,3.5,FOODS
FOODS_3_636,TX_2,2014-06-15,2.0,3.5,FOODS
FOODS_3_636,TX_3,2014-06-15,3.0,3.5,FOODS
FOODS_3_636,WI_1,2014-04-20,2.0,3.5,FOODS
FOODS_3_636,WI_2,2014-04-20,5.0,3.5,FOODS
FOODS_3_636,WI_2,2014-06-15,2.0,3.5,FOODS
FOODS_3_636,WI_3,2014-04-20,1.0,3.5,FOODS
FOODS_3_636,WI_3,2014-06-15,4.0,3.5,FOODS
FOODS_3_637,CA_1,2014-04-20,1.0,2.98,FOODS
FOODS_3_637,CA_1,2014-06-15,4.0,2.98,FOODS
FOODS_3_637,CA_2,2014-06-15,2.0,2.98,FOODS
FOODS_3_637,CA_3,2014-04-20,1.0,2.98,FOODS
FOODS_3_637,CA_4,2014-04-20,1.0,2.98,FOODS
FOODS_3_637,CA_4,2014-06-15,1.0,2.98,FOODS
FOODS_3_637,WI_1,2014-06-15,2.0,2.98,FOODS
FOODS_3_637,WI_2,2014-04-20,1.0,2.98,FOODS
FOODS_3_637,WI_2,2014-06-15,2.0,2.98,FOODS
FOODS_3_637,WI_3,2014-06-15,1.0,2.98,FOODS
FOODS_3_638,CA_1,2014-04-20,5.0,1.5,FOODS
FOODS_3_638,CA_2,2014-04-20,3.0,1.5,FOODS
FOODS_3_638,CA_3,2014-04-20,6.0,1.5,FOODS
FOODS_3_638,TX_1,2014-04-20,4.0,1.5,FOODS
FOODS_3_638,TX_2,2014-04-20,1.0,1.5,FOODS
FOODS_3_638,TX_3,2014-04-20,2.0,1.5,FOODS
FOODS_3_638,WI_1,2014-04-20,6.0,1.45,FOODS
FOODS_3_638,WI_2,2014-04-20,2.0,1.45,FOODS
FOODS_3_638,WI_2,2014-06-15,3.0,1.45,FOODS
FOODS_3_638,WI_3,2014-04-20,3.0,1.45,FOODS
FOODS_3_638,WI_3,2014-06-15,6.0,1.45,FOODS
FOODS_3_643,CA_1,2013-05-05,3.0,1.74,FOODS
FOODS_3_643,CA_2,2013-05-05,1.0,1.74,FOODS
FOODS_3_643,CA_3,2013-05-05,1.0,1.74,FOODS
FOODS_3_643,CA_4,2013-05-05,1.0,1.74,FOODS
FOODS_3_643,TX_2,2013-05-05,11.0,1.74,FOODS
FOODS_3_643,TX_3,2013-05-05,4.0,1.74,FOODS
FOODS_3_643,WI_3,2013-05-05,2.0,1.74,FOODS
FOODS_3_644,CA_1,2013-05-05,8.0,1.58,FOODS
FOODS_3_644,CA_1,2014-04-20,1.0,1.68,FOODS
FOODS_3_644,CA_1,2014-06-15,3.0,1.68,FOODS
FOODS_3_644,CA_2,2011-04-24,1.0,1.98,FOODS
FOODS_3_644,CA_2,2014-04-20,2.0,1.68,FOODS
FOODS_3_644,CA_2,2014-06-15,1.0,1.68,FOODS
FOODS_3_644,CA_3,2011-04-24,2.0,1.98,FOODS
FOODS_3_644,CA_3,2013-05-05,4.0,1.58,FOODS
FOODS_3_644,CA_3,2014-06-15,1.0,1.68,FOODS
FOODS_3_644,CA_4,2014-06-15,2.0,1.68,FOODS
FOODS_3_644,TX_2,2014-04-20,2.0,1.68,FOODS
FOODS_3_644,TX_2,2014-06-15,4.0,1.68,FOODS
FOODS_3_644,TX_3,2014-04-20,13.0,1.68,FOODS
FOODS_3_644,TX_3,2014-06-15,2.0,1.68,FOODS
FOODS_3_644,WI_1,2013-05-05,3.0,1.58,FOODS
FOODS_3_644,WI_1,2014-04-20,6.0,1.68,FOODS
FOODS_3_644,WI_1,2014-06-15,5.0,1.68,FOODS
FOODS_3_644,WI_3,2011-04-24,1.0,1.98,FOODS
FOODS_3_644,WI_3,2013-05-05,2.0,1.58,FOODS
FOODS_3_644,WI_3,2014-04-20,7.0,1.68,FOODS
FOODS_3_644,WI_3,2014-06-15,7.0,1.68,FOODS
FOODS_3_645,CA_1,2013-05-05,2.0,2.38,FOODS
FOODS_3_645,CA_1,2014-06-15,2.0,2.5,FOODS
FOODS_3_645,CA_2,2014-06-15,1.0,2.5,FOODS
FOODS_3_645,CA_3,2013-05-05,2.0,2.38,FOODS
FOODS_3_645,CA_3,2014-04-20,2.0,2.5,FOODS
FOODS_3_645,CA_3,2014-06-15,1.0,2.5,FOODS
FOODS_3_645,TX_1,2013-05-05,1.0,2.38,FOODS
FOODS_3_645,TX_1,2014-04-20,1.0,2.5,FOODS
FOODS_3_645,TX_2,2014-04-20,1.0,2.5,FOODS
FOODS_3_645,WI_1,2013-05-05,1.0,2.38,FOODS
FOODS_3_645,WI_2,2014-06-15,3.0,2.5,FOODS
FOODS_3_645,WI_3,2013-05-05,2.0,2.38,FOODS
FOODS_3_645,WI_3,2014-04-20,1.0,2.5,FOODS
FOODS_3_653,CA_1,2014-04-20,1.0,3.98,FOODS
FOODS_3_653,CA_1,2014-06-15,3.0,3.98,FOODS
FOODS_3_653,CA_2,2014-04-20,3.0,3.98,FOODS
FOODS_3_653,CA_2,2014-06-15,2.0,3.98,FOODS
FOODS_3_653,CA_4,2014-06-15,5.0,3.98,FOODS
FOODS_3_653,TX_1,2014-04-20,1.0,3.98,FOODS
FOODS_3_653,TX_1,2014-06-15,3.0,3.98,FOODS
FOODS_3_653,TX_2,2013-05-05,1.0,3.98,FOODS
FOODS_3_653,WI_1,2014-04-20,3.0,3.98,FOODS
FOODS_3_653,WI_1,2014-06-15,6.0,3.98,FOODS
FOODS_3_653,WI_2,2014-04-20,2.0,3.98,FOODS
FOODS_3_653,WI_2,2014-06-15,2.0,3.98,FOODS
FOODS_3_653,WI_3,2013-05-05,5.0,3.98,FOODS
FOODS_3_653,WI_3,2014-04-20,1.0,3.98,FOODS
FOODS_3_653,WI_3,2014-06-15,1.0,3.98,FOODS
FOODS_3_657,CA_1,2013-05-05,1.0,3.33,FOODS
FOODS_3_657,CA_1,2014-04-20,9.0,3.0,FOODS
FOODS_3_657,CA_2,2013-05-05,1.0,3.33,FOODS
FOODS_3_657,CA_2,2014-04-20,1.0,3.0,FOODS
FOODS_3_657,CA_3,2013-05-05,5.0,3.33,FOODS
FOODS_3_657,CA_3,2014-04-20,3.0,3.0,FOODS
FOODS_3_657,TX_1,2011-04-24,6.0,2.98,FOODS
FOODS_3_657,TX_1,2014-04-20,1.0,3.0,FOODS
FOODS_3_657,TX_2,2011-04-24,10.0,2.98,FOODS
FOODS_3_657,TX_2,2013-05-05,7.0,3.33,FOODS
FOODS_3_657,TX_2,2014-04-20,5.0,3.0,FOODS
FOODS_3_657,TX_3,2011-04-24,6.0,2.98,FOODS
FOODS_3_657,TX_3,2013-05-05,1.0,3.33,FOODS
FOODS_3_657,TX_3,2014-04-20,6.0,3.0,FOODS
FOODS_3_657,WI_1,2013-05-05,1.0,3.33,FOODS
FOODS_3_657,WI_1,2014-04-20,2.0,3.0,FOODS
FOODS_3_657,WI_2,2011-04-24,2.0,2.98,FOODS
FOODS_3_657,WI_2,2014-04-20,1.0,3.0,FOODS
FOODS_3_657,WI_3,2011-04-24,5.0,2.98,FOODS
FOODS_3_657,WI_3,2014-04-20,4.0,3.0,FOODS
FOODS_3_660,CA_1,2011-04-24,1.0,1.38,FOODS
FOODS_3_660,CA_1,2013-05-05,3.0,1.48,FOODS
FOODS_3_660,CA_1,2014-04-20,1.0,1.48,FOODS
FOODS_3_660,CA_1,2014-06-15,10.0,1.48,FOODS
FOODS_3_660,CA_2,2011-04-24,10.0,1.38,FOODS
FOODS_3_660,CA_2,2013-05-05,4.0,1.48,FOODS
FOODS_3_660,CA_3,2014-04-20,2.0,1.48,FOODS
FOODS_3_660,CA_3,2014-06-15,9.0,1.48,FOODS
FOODS_3_660,CA_4,2011-04-24,1.0,1.38,FOODS
FOODS_3_660,CA_4,2014-04-20,2.0,1.48,FOODS
FOODS_3_660,CA_4,2014-06-15,5.0,1.48,FOODS
FOODS_3_660,TX_1,2011-04-24,1.0,1.38,FOODS
FOODS_3_660,TX_1,2013-05-05,3.0,1.48,FOODS
FOODS_3_660,TX_1,2014-04-20,6.0,1.48,FOODS
FOODS_3_660,TX_1,2014-06-15,1.0,1.48,FOODS
FOODS_3_660,TX_2,2011-04-24,3.0,1.38,FOODS
FOODS_3_660,TX_2,2013-05-05,1.0,1.48,FOODS
FOODS_3_660,TX_2,2014-04-20,1.0,1.48,FOODS
FOODS_3_660,TX_2,2014-06-15,4.0,1.48,FOODS
FOODS_3_660,TX_3,2011-04-24,3.0,1.38,FOODS
FOODS_3_660,TX_3,2014-04-20,8.0,1.48,FOODS
FOODS_3_660,TX_3,2014-06-15,13.0,1.48,FOODS
FOODS_3_660,WI_1,2014-04-20,1.0,1.48,FOODS
FOODS_3_660,WI_1,2014-06-15,1.0,1.48,FOODS
FOODS_3_660,WI_2,2013-05-05,1.0,1.48,FOODS
FOODS_3_660,WI_2,2014-04-20,4.0,1.48,FOODS
FOODS_3_660,WI_2,2014-06-15,9.0,1.48,FOODS
FOODS_3_660,WI_3,2011-04-24,3.0,1.38,FOODS
FOODS_3_660,WI_3,2013-05-05,1.0,1.48,FOODS
FOODS_3_660,WI_3,2014-04-20,3.0,1.48,FOODS
FOODS_3_660,WI_3,2014-06-15,6.0,1.48,FOODS
FOODS_3_663,TX_2,2013-05-05,12.0,1.74,FOODS
FOODS_3_663,WI_1,2013-05-05,3.0,1.74,FOODS
FOODS_3_663,WI_3,2013-05-05,3.0,1.74,FOODS
FOODS_3_684,CA_1,2014-04-20,1.0,1.88,FOODS
FOODS_3_684,CA_1,2014-06-15,3.0,1.88,FOODS
FOODS_3_684,CA_2,2014-04-20,7.0,1.88,FOODS
FOODS_3_684,CA_2,2014-06-15,1.0,1.88,FOODS
FOODS_3_684,CA_3,2013-05-05,2.0,1.88,FOODS
FOODS_3_684,CA_4,2013-05-05,4.0,1.88,FOODS
FOODS_3_684,CA_4,2014-06-15,1.0,1.88,FOODS
FOODS_3_684,TX_1,2013-05-05,2.0,1.88,FOODS
FOODS_3_684,TX_3,2014-06-15,1.0,1.88,FOODS
FOODS_3_684,WI_1,2013-05-05,5.0,1.88,FOODS
FOODS_3_684,WI_1,2014-04-20,2.0,1.88,FOODS
FOODS_3_684,WI_1,2014-06-15,5.0,1.88,FOODS
FOODS_3_684,WI_2,2013-05-05,1.0,1.88,FOODS
FOODS_3_684,WI_2,2014-04-20,2.0,1.88,FOODS
FOODS_3_684,WI_2,2014-06-15,2.0,1.88,FOODS
FOODS_3_692,CA_1,2013-05-05,10.0,0.8,FOODS
FOODS_3_692,CA_1,2014-06-15,7.0,0.8,FOODS
FOODS_3_692,CA_2,2013-05-05,3.0,0.8,FOODS
FOODS_3_692,CA_2,2014-06-15,2.0,0.8,FOODS
FOODS_3_692,CA_3,2013-05-05,13.0,0.8,FOODS
FOODS_3_692,CA_3,2014-04-20,3.0,0.8,FOODS
FOODS_3_692,CA_3,2014-06-15,8.0,0.8,FOODS
FOODS_3_692,CA_4,2014-04-20,3.0,0.8,FOODS
FOODS_3_692,CA_4,2014-06-15,4.0,0.8,FOODS
FOODS_3_692,TX_1,2013-05-05,3.0,0.8,FOODS
FOODS_3_692,TX_2,2013-05-05,3.0,0.8,FOODS
FOODS_3_692,TX_3,2013-05-05,1.0,0.8,FOODS
FOODS_3_692,TX_3,2014-04-20,2.0,0.8,FOODS
FOODS_3_692,WI_1,2014-04-20,2.0,0.8,FOODS
FOODS_3_692,WI_1,2014-06-15,14.0,0.8,FOODS
FOODS_3_692,WI_2,2013-05-05,2.0,0.8,FOODS
FOODS_3_692,WI_2,2014-06-15,4.0,0.8,FOODS
FOODS_3_692,WI_3,2013-05-05,5.0,0.8,FOODS
FOODS_3_692,WI_3,2014-04-20,2.0,0.8,FOODS
FOODS_3_692,WI_3,2014-06-15,1.0,0.8,FOODS
FOODS_3_694,CA_1,2011-04-24,24.0,1.48,FOODS
FOODS_3_694,CA_1,2013-05-05,17.0,1.58,FOODS
FOODS_3_694,CA_1,2014-04-20,24.0,1.68,FOODS
FOODS_3_694,CA_1,2014-06-15,19.0,1.68,FOODS
FOODS_3_694,CA_2,2011-04-24,18.0,1.48,FOODS
FOODS_3_694,CA_2,2013-05-05,9.0,1.58,FOODS
FOODS_3_694,CA_2,2014-04-20,14.0,1.68,FOODS
FOODS_3_694,CA_2,2014-06-15,5.0,1.68,FOODS
FOODS_3_694,CA_3,2011-04-24,14.0,1.48,FOODS
FOODS_3_694,CA_3,2013-05-05,24.0,1.58,FOODS
FOODS_3_694,CA_3,2014-04-20,27.0,1.68,FOODS
FOODS_3_694,CA_3,2014-06-15,26.0,1.68,FOODS
FOODS_3_694,CA_4,2011-04-24,1.0,1.48,FOODS
FOODS_3_694,CA_4,2013-05-05,7.0,1.58,FOODS
FOODS_3_694,CA_4,2014-04-20,9.0,1.68,FOODS
FOODS_3_694,CA_4,2014-06-15,12.0,1.68,FOODS
FOODS_3_694,TX_1,2011-04-24,25.0,1.48,FOODS
FOODS_3_694,TX_1,2013-05-05,27.0,1.58,FOODS
FOODS_3_694,TX_1,2014-04-20,17.0,1.68,FOODS
FOODS_3_694,TX_1,2014-06-15,21.0,1.68,FOODS
FOODS_3_694,TX_2,2011-04-24,21.0,1.48,FOODS
FOODS_3_694,TX_2,2013-05-05,17.0,1.58,FOODS
FOODS_3_694,TX_2,2014-04-20,16.0,1.68,FOODS
FOODS_3_694,TX_2,2014-06-15,26.0,1.68,FOODS
FOODS_3_694,TX_3,2011-04-24,20.0,1.48,FOODS
FOODS_3_694,TX_3,2013-05-05,21.0,1.58,FOODS
FOODS_3_694,TX_3,2014-04-20,19.0,1.68,FOODS
FOODS_3_694,TX_3,2014-06-15,13.0,1.68,FOODS
FOODS_3_694,WI_1,2011-04-24,26.0,1.48,FOODS
FOODS_3_694,WI_1,2013-05-05,33.0,1.58,FOODS
FOODS_3_694,WI_1,2014-04-20,31.0,1.68,FOODS
FOODS_3_694,WI_1,2014-06-15,29.0,1.68,FOODS
FOODS_3_694,WI_2,2011-04-24,25.0,1.48,FOODS
FOODS_3_694,WI_2,2013-05-05,41.0,1.58,FOODS
FOODS_3_694,WI_2,2014-04-20,30.0,1.68,FOODS
FOODS_3_694,WI_2,2014-06-15,31.0,1.68,FOODS
FOODS_3_694,WI_3,2011-04-24,41.0,1.48,FOODS
FOODS_3_694,WI_3,2013-05-05,43.0,1.58,FOODS
FOODS_3_694,WI_3,2014-04-20,35.0,1.68,FOODS
FOODS_3_694,WI_3,2014-06-15,40.0,1.68,FOODS
FOODS_3_697,CA_1,2011-04-24,2.0,3.58,FOODS
FOODS_3_697,CA_1,2013-05-05,7.0,2.98,FOODS
FOODS_3_697,CA_1,2014-06-15,8.0,3.0,FOODS
FOODS_3_697,CA_2,2013-05-05,9.0,2.98,FOODS
FOODS_3_697,CA_2,2014-06-15,5.0,3.0,FOODS
FOODS_3_697,CA_3,2011-04-24,14.0,3.58,FOODS
FOODS_3_697,CA_3,2013-05-05,11.0,2.98,FOODS
FOODS_3_697,CA_3,2014-04-20,21.0,3.0,FOODS
FOODS_3_697,CA_3,2014-06-15,9.0,3.0,FOODS
FOODS_3_697,CA_4,2011-04-24,1.0,3.58,FOODS
FOODS_3_697,CA_4,2013-05-05,4.0,2.98,FOODS
FOODS_3_697,CA_4,2014-04-20,7.0,3.0,FOODS
FOODS_3_697,CA_4,2014-06-15,4.0,3.0,FOODS
FOODS_3_697,TX_1,2011-04-24,4.0,3.58,FOODS
FOODS_3_697,TX_1,2013-05-05,7.0,2.98,FOODS
FOODS_3_697,TX_1,2014-04-20,10.0,3.0,FOODS
FOODS_3_697,TX_1,2014-06-15,6.0,3.0,FOODS
FOODS_3_697,TX_2,2011-04-24,7.0,3.58,FOODS
FOODS_3_697,TX_2,2013-05-05,15.0,2.98,FOODS
FOODS_3_697,TX_2,2014-04-20,8.0,3.0,FOODS
FOODS_3_697,TX_2,2014-06-15,9.0,3.0,FOODS
FOODS_3_697,TX_3,2011-04-24,1.0,3.58,FOODS
FOODS_3_697,TX_3,2013-05-05,4.0,2.98,FOODS
FOODS_3_697,TX_3,2014-04-20,4.0,3.0,FOODS
FOODS_3_697,TX_3,2014-06-15,1.0,3.0,FOODS
FOODS_3_697,WI_1,2011-04-24,1.0,3.68,FOODS
FOODS_3_697,WI_1,2013-05-05,3.0,2.98,FOODS
FOODS_3_697,WI_1,2014-04-20,4.0,3.0,FOODS
FOODS_3_697,WI_1,2014-06-15,3.0,3.0,FOODS
FOODS_3_697,WI_2,2013-05-05,4.0,2.98,FOODS
FOODS_3_697,WI_2,2014-04-20,3.0,3.0,FOODS
FOODS_3_697,WI_2,2014-06-15,1.0,3.0,FOODS
FOODS_3_697,WI_3,2014-04-20,4.0,3.0,FOODS
FOODS_3_706,CA_1,2014-04-20,1.0,1.98,FOODS
FOODS_3_706,CA_3,2014-04-20,3.0,1.98,FOODS
FOODS_3_706,CA_3,2014-06-15,4.0,1.98,FOODS
FOODS_3_706,CA_4,2014-04-20,5.0,1.98,FOODS
FOODS_3_706,TX_2,2014-04-20,3.0,1.98,FOODS
FOODS_3_706,TX_2,2014-06-15,2.0,1.98,FOODS
FOODS_3_706,TX_3,2014-04-20,3.0,1.98,FOODS
FOODS_3_706,TX_3,2014-06-15,3.0,1.98,FOODS
FOODS_3_706,WI_1,2014-06-15,1.0,1.98,FOODS
FOODS_3_706,WI_3,2014-06-15,1.0,1.98,FOODS
FOODS_3_709,CA_2,2014-04-20,1.0,2.18,FOODS
FOODS_3_709,CA_2,2014-06-15,2.0,2.18,FOODS
FOODS_3_709,CA_3,2014-04-20,1.0,2.18,FOODS
FOODS_3_709,CA_3,2014-06-15,3.0,2.18,FOODS
FOODS_3_709,TX_2,2014-06-15,1.0,2.18,FOODS
FOODS_3_709,TX_3,2014-06-15,1.0,2.18,FOODS
FOODS_3_709,WI_1,2014-04-20,2.0,2.18,FOODS
FOODS_3_709,WI_2,2014-06-15,1.0,2.18,FOODS
FOODS_3_710,CA_1,2014-04-20,1.0,2.98,FOODS
FOODS_3_710,CA_2,2014-04-20,1.0,2.98,FOODS
FOODS_3_710,CA_4,2014-04-20,2.0,2.98,FOODS
FOODS_3_710,TX_1,2014-06-15,1.0,2.98,FOODS
FOODS_3_710,TX_3,2014-06-15,1.0,2.98,FOODS
FOODS_3_710,WI_2,2014-04-20,1.0,2.98,FOODS
FOODS_3_713,CA_2,2014-04-20,1.0,3.48,FOODS
FOODS_3_716,CA_1,2013-05-05,12.0,1.28,FOODS
FOODS_3_716,CA_1,2014-04-20,7.0,1.28,FOODS
FOODS_3_716,CA_3,2014-06-15,1.0,1.28,FOODS
FOODS_3_716,CA_4,2011-04-24,2.0,1.34,FOODS
FOODS_3_716,CA_4,2014-04-20,1.0,1.28,FOODS
FOODS_3_716,TX_1,2011-04-24,1.0,1.34,FOODS
FOODS_3_716,TX_2,2014-04-20,1.0,1.34,FOODS
FOODS_3_716,TX_3,2013-05-05,1.0,1.34,FOODS
FOODS_3_716,WI_1,2013-05-05,6.0,1.34,FOODS
FOODS_3_716,WI_1,2014-04-20,2.0,1.34,FOODS
FOODS_3_716,WI_1,2014-06-15,3.0,1.48,FOODS
FOODS_3_716,WI_2,2011-04-24,1.0,1.34,FOODS
FOODS_3_716,WI_2,2014-06-15,2.0,1.48,FOODS
FOODS_3_716,WI_3,2013-05-05,3.0,1.34,FOODS
FOODS_3_716,WI_3,2014-04-20,1.0,1.34,FOODS
FOODS_3_723,CA_1,2013-05-05,14.0,1.38,FOODS
FOODS_3_723,CA_1,2014-04-20,16.0,1.44,FOODS
FOODS_3_723,CA_1,2014-06-15,21.0,1.44,FOODS
FOODS_3_723,CA_2,2013-05-05,10.0,1.38,FOODS
FOODS_3_723,CA_2,2014-06-15,14.0,1.44,FOODS
FOODS_3_723,CA_3,2013-05-05,34.0,1.38,FOODS
FOODS_3_723,CA_3,2014-04-20,40.0,1.44,FOODS
FOODS_3_723,CA_3,2014-06-15,44.0,1.44,FOODS
FOODS_3_723,CA_4,2013-05-05,12.0,1.38,FOODS
FOODS_3_723,CA_4,2014-04-20,19.0,1.44,FOODS
FOODS_3_723,CA_4,2014-06-15,9.0,1.44,FOODS
FOODS_3_723,TX_1,2013-05-05,14.0,1.38,FOODS
FOODS_3_723,TX_1,2014-04-20,33.0,1.44,FOODS
FOODS_3_723,TX_1,2014-06-15,23.0,1.44,FOODS
FOODS_3_723,TX_2,2013-05-05,23.0,1.38,FOODS
FOODS_3_723,TX_2,2014-04-20,52.0,1.44,FOODS
FOODS_3_723,TX_2,2014-06-15,3.0,1.44,FOODS
FOODS_3_723,TX_3,2013-05-05,20.0,1.38,FOODS
FOODS_3_723,TX_3,2014-04-20,28.0,1.44,FOODS
FOODS_3_723,TX_3,2014-06-15,17.0,1.44,FOODS
FOODS_3_723,WI_1,2013-05-05,1.0,1.38,FOODS
FOODS_3_723,WI_1,2014-04-20,8.0,1.44,FOODS
FOODS_3_723,WI_1,2014-06-15,12.0,1.44,FOODS
FOODS_3_723,WI_2,2013-05-05,32.0,1.38,FOODS
FOODS_3_723,WI_2,2014-04-20,23.0,1.44,FOODS
FOODS_3_723,WI_2,2014-06-15,23.0,1.44,FOODS
FOODS_3_723,WI_3,2013-05-05,26.0,1.38,FOODS
FOODS_3_723,WI_3,2014-04-20,36.0,1.44,FOODS
FOODS_3_723,WI_3,2014-06-15,47.0,1.44,FOODS
FOODS_3_724,CA_2,2014-04-20,2.0,6.48,FOODS
FOODS_3_724,CA_3,2013-05-05,1.0,6.48,FOODS
FOODS_3_724,CA_3,2014-04-20,3.0,6.48,FOODS
FOODS_3_724,WI_1,2013-05-05,2.0,6.48,FOODS
FOODS_3_724,WI_3,2014-06-15,1.0,6.48,FOODS
FOODS_3_730,CA_1,2011-04-24,2.0,3.98,FOODS
FOODS_3_730,CA_1,2013-05-05,2.0,4.98,FOODS
FOODS_3_730,CA_1,2014-04-20,1.0,4.98,FOODS
FOODS_3_730,CA_1,2014-06-15,1.0,4.98,FOODS
FOODS_3_730,CA_2,2011-04-24,2.0,3.98,FOODS
FOODS_3_730,CA_2,2013-05-05,1.0,4.98,FOODS
FOODS_3_730,CA_2,2014-06-15,1.0,4.98,FOODS
FOODS_3_730,CA_3,2011-04-24,1.0,3.98,FOODS
FOODS_3_730,CA_3,2013-05-05,2.0,4.98,FOODS
FOODS_3_730,CA_3,2014-04-20,2.0,4.98,FOODS
FOODS_3_730,CA_3,2014-06-15,2.0,4.98,FOODS
FOODS_3_730,CA_4,2011-04-24,2.0,3.98,FOODS
FOODS_3_730,CA_4,2013-05-05,1.0,4.98,FOODS
FOODS_3_730,CA_4,2014-04-20,2.0,4.98,FOODS
FOODS_3_730,CA_4,2014-06-15,1.0,4.98,FOODS
FOODS_3_730,TX_2,2011-04-24,1.0,3.98,FOODS
FOODS_3_730,TX_2,2013-05-05,2.0,4.98,FOODS
FOODS_3_730,TX_2,2014-04-20,1.0,4.98,FOODS
FOODS_3_730,TX_2,2014-06-15,1.0,4.98,FOODS
FOODS_3_730,TX_3,2014-06-15,1.0,4.98,FOODS
FOODS_3_730,WI_1,2011-04-24,1.0,3.98,FOODS
FOODS_3_730,WI_1,2013-05-05,3.0,4.98,FOODS
FOODS_3_730,WI_1,2014-04-20,2.0,4.98,FOODS
FOODS_3_730,WI_1,2014-06-15,4.0,4.98,FOODS
FOODS_3_730,WI_2,2013-05-05,3.0,4.98,FOODS
FOODS_3_730,WI_2,2014-04-20,3.0,4.98,FOODS
FOODS_3_730,WI_2,2014-06-15,5.0,4.98,FOODS
FOODS_3_730,WI_3,2011-04-24,2.0,3.98,FOODS
FOODS_3_730,WI_3,2013-05-05,2.0,4.98,FOODS
FOODS_3_730,WI_3,2014-06-15,2.0,4.98,FOODS
FOODS_3_744,CA_1,2011-04-24,12.0,1.98,FOODS
FOODS_3_744,CA_1,2013-05-05,22.0,1.98,FOODS
FOODS_3_744,CA_1,2014-04-20,16.0,1.98,FOODS
FOODS_3_744,CA_1,2014-06-15,14.0,1.98,FOODS
FOODS_3_744,CA_2,2013-05-05,11.0,1.98,FOODS
FOODS_3_744,CA_2,2014-04-20,15.0,1.98,FOODS
FOODS_3_744,CA_2,2014-06-15,17.0,1.98,FOODS
FOODS_3_744,CA_3,2013-05-05,29.0,1.98,FOODS
FOODS_3_744,CA_3,2014-04-20,18.0,1.98,FOODS
FOODS_3_744,CA_3,2014-06-15,14.0,1.98,FOODS
FOODS_3_744,CA_4,2011-04-24,5.0,1.98,FOODS
FOODS_3_744,CA_4,2013-05-05,5.0,1.98,FOODS
FOODS_3_744,CA_4,2014-04-20,6.0,1.98,FOODS
FOODS_3_744,CA_4,2014-06-15,5.0,1.98,FOODS
FOODS_3_744,TX_1,2011-04-24,2.0,1.98,FOODS
FOODS_3_744,TX_1,2013-05-05,14.0,1.98,FOODS
FOODS_3_744,TX_1,2014-04-20,6.0,1.98,FOODS
FOODS_3_744,TX_1,2014-06-15,13.0,1.98,FOODS
FOODS_3_744,TX_2,2011-04-24,17.0,1.98,FOODS
FOODS_3_744,TX_2,2013-05-05,3.0,1.98,FOODS
FOODS_3_744,TX_2,2014-04-20,2.0,1.98,FOODS
FOODS_3_744,TX_2,2014-06-15,6.0,1.98,FOODS
FOODS_3_744,TX_3,2011-04-24,2.0,1.98,FOODS
FOODS_3_744,TX_3,2013-05-05,13.0,1.98,FOODS
FOODS_3_744,TX_3,2014-04-20,15.0,1.98,FOODS
FOODS_3_744,TX_3,2014-06-15,19.0,1.98,FOODS
FOODS_3_744,WI_1,2013-05-05,11.0,1.98,FOODS
FOODS_3_744,WI_1,2014-04-20,4.0,1.98,FOODS
FOODS_3_744,WI_1,2014-06-15,14.0,1.98,FOODS
FOODS_3_744,WI_2,2013-05-05,6.0,1.98,FOODS
FOODS_3_744,WI_2,2014-04-20,2.0,1.98,FOODS
FOODS_3_744,WI_2,2014-06-15,11.0,1.98,FOODS
FOODS_3_744,WI_3,2011-04-24,3.0,1.98,FOODS
FOODS_3_744,WI_3,2013-05-05,7.0,1.98,FOODS
FOODS_3_744,WI_3,2014-04-20,2.0,1.98,FOODS
FOODS_3_744,WI_3,2014-06-15,9.0,1.98,FOODS
FOODS_3_768,CA_1,2014-06-15,4.0,1.98,FOODS
FOODS_3_768,CA_2,2014-06-15,2.0,1.98,FOODS
FOODS_3_768,CA_3,2014-06-15,7.0,1.98,FOODS
FOODS_3_768,TX_1,2014-06-15,1.0,1.98,FOODS
FOODS_3_768,TX_2,2014-06-15,3.0,1.98,FOODS
FOODS_3_768,WI_1,2014-06-15,2.0,1.78,FOODS
FOODS_3_768,WI_2,2014-06-15,5.0,1.78,FOODS
FOODS_3_768,WI_3,2014-06-15,1.0,1.78,FOODS
FOODS_3_770,CA_1,2013-05-05,1.0,3.98,FOODS
FOODS_3_770,CA_2,2013-05-05,1.0,3.98,FOODS
FOODS_3_770,CA_2,2014-04-20,6.0,3.98,FOODS
FOODS_3_770,CA_3,2013-05-05,1.0,3.98,FOODS
FOODS_3_770,CA_3,2014-04-20,2.0,3.98,FOODS
FOODS_3_770,CA_3,2014-06-15,2.0,3.98,FOODS
FOODS_3_770,CA_4,2013-05-05,3.0,3.98,FOODS
FOODS_3_770,TX_1,2013-05-05,2.0,0.99,FOODS
FOODS_3_770,TX_1,2014-04-20,1.0,3.98,FOODS
FOODS_3_770,TX_1,2014-06-15,3.0,3.98,FOODS
FOODS_3_770,TX_2,2013-05-05,5.0,3.98,FOODS
FOODS_3_770,TX_2,2014-06-15,3.0,3.98,FOODS
FOODS_3_770,TX_3,2014-04-20,1.0,3.98,FOODS
FOODS_3_770,TX_3,2014-06-15,1.0,3.98,FOODS
FOODS_3_770,WI_1,2014-04-20,1.0,3.98,FOODS
FOODS_3_770,WI_1,2014-06-15,2.0,3.98,FOODS
FOODS_3_770,WI_2,2014-06-15,1.0,3.98,FOODS
FOODS_3_770,WI_3,2013-05-05,5.0,3.98,FOODS
FOODS_3_770,WI_3,2014-04-20,1.0,3.98,FOODS
FOODS_3_770,WI_3,2014-06-15,1.0,3.98,FOODS
FOODS_3_783,CA_1,2011-04-24,5.0,5.98,FOODS
FOODS_3_783,CA_1,2013-05-05,7.0,4.98,FOODS
FOODS_3_783,CA_1,2014-04-20,9.0,5.48,FOODS
FOODS_3_783,CA_2,2011-04-24,2.0,5.98,FOODS
FOODS_3_783,CA_2,2013-05-05,1.0,4.98,FOODS
FOODS_3_783,CA_2,2014-04-20,11.0,5.48,FOODS
FOODS_3_783,CA_3,2013-05-05,6.0,4.98,FOODS
FOODS_3_783,CA_3,2014-04-20,13.0,5.48,FOODS
FOODS_3_783,CA_3,2014-06-15,1.0,4.98,FOODS
FOODS_3_783,CA_4,2011-04-24,4.0,5.98,FOODS
FOODS_3_783,CA_4,2013-05-05,7.0,4.98,FOODS
FOODS_3_783,CA_4,2014-04-20,6.0,5.48,FOODS
FOODS_3_783,TX_1,2011-04-24,4.0,4.98,FOODS
FOODS_3_783,TX_1,2013-05-05,12.0,4.98,FOODS
FOODS_3_783,TX_1,2014-04-20,9.0,5.48,FOODS
FOODS_3_783,TX_2,2011-04-24,14.0,4.98,FOODS
FOODS_3_783,TX_2,2013-05-05,7.0,4.98,FOODS
FOODS_3_783,TX_2,2014-04-20,8.0,5.48,FOODS
FOODS_3_783,TX_3,2013-05-05,11.0,4.98,FOODS
FOODS_3_783,TX_3,2014-04-20,1.0,5.48,FOODS
FOODS_3_783,WI_1,2011-04-24,2.0,5.98,FOODS
FOODS_3_783,WI_1,2013-05-05,3.0,4.98,FOODS
FOODS_3_783,WI_1,2014-06-15,1.0,4.88,FOODS
FOODS_3_783,WI_2,2011-04-24,1.0,5.98,FOODS
FOODS_3_783,WI_2,2013-05-05,1.0,4.98,FOODS
FOODS_3_783,WI_2,2014-06-15,9.0,4.88,FOODS
FOODS_3_783,WI_3,2011-04-24,3.0,5.98,FOODS
FOODS_3_783,WI_3,2013-05-05,6.0,4.98,FOODS
FOODS_3_783,WI_3,2014-04-20,13.0,4.88,FOODS
FOODS_3_783,WI_3,2014-06-15,10.0,4.88,FOODS
FOODS_3_785,CA_1,2011-04-24,34.0,3.28,FOODS
FOODS_3_785,CA_1,2013-05-05,12.0,2.98,FOODS
FOODS_3_785,CA_1,2014-04-20,21.0,3.0,FOODS
FOODS_3_785,CA_1,2014-06-15,27.0,3.0,FOODS
FOODS_3_785,CA_2,2011-04-24,4.0,3.28,FOODS
FOODS_3_785,CA_2,2013-05-05,8.0,2.98,FOODS
FOODS_3_785,CA_2,2014-06-15,3.0,3.0,FOODS
FOODS_3_785,CA_3,2011-04-24,17.0,3.28,FOODS
FOODS_3_785,CA_3,2013-05-05,10.0,2.98,FOODS
FOODS_3_785,CA_3,2014-04-20,14.0,3.0,FOODS
FOODS_3_785,CA_3,2014-06-15,38.0,3.0,FOODS
FOODS_3_785,CA_4,2013-05-05,2.0,2.98,FOODS
FOODS_3_785,CA_4,2014-04-20,2.0,3.0,FOODS
FOODS_3_785,CA_4,2014-06-15,9.0,3.0,FOODS
FOODS_3_785,TX_1,2011-04-24,5.0,3.34,FOODS
FOODS_3_785,TX_1,2013-05-05,10.0,2.98,FOODS
FOODS_3_785,TX_1,2014-04-20,6.0,3.0,FOODS
FOODS_3_785,TX_1,2014-06-15,6.0,3.0,FOODS
FOODS_3_785,TX_2,2011-04-24,9.0,3.34,FOODS
FOODS_3_785,TX_2,2013-05-05,7.0,2.98,FOODS
FOODS_3_785,TX_2,2014-04-20,8.0,3.0,FOODS
FOODS_3_785,TX_3,2011-04-24,4.0,3.34,FOODS
FOODS_3_785,TX_3,2013-05-05,4.0,2.98,FOODS
FOODS_3_785,TX_3,2014-04-20,8.0,3.0,FOODS
FOODS_3_785,TX_3,2014-06-15,8.0,3.0,FOODS
FOODS_3_785,WI_1,2013-05-05,8.0,2.98,FOODS
FOODS_3_785,WI_1,2014-04-20,21.0,3.0,FOODS
FOODS_3_785,WI_2,2013-05-05,2.0,2.98,FOODS
FOODS_3_785,WI_2,2014-04-20,1.0,3.0,FOODS
FOODS_3_785,WI_2,2014-06-15,2.0,3.0,FOODS
FOODS_3_785,WI_3,2013-05-05,12.0,2.98,FOODS
FOODS_3_785,WI_3,2014-04-20,6.0,3.0,FOODS
FOODS_3_785,WI_3,2014-06-15,6.0,3.0,FOODS
FOODS_3_787,CA_1,2014-04-20,9.0,1.98,FOODS
FOODS_3_787,CA_1,2014-06-15,2.0,1.98,FOODS
FOODS_3_787,CA_2,2014-04-20,12.0,1.98,FOODS
FOODS_3_787,CA_2,2014-06-15,7.0,1.98,FOODS
FOODS_3_787,CA_3,2014-04-20,12.0,1.98,FOODS
FOODS_3_787,CA_3,2014-06-15,11.0,1.98,FOODS
FOODS_3_787,CA_4,2014-06-15,9.0,1.98,FOODS
FOODS_3_787,TX_1,2014-04-20,8.0,1.98,FOODS
FOODS_3_787,TX_1,2014-06-15,7.0,1.98,FOODS
FOODS_3_787,TX_2,2014-06-15,12.0,1.98,FOODS
FOODS_3_787,TX_3,2014-04-20,10.0,1.98,FOODS
FOODS_3_787,TX_3,2014-06-15,9.0,1.98,FOODS
FOODS_3_787,WI_1,2014-04-20,1.0,1.94,FOODS
FOODS_3_787,WI_1,2014-06-15,5.0,1.94,FOODS
FOODS_3_787,WI_2,2014-04-20,2.0,1.94,FOODS
FOODS_3_787,WI_2,2014-06-15,2.0,1.94,FOODS
FOODS_3_787,WI_3,2014-04-20,13.0,1.94,FOODS
FOODS_3_787,WI_3,2014-06-15,9.0,1.94,FOODS
FOODS_3_789,CA_1,2014-04-20,16.0,1.5,FOODS
FOODS_3_789,CA_2,2014-04-20,1.0,1.5,FOODS
FOODS_3_789,CA_3,2014-04-20,15.0,1.5,FOODS
FOODS_3_789,CA_4,2014-04-20,9.0,1.5,FOODS
FOODS_3_789,TX_1,2014-04-20,24.0,1.5,FOODS
FOODS_3_789,TX_2,2014-04-20,9.0,1.5,FOODS
FOODS_3_789,TX_3,2014-04-20,1.0,1.5,FOODS
FOODS_3_789,WI_1,2014-04-20,2.0,1.45,FOODS
FOODS_3_789,WI_1,2014-06-15,12.0,1.45,FOODS
FOODS_3_789,WI_3,2014-04-20,3.0,1.45,FOODS
FOODS_3_789,WI_3,2014-06-15,4.0,1.45,FOODS
FOODS_3_793,CA_1,2011-04-24,3.0,2.98,FOODS
FOODS_3_793,CA_1,2013-05-05,2.0,2.98,FOODS
FOODS_3_793,CA_1,2014-04-20,3.0,2.98,FOODS
FOODS_3_793,CA_1,2014-06-15,1.0,2.98,FOODS
FOODS_3_793,CA_2,2011-04-24,1.0,2.98,FOODS
FOODS_3_793,CA_2,2013-05-05,4.0,2.98,FOODS
FOODS_3_793,CA_2,2014-04-20,3.0,2.98,FOODS
FOODS_3_793,CA_2,2014-06-15,3.0,2.98,FOODS
FOODS_3_793,CA_3,2011-04-24,3.0,2.98,FOODS
FOODS_3_793,CA_3,2013-05-05,9.0,2.98,FOODS
FOODS_3_793,CA_3,2014-04-20,3.0,2.98,FOODS
FOODS_3_793,CA_3,2014-06-15,5.0,2.98,FOODS
FOODS_3_793,CA_4,2013-05-05,1.0,2.98,FOODS
FOODS_3_793,TX_1,2011-04-24,1.0,2.98,FOODS
FOODS_3_793,TX_1,2013-05-05,3.0,2.98,FOODS
FOODS_3_793,TX_2,2011-04-24,1.0,2.98,FOODS
FOODS_3_793,TX_2,2013-05-05,3.0,2.98,FOODS
FOODS_3_793,TX_2,2014-04-20,1.0,2.98,FOODS
FOODS_3_793,TX_2,2014-06-15,1.0,2.98,FOODS
FOODS_3_793,WI_1,2013-05-05,3.0,2.98,FOODS
FOODS_3_793,WI_1,2014-06-15,1.0,2.98,FOODS
FOODS_3_793,WI_2,2011-04-24,1.0,2.98,FOODS
FOODS_3_793,WI_2,2013-05-05,1.0,2.98,FOODS
FOODS_3_793,WI_2,2014-06-15,5.0,2.98,FOODS
FOODS_3_793,WI_3,2011-04-24,1.0,2.98,FOODS
FOODS_3_793,WI_3,2013-05-05,1.0,2.98,FOODS
FOODS_3_793,WI_3,2014-04-20,1.0,2.98,FOODS
FOODS_3_793,WI_3,2014-06-15,2.0,2.98,FOODS
FOODS_3_795,CA_1,2014-06-15,8.0,2.98,FOODS
FOODS_3_795,CA_2,2014-04-20,2.0,2.98,FOODS
FOODS_3_795,CA_3,2014-04-20,6.0,2.98,FOODS
FOODS_3_795,CA_3,2014-06-15,5.0,2.98,FOODS
FOODS_3_795,CA_4,2014-06-15,1.0,2.98,FOODS
FOODS_3_795,TX_1,2014-04-20,3.0,2.98,FOODS
FOODS_3_795,TX_1,2014-06-15,4.0,2.98,FOODS
FOODS_3_795,TX_2,2014-04-20,3.0,2.98,FOODS
FOODS_3_795,TX_2,2014-06-15,4.0,2.98,FOODS
FOODS_3_795,TX_3,2014-06-15,5.0,2.98,FOODS
FOODS_3_795,WI_1,2014-04-20,2.0,2.98,FOODS
FOODS_3_795,WI_1,2014-06-15,6.0,2.98,FOODS
FOODS_3_795,WI_2,2014-04-20,3.0,2.98,FOODS
FOODS_3_795,WI_2,2014-06-15,4.0,2.98,FOODS
FOODS_3_795,WI_3,2014-04-20,4.0,2.98,FOODS
FOODS_3_795,WI_3,2014-06-15,6.0,2.98,FOODS
FOODS_3_800,CA_1,2011-04-24,5.0,1.97,FOODS
FOODS_3_800,CA_1,2014-04-20,1.0,2.25,FOODS
FOODS_3_800,CA_2,2014-04-20,1.0,2.25,FOODS
FOODS_3_800,CA_3,2011-04-24,5.0,1.97,FOODS
FOODS_3_800,CA_3,2014-04-20,2.0,2.25,FOODS
FOODS_3_800,CA_4,2011-04-24,2.0,1.97,FOODS
FOODS_3_800,TX_1,2011-04-24,12.0,1.92,FOODS
FOODS_3_800,TX_1,2013-05-05,15.0,1.92,FOODS
FOODS_3_800,TX_1,2014-04-20,3.0,1.92,FOODS
FOODS_3_800,TX_1,2014-06-15,6.0,1.92,FOODS
FOODS_3_800,TX_2,2013-05-05,17.0,1.92,FOODS
FOODS_3_800,TX_2,2014-04-20,1.0,1.92,FOODS
FOODS_3_800,TX_2,2014-06-15,4.0,1.92,FOODS
FOODS_3_800,TX_3,2011-04-24,24.0,1.97,FOODS
FOODS_3_800,TX_3,2014-04-20,3.0,2.25,FOODS
FOODS_3_800,WI_1,2011-04-24,2.0,1.97,FOODS
FOODS_3_800,WI_1,2014-04-20,1.0,2.25,FOODS
FOODS_3_800,WI_2,2014-04-20,15.0,2.25,FOODS
FOODS_3_800,WI_3,2011-04-24,12.0,1.97,FOODS
FOODS_3_800,WI_3,2014-04-20,4.0,2.25,FOODS
FOODS_3_819,CA_1,2011-04-24,12.0,1.98,FOODS
FOODS_3_819,CA_1,2013-05-05,5.0,1.98,FOODS
FOODS_3_819,CA_2,2013-05-05,5.0,1.98,FOODS
FOODS_3_819,CA_2,2014-04-20,4.0,1.98,FOODS
FOODS_3_819,CA_3,2011-04-24,6.0,1.98,FOODS
FOODS_3_819,CA_3,2013-05-05,11.0,1.98,FOODS
FOODS_3_819,CA_3,2014-04-20,3.0,1.98,FOODS
FOODS_3_819,CA_3,2014-06-15,2.0,1.98,FOODS
FOODS_3_819,CA_4,2011-04-24,2.0,1.98,FOODS
FOODS_3_819,CA_4,2013-05-05,6.0,1.98,FOODS
FOODS_3_819,TX_1,2014-04-20,1.0,1.98,FOODS
FOODS_3_819,TX_1,2014-06-15,1.0,1.98,FOODS
FOODS_3_819,TX_2,2013-05-05,3.0,1.98,FOODS
FOODS_3_819,TX_2,2014-04-20,2.0,1.98,FOODS
FOODS_3_819,WI_1,2011-04-24,8.0,1.98,FOODS
FOODS_3_819,WI_1,2013-05-05,2.0,1.98,FOODS
FOODS_3_819,WI_1,2014-04-20,2.0,1.98,FOODS
FOODS_3_819,WI_1,2014-06-15,1.0,1.98,FOODS
FOODS_3_819,WI_2,2013-05-05,3.0,1.98,FOODS
FOODS_3_819,WI_2,2014-06-15,1.0,1.98,FOODS
FOODS_3_819,WI_3,2011-04-24,5.0,1.98,FOODS
FOODS_3_819,WI_3,2013-05-05,4.0,1.98,FOODS
FOODS_3_819,WI_3,2014-06-15,1.0,1.98,FOODS
FOODS_3_824,CA_1,2013-05-05,2.0,2.68,FOODS
FOODS_3_824,CA_1,2014-04-20,1.0,2.68,FOODS
FOODS_3_824,CA_1,2014-06-15,4.0,2.68,FOODS
FOODS_3_824,CA_3,2013-05-05,1.0,2.68,FOODS
FOODS_3_824,CA_3,2014-04-20,2.0,2.68,FOODS
FOODS_3_824,CA_3,2014-06-15,1.0,2.68,FOODS
FOODS_3_824,CA_4,2014-06-15,2.0,2.68,FOODS
FOODS_3_824,TX_1,2013-05-05,1.0,2.18,FOODS
FOODS_3_824,TX_1,2014-06-15,1.0,2.18,FOODS
FOODS_3_824,TX_3,2011-04-24,2.0,2.48,FOODS
FOODS_3_824,TX_3,2013-05-05,1.0,2.68,FOODS
FOODS_3_824,WI_2,2014-06-15,1.0,2.68,FOODS
FOODS_3_824,WI_3,2011-04-24,1.0,2.48,FOODS
FOODS_3_824,WI_3,2013-05-05,1.0,2.68,FOODS
FOODS_3_824,WI_3,2014-06-15,1.0,2.68,FOODS
HOBBIES_1_001,CA_1,2014-06-15,2.0,8.26,HOBBIES
HOBBIES_1_001,CA_2,2014-04-20,2.0,8.26,HOBBIES
HOBBIES_1_001,CA_3,2014-04-20,2.0,8.26,HOBBIES
HOBBIES_1_001,CA_4,2014-06-15,1.0,8.26,HOBBIES
HOBBIES_1_001,TX_1,2014-04-20,1.0,8.26,HOBBIES
HOBBIES_1_001,WI_3,2014-04-20,1.0,8.26,HOBBIES
HOBBIES_1_015,CA_1,2011-04-24,14.0,0.72,HOBBIES
HOBBIES_1_015,CA_1,2013-05-05,3.0,0.72,HOBBIES
HOBBIES_1_015,CA_1,2014-04-20,11.0,0.7,HOBBIES
HOBBIES_1_015,CA_1,2014-06-15,3.0,0.7,HOBBIES
HOBBIES_1_015,CA_2,2013-05-05,5.0,0.72,HOBBIES
HOBBIES_1_015,CA_2,2014-04-20,40.0,0.7,HOBBIES
HOBBIES_1_015,CA_2,2014-06-15,2.0,0.7,HOBBIES
HOBBIES_1_015,CA_3,2011-04-24,14.0,0.72,HOBBIES
HOBBIES_1_015,CA_3,2013-05-05,15.0,0.72,HOBBIES
HOBBIES_1_015,CA_3,2014-04-20,18.0,0.7,HOBBIES
HOBBIES_1_015,CA_4,2011-04-24,36.0,0.72,HOBBIES
HOBBIES_1_015,CA_4,2013-05-05,12.0,0.72,HOBBIES
HOBBIES_1_015,CA_4,2014-04-20,12.0,0.7,HOBBIES
HOBBIES_1_015,CA_4,2014-06-15,2.0,0.7,HOBBIES
HOBBIES_1_015,TX_1,2013-05-05,7.0,0.72,HOBBIES
HOBBIES_1_015,TX_1,2014-04-20,2.0,0.7,HOBBIES
HOBBIES_1_015,TX_1,2014-06-15,5.0,0.7,HOBBIES
HOBBIES_1_015,TX_2,2013-05-05,4.0,0.72,HOBBIES
HOBBIES_1_015,TX_2,2014-04-20,1.0,0.7,HOBBIES
HOBBIES_1_015,TX_2,2014-06-15,1.0,0.7,HOBBIES
HOBBIES_1_015,TX_3,2011-04-24,2.0,0.72,HOBBIES
HOBBIES_1_015,TX_3,2014-06-15,8.0,0.7,HOBBIES
HOBBIES_1_015,WI_1,2011-04-24,3.0,0.72,HOBBIES
HOBBIES_1_015,WI_1,2013-05-05,1.0,0.72,HOBBIES
HOBBIES_1_015,WI_1,2014-06-15,2.0,0.7,HOBBIES
HOBBIES_1_015,WI_2,2013-05-05,2.0,0.72,HOBBIES
HOBBIES_1_015,WI_2,2014-04-20,1.0,0.7,HOBBIES
HOBBIES_1_015,WI_2,2014-06-15,2.0,0.7,HOBBIES
HOBBIES_1_031,CA_1,2013-05-05,1.0,10.98,HOBBIES
HOBBIES_1_031,CA_1,2014-04-20,2.0,10.98,HOBBIES
HOBBIES_1_031,CA_2,2013-05-05,1.0,10.98,HOBBIES
HOBBIES_1_031,CA_2,2014-04-20,1.0,10.98,HOBBIES
HOBBIES_1_031,CA_3,2011-04-24,1.0,10.98,HOBBIES
HOBBIES_1_031,CA_3,2013-05-05,1.0,10.98,HOBBIES
HOBBIES_1_031,CA_3,2014-04-20,1.0,10.98,HOBBIES
HOBBIES_1_031,TX_2,2011-04-24,1.0,10.98,HOBBIES
HOBBIES_1_031,TX_2,2013-05-05,1.0,10.98,HOBBIES
HOBBIES_1_031,WI_1,2014-06-15,1.0,10.98,HOBBIES
HOBBIES_1_031,WI_3,2013-05-05,1.0,10.98,HOBBIES
HOBBIES_1_033,CA_1,2014-04-20,2.0,15.97,HOBBIES
HOBBIES_1_033,CA_3,2014-06-15,1.0,15.97,HOBBIES
HOBBIES_1_033,TX_2,2014-04-20,1.0,15.97,HOBBIES
HOBBIES_1_033,TX_3,2014-04-20,1.0,15.97,HOBBIES
HOBBIES_1_052,CA_1,2014-06-15,1.0,5.88,HOBBIES
HOBBIES_1_052,WI_1,2014-06-15,1.0,5.88,HOBBIES
HOBBIES_1_053,CA_3,2014-04-20,1.0,3.97,HOBBIES
HOBBIES_1_053,TX_1,2014-06-15,1.0,3.97,HOBBIES
HOBBIES_1_053,TX_3,2014-04-20,8.0,3.97,HOBBIES
HOBBIES_1_053,TX_3,2014-06-15,2.0,3.97,HOBBIES
HOBBIES_1_057,CA_1,2014-06-15,3.0,4.88,HOBBIES
HOBBIES_1_057,CA_2,2013-05-05,1.0,4.88,HOBBIES
HOBBIES_1_057,CA_2,2014-06-15,1.0,4.88,HOBBIES
HOBBIES_1_057,CA_3,2013-05-05,1.0,4.88,HOBBIES
HOBBIES_1_057,CA_3,2014-06-15,1.0,4.88,HOBBIES
HOBBIES_1_057,CA_4,2013-05-05,1.0,4.88,HOBBIES
HOBBIES_1_057,CA_4,2014-04-20,1.0,4.88,HOBBIES
HOBBIES_1_057,CA_4,2014-06-15,2.0,4.88,HOBBIES
HOBBIES_1_057,TX_1,2013-05-05,1.0,4.88,HOBBIES
HOBBIES_1_057,TX_1,2014-06-15,3.0,4.88,HOBBIES
HOBBIES_1_057,TX_2,2013-05-05,2.0,4.88,HOBBIES
HOBBIES_1_057,TX_2,2014-04-20,1.0,4.88,HOBBIES
HOBBIES_1_057,TX_2,2014-06-15,2.0,4.88,HOBBIES
HOBBIES_1_057,TX_3,2014-06-15,2.0,4.88,HOBBIES
HOBBIES_1_057,WI_1,2013-05-05,1.0,4.88,HOBBIES
HOBBIES_1_057,WI_1,2014-06-15,1.0,4.88,HOBBIES
HOBBIES_1_057,WI_2,2013-05-05,1.0,4.88,HOBBIES
HOBBIES_1_057,WI_3,2014-06-15,1.0,4.88,HOBBIES
HOBBIES_1_065,CA_1,2013-05-05,1.0,4.88,HOBBIES
HOBBIES_1_065,TX_3,2014-04-20,1.0,4.88,HOBBIES
HOBBIES_1_069,CA_1,2013-05-05,1.0,13.68,HOBBIES
HOBBIES_1_069,CA_4,2014-04-20,1.0,13.68,HOBBIES
HOBBIES_1_069,CA_4,2014-06-15,1.0,13.68,HOBBIES
HOBBIES_1_069,WI_1,2013-05-05,1.0,13.68,HOBBIES
HOBBIES_1_073,CA_1,2013-05-05,1.0,5.47,HOBBIES
HOBBIES_1_073,CA_1,2014-06-15,1.0,5.47,HOBBIES
HOBBIES_1_073,CA_2,2014-06-15,3.0,5.47,HOBBIES
HOBBIES_1_073,CA_3,2011-04-24,1.0,5.16,HOBBIES
HOBBIES_1_073,CA_3,2014-06-15,1.0,5.47,HOBBIES
HOBBIES_1_073,TX_1,2014-04-20,1.0,5.47,HOBBIES
HOBBIES_1_073,TX_2,2013-05-05,2.0,5.47,HOBBIES
HOBBIES_1_073,TX_2,2014-04-20,1.0,5.47,HOBBIES
HOBBIES_1_073,TX_3,2013-05-05,2.0,5.47,HOBBIES
HOBBIES_1_073,WI_1,2014-04-20,2.0,5.47,HOBBIES
HOBBIES_1_073,WI_1,2014-06-15,1.0,5.47,HOBBIES
HOBBIES_1_073,WI_2,2013-05-05,1.0,5.47,HOBBIES
HOBBIES_1_073,WI_2,2014-04-20,2.0,5.47,HOBBIES
HOBBIES_1_073,WI_3,2011-04-24,3.0,5.16,HOBBIES
HOBBIES_1_073,WI_3,2013-05-05,1.0,5.47,HOBBIES
HOBBIES_1_073,WI_3,2014-04-20,2.0,5.47,HOBBIES
HOBBIES_1_073,WI_3,2014-06-15,1.0,5.47,HOBBIES
HOBBIES_1_076,CA_3,2011-04-24,4.0,2.94,HOBBIES
HOBBIES_1_076,CA_3,2013-05-05,2.0,3.43,HOBBIES
HOBBIES_1_076,CA_4,2014-04-20,2.0,3.43,HOBBIES
HOBBIES_1_076,CA_4,2014-06-15,2.0,3.43,HOBBIES
HOBBIES_1_076,TX_1,2011-04-24,5.0,2.94,HOBBIES
HOBBIES_1_076,TX_1,2014-04-20,3.0,3.43,HOBBIES
HOBBIES_1_076,TX_2,2011-04-24,2.0,2.94,HOBBIES
HOBBIES_1_076,TX_2,2014-06-15,1.0,3.43,HOBBIES
HOBBIES_1_076,TX_3,2013-05-05,1.0,3.43,HOBBIES
HOBBIES_1_076,WI_3,2013-05-05,1.0,3.43,HOBBIES
HOBBIES_1_083,CA_1,2014-06-15,1.0,17.48,HOBBIES
HOBBIES_1_083,CA_2,2014-06-15,1.0,17.48,HOBBIES
HOBBIES_1_083,CA_3,2014-06-15,2.0,17.48,HOBBIES
HOBBIES_1_083,WI_1,2014-06-15,1.0,17.48,HOBBIES
HOBBIES_1_091,WI_1,2014-06-15,1.0,0.68,HOBBIES
HOBBIES_1_097,CA_1,2014-04-20,1.0,4.24,HOBBIES
HOBBIES_1_097,CA_2,2014-06-15,1.0,4.24,HOBBIES
HOBBIES_1_097,CA_3,2013-05-05,3.0,4.24,HOBBIES
HOBBIES_1_097,CA_3,2014-04-20,1.0,4.24,HOBBIES
HOBBIES_1_097,CA_3,2014-06-15,2.0,4.24,HOBBIES
HOBBIES_1_097,CA_4,2014-04-20,1.0,4.24,HOBBIES
HOBBIES_1_097,TX_1,2014-06-15,1.0,4.24,HOBBIES
HOBBIES_1_097,TX_2,2013-05-05,3.0,4.24,HOBBIES
HOBBIES_1_097,WI_1,2013-05-05,2.0,4.24,HOBBIES
HOBBIES_1_097,WI_1,2014-06-15,1.0,4.24,HOBBIES
HOBBIES_1_097,WI_2,2013-05-05,2.0,4.24,HOBBIES
HOBBIES_1_097,WI_2,2014-04-20,2.0,4.24,HOBBIES
HOBBIES_1_113,TX_1,2014-04-20,1.0,1.47,HOBBIES
HOBBIES_1_113,TX_2,2014-06-15,1.0,1.47,HOBBIES
HOBBIES_1_129,CA_1,2013-05-05,1.0,4.88,HOBBIES
HOBBIES_1_129,CA_1,2014-04-20,1.0,4.88,HOBBIES
HOBBIES_1_129,CA_2,2014-06-15,1.0,4.88,HOBBIES
HOBBIES_1_129,CA_3,2013-05-05,1.0,4.88,HOBBIES
HOBBIES_1_129,CA_3,2014-04-20,1.0,4.88,HOBBIES
HOBBIES_1_129,CA_4,2013-05-05,1.0,4.88,HOBBIES
HOBBIES_1_129,CA_4,2014-06-15,1.0,4.88,HOBBIES
HOBBIES_1_129,TX_1,2013-05-05,1.0,4.88,HOBBIES
HOBBIES_1_129,TX_2,2013-05-05,1.0,4.88,HOBBIES
HOBBIES_1_129,TX_2,2014-04-20,2.0,4.88,HOBBIES
HOBBIES_1_129,TX_2,2014-06-15,1.0,4.88,HOBBIES
HOBBIES_1_129,TX_3,2014-06-15,1.0,4.88,HOBBIES
HOBBIES_1_129,WI_1,2013-05-05,5.0,4.88,HOBBIES
HOBBIES_1_129,WI_1,2014-04-20,2.0,4.88,HOBBIES
HOBBIES_1_129,WI_1,2014-06-15,3.0,4.88,HOBBIES
HOBBIES_1_129,WI_2,2014-04-20,1.0,4.88,HOBBIES
HOBBIES_1_139,CA_1,2014-06-15,1.0,2.63,HOBBIES
HOBBIES_1_139,CA_2,2014-04-20,2.0,2.63,HOBBIES
HOBBIES_1_139,CA_3,2014-04-20,1.0,2.63,HOBBIES
HOBBIES_1_139,CA_3,2014-06-15,6.0,2.63,HOBBIES
HOBBIES_1_139,CA_4,2014-04-20,1.0,2.63,HOBBIES
HOBBIES_1_139,CA_4,2014-06-15,1.0,2.63,HOBBIES
HOBBIES_1_139,TX_1,2014-06-15,1.0,2.63,HOBBIES
HOBBIES_1_139,TX_2,2014-04-20,1.0,2.63,HOBBIES
HOBBIES_1_144,CA_1,2013-05-05,1.0,10.98,HOBBIES
HOBBIES_1_144,CA_1,2014-04-20,1.0,10.98,HOBBIES
HOBBIES_1_144,CA_1,2014-06-15,2.0,10.98,HOBBIES
HOBBIES_1_144,CA_2,2013-05-05,1.0,10.98,HOBBIES
HOBBIES_1_144,CA_3,2013-05-05,2.0,10.98,HOBBIES
HOBBIES_1_144,CA_3,2014-04-20,1.0,10.98,HOBBIES
HOBBIES_1_144,CA_3,2014-06-15,2.0,10.98,HOBBIES
HOBBIES_1_144,CA_4,2011-04-24,1.0,11.48,HOBBIES
HOBBIES_1_144,CA_4,2013-05-05,1.0,10.98,HOBBIES
HOBBIES_1_144,CA_4,2014-06-15,2.0,10.98,HOBBIES
HOBBIES_1_144,TX_2,2013-05-05,3.0,10.98,HOBBIES
HOBBIES_1_144,WI_2,2014-06-15,2.0,10.98,HOBBIES
HOBBIES_1_146,CA_1,2013-05-05,1.0,4.66,HOBBIES
HOBBIES_1_146,CA_1,2014-04-20,1.0,4.66,HOBBIES
HOBBIES_1_146,CA_2,2013-05-05,1.0,4.66,HOBBIES
HOBBIES_1_146,CA_2,2014-06-15,1.0,4.66,HOBBIES
HOBBIES_1_146,CA_3,2011-04-24,2.0,4.66,HOBBIES
HOBBIES_1_146,CA_3,2013-05-05,1.0,4.66,HOBBIES
HOBBIES_1_146,TX_1,2014-04-20,1.0,4.66,HOBBIES
HOBBIES_1_146,TX_2,2013-05-05,2.0,4.66,HOBBIES
HOBBIES_1_146,TX_2,2014-04-20,2.0,4.66,HOBBIES
HOBBIES_1_146,TX_2,2014-06-15,1.0,4.66,HOBBIES
HOBBIES_1_146,TX_3,2011-04-24,1.0,5.12,HOBBIES
HOBBIES_1_146,TX_3,2013-05-05,3.0,5.77,HOBBIES
HOBBIES_1_146,WI_1,2013-05-05,1.0,4.66,HOBBIES
HOBBIES_1_149,CA_1,2013-05-05,2.0,1.56,HOBBIES
HOBBIES_1_149,CA_1,2014-04-20,2.0,1.56,HOBBIES
HOBBIES_1_149,CA_1,2014-06-15,1.0,1.56,HOBBIES
HOBBIES_1_149,CA_2,2013-05-05,1.0,1.56,HOBBIES
HOBBIES_1_149,CA_2,2014-06-15,3.0,1.56,HOBBIES
HOBBIES_1_149,CA_3,2013-05-05,3.0,1.56,HOBBIES
HOBBIES_1_149,CA_3,2014-04-20,2.0,1.56,HOBBIES
HOBBIES_1_149,CA_3,2014-06-15,1.0,1.56,HOBBIES
HOBBIES_1_149,TX_3,2013-05-05,1.0,1.56,HOBBIES
HOBBIES_1_149,TX_3,2014-04-20,1.0,1.56,HOBBIES
HOBBIES_1_149,WI_1,2014-04-20,1.0,1.56,HOBBIES
HOBBIES_1_149,WI_1,2014-06-15,1.0,1.56,HOBBIES
HOBBIES_1_149,WI_3,2013-05-05,1.0,1.56,HOBBIES
HOBBIES_1_149,WI_3,2014-06-15,2.0,1.56,HOBBIES
HOBBIES_1_154,CA_1,2013-05-05,2.0,2.88,HOBBIES
HOBBIES_1_154,CA_1,2014-04-20,2.0,2.88,HOBBIES
HOBBIES_1_154,CA_1,2014-06-15,3.0,2.88,HOBBIES
HOBBIES_1_154,CA_2,2014-06-15,5.0,2.88,HOBBIES
HOBBIES_1_154,CA_4,2013-05-05,2.0,2.88,HOBBIES
HOBBIES_1_154,CA_4,2014-04-20,3.0,2.88,HOBBIES
HOBBIES_1_154,TX_2,2014-06-15,1.0,2.5,HOBBIES
HOBBIES_1_154,TX_3,2014-04-20,4.0,2.88,HOBBIES
HOBBIES_1_154,TX_3,2014-06-15,1.0,2.88,HOBBIES
HOBBIES_1_154,WI_1,2013-05-05,2.0,2.88,HOBBIES
HOBBIES_1_154,WI_1,2014-04-20,2.0,2.88,HOBBIES
HOBBIES_1_154,WI_1,2014-06-15,2.0,2.88,HOBBIES
HOBBIES_1_157,CA_1,2011-04-24,1.0,11.48,HOBBIES
HOBBIES_1_157,CA_1,2013-05-05,1.0,10.98,HOBBIES
HOBBIES_1_157,CA_1,2014-04-20,2.0,10.98,HOBBIES
HOBBIES_1_157,CA_1,2014-06-15,1.0,10.98,HOBBIES
HOBBIES_1_157,CA_2,2014-04-20,1.0,10.98,HOBBIES
HOBBIES_1_157,CA_4,2014-06-15,1.0,10.98,HOBBIES
HOBBIES_1_157,TX_2,2011-04-24,1.0,11.48,HOBBIES
HOBBIES_1_157,WI_1,2011-04-24,1.0,11.48,HOBBIES
HOBBIES_1_167,CA_1,2013-05-05,1.0,0.7,HOBBIES
HOBBIES_1_167,CA_2,2013-05-05,1.0,0.7,HOBBIES
HOBBIES_1_167,CA_4,2013-05-05,9.0,0.7,HOBBIES
HOBBIES_1_167,TX_2,2013-05-05,11.0,0.6,HOBBIES
HOBBIES_1_167,TX_3,2013-05-05,5.0,0.7,HOBBIES
HOBBIES_1_167,WI_1,2013-05-05,4.0,0.7,HOBBIES
HOBBIES_1_175,WI_1,2011-04-24,1.0,1.97,HOBBIES
HOBBIES_1_175,WI_1,2013-05-05,1.0,1.97,HOBBIES
HOBBIES_1_175,WI_1,2014-04-20,1.0,1.97,HOBBIES
HOBBIES_1_178,CA_1,2011-04-24,12.0,0.5,HOBBIES
HOBBIES_1_178,CA_1,2013-05-05,26.0,0.46,HOBBIES
HOBBIES_1_178,CA_1,2014-06-15,7.0,0.46,HOBBIES
HOBBIES_1_178,CA_2,2011-04-24,6.0,0.5,HOBBIES
HOBBIES_1_178,CA_2,2014-04-20,2.0,0.46,HOBBIES
HOBBIES_1_178,CA_2,2014-06-15,3.0,0.46,HOBBIES
HOBBIES_1_178,CA_3,2013-05-05,7.0,0.46,HOBBIES
HOBBIES_1_178,CA_3,2014-04-20,5.0,0.46,HOBBIES
HOBBIES_1_178,CA_4,2011-04-24,3.0,0.5,HOBBIES
HOBBIES_1_178,CA_4,2014-04-20,5.0,0.46,HOBBIES
HOBBIES_1_178,CA_4,2014-06-15,2.0,0.46,HOBBIES
HOBBIES_1_178,TX_1,2011-04-24,3.0,0.5,HOBBIES
HOBBIES_1_178,TX_1,2013-05-05,23.0,0.46,HOBBIES
HOBBIES_1_178,TX_1,2014-04-20,6.0,0.46,HOBBIES
HOBBIES_1_178,TX_1,2014-06-15,6.0,0.46,HOBBIES
HOBBIES_1_178,TX_2,2013-05-05,9.0,0.46,HOBBIES
HOBBIES_1_178,TX_2,2014-04-20,2.0,0.46,HOBBIES
HOBBIES_1_178,TX_2,2014-06-15,8.0,0.46,HOBBIES
HOBBIES_1_178,TX_3,2013-05-05,4.0,0.46,HOBBIES
HOBBIES_1_178,TX_3,2014-04-20,10.0,0.46,HOBBIES
HOBBIES_1_178,TX_3,2014-06-15,4.0,0.46,HOBBIES
HOBBIES_1_178,WI_1,2011-04-24,7.0,0.5,HOBBIES
HOBBIES_1_178,WI_1,2013-05-05,11.0,0.46,HOBBIES
HOBBIES_1_178,WI_1,2014-06-15,6.0,0.46,HOBBIES
HOBBIES_1_178,WI_2,2013-05-05,6.0,0.46,HOBBIES
HOBBIES_1_178,WI_2,2014-04-20,9.0,0.46,HOBBIES
HOBBIES_1_178,WI_2,2014-06-15,3.0,0.46,HOBBIES
HOBBIES_1_178,WI_3,2011-04-24,2.0,0.5,HOBBIES
HOBBIES_1_178,WI_3,2013-05-05,2.0,0.46,HOBBIES
HOBBIES_1_179,CA_1,2014-04-20,1.0,6.87,HOBBIES
HOBBIES_1_179,CA_2,2013-05-05,3.0,6.87,HOBBIES
HOBBIES_1_179,CA_3,2013-05-05,3.0,6.87,HOBBIES
HOBBIES_1_179,TX_1,2013-05-05,1.0,6.87,HOBBIES
HOBBIES_1_179,TX_1,2014-04-20,2.0,6.87,HOBBIES
HOBBIES_1_179,TX_2,2013-05-05,3.0,6.87,HOBBIES
HOBBIES_1_179,TX_2,2014-04-20,2.0,6.87,HOBBIES
HOBBIES_1_179,TX_2,2014-06-15,4.0,6.87,HOBBIES
HOBBIES_1_179,TX_3,2013-05-05,2.0,6.87,HOBBIES
HOBBIES_1_179,TX_3,2014-06-15,1.0,6.87,HOBBIES
HOBBIES_1_179,WI_2,2013-05-05,1.0,6.87,HOBBIES
HOBBIES_1_179,WI_2,2014-04-20,1.0,6.87,HOBBIES
HOBBIES_1_179,WI_3,2013-05-05,1.0,6.87,HOBBIES
HOBBIES_1_179,WI_3,2014-06-15,2.0,6.87,HOBBIES
HOBBIES_1_183,CA_1,2014-04-20,2.0,7.98,HOBBIES
HOBBIES_1_183,CA_3,2014-06-15,1.0,7.98,HOBBIES
HOBBIES_1_183,CA_4,2014-06-15,3.0,7.98,HOBBIES
HOBBIES_1_183,WI_2,2014-06-15,3.0,7.98,HOBBIES
HOBBIES_1_183,WI_3,2014-04-20,1.0,7.98,HOBBIES
HOBBIES_1_184,CA_2,2014-04-20,2.0,12.68,HOBBIES
HOBBIES_1_184,WI_1,2014-04-20,2.0,12.68,HOBBIES
HOBBIES_1_184,WI_1,2014-06-15,3.0,12.68,HOBBIES
HOBBIES_1_189,CA_1,2011-04-24,6.0,0.5,HOBBIES
HOBBIES_1_189,CA_1,2013-05-05,9.0,0.46,HOBBIES
HOBBIES_1_189,CA_1,2014-06-15,14.0,0.46,HOBBIES
HOBBIES_1_189,CA_2,2011-04-24,12.0,0.5,HOBBIES
HOBBIES_1_189,CA_2,2013-05-05,13.0,0.46,HOBBIES
HOBBIES_1_189,CA_2,2014-04-20,6.0,0.46,HOBBIES
HOBBIES_1_189,CA_2,2014-06-15,4.0,0.46,HOBBIES
HOBBIES_1_189,CA_3,2011-04-24,1.0,0.5,HOBBIES
HOBBIES_1_189,CA_3,2014-04-20,1.0,0.46,HOBBIES
HOBBIES_1_189,TX_1,2013-05-05,25.0,0.46,HOBBIES
HOBBIES_1_189,TX_1,2014-06-15,10.0,0.46,HOBBIES
HOBBIES_1_189,TX_2,2013-05-05,1.0,0.46,HOBBIES
HOBBIES_1_189,TX_2,2014-04-20,4.0,0.46,HOBBIES
HOBBIES_1_189,TX_3,2013-05-05,3.0,0.46,HOBBIES
HOBBIES_1_189,TX_3,2014-04-20,3.0,0.46,HOBBIES
HOBBIES_1_189,TX_3,2014-06-15,4.0,0.46,HOBBIES
HOBBIES_1_189,WI_1,2014-04-20,1.0,0.46,HOBBIES
HOBBIES_1_189,WI_1,2014-06-15,4.0,0.46,HOBBIES
HOBBIES_1_189,WI_2,2014-04-20,1.0,0.46,HOBBIES
HOBBIES_1_189,WI_3,2014-06-15,1.0,0.46,HOBBIES
HOBBIES_1_194,CA_2,2011-04-24,5.0,2.5,HOBBIES
HOBBIES_1_194,CA_2,2013-05-05,1.0,2.88,HOBBIES
HOBBIES_1_194,CA_2,2014-04-20,2.0,2.88,HOBBIES
HOBBIES_1_194,CA_2,2014-06-15,2.0,2.88,HOBBIES
HOBBIES_1_194,CA_3,2011-04-24,8.0,2.5,HOBBIES
HOBBIES_1_194,CA_3,2013-05-05,5.0,2.88,HOBBIES
HOBBIES_1_194,CA_3,2014-04-20,6.0,2.88,HOBBIES
HOBBIES_1_194,CA_3,2014-06-15,1.0,2.88,HOBBIES
HOBBIES_1_194,CA_4,2011-04-24,2.0,2.5,HOBBIES
HOBBIES_1_194,CA_4,2014-04-20,1.0,2.88,HOBBIES
HOBBIES_1_194,CA_4,2014-06-15,2.0,2.88,HOBBIES
HOBBIES_1_194,TX_1,2011-04-24,2.0,2.5,HOBBIES
HOBBIES_1_194,TX_1,2014-04-20,1.0,2.5,HOBBIES
HOBBIES_1_194,TX_2,2011-04-24,3.0,2.5,HOBBIES
HOBBIES_1_194,TX_2,2013-05-05,3.0,2.5,HOBBIES
HOBBIES_1_194,TX_2,2014-06-15,3.0,2.5,HOBBIES
HOBBIES_1_194,TX_3,2011-04-24,1.0,3.5,HOBBIES
HOBBIES_1_194,TX_3,2013-05-05,2.0,2.88,HOBBIES
HOBBIES_1_194,TX_3,2014-04-20,3.0,2.88,HOBBIES
HOBBIES_1_194,WI_1,2011-04-24,3.0,2.5,HOBBIES
HOBBIES_1_194,WI_1,2014-06-15,1.0,2.88,HOBBIES
HOBBIES_1_194,WI_3,2011-04-24,2.0,2.5,HOBBIES
HOBBIES_1_194,WI_3,2013-05-05,1.0,2.88,HOBBIES
HOBBIES_1_194,WI_3,2014-04-20,1.0,2.88,HOBBIES
HOBBIES_1_199,CA_2,2013-05-05,1.0,3.42,HOBBIES
HOBBIES_1_199,CA_2,2014-04-20,1.0,3.68,HOBBIES
HOBBIES_1_199,CA_2,2014-06-15,1.0,3.68,HOBBIES
HOBBIES_1_199,CA_4,2014-04-20,1.0,3.68,HOBBIES
HOBBIES_1_199,CA_4,2014-06-15,1.0,3.68,HOBBIES
HOBBIES_1_199,TX_1,2014-06-15,1.0,3.68,HOBBIES
HOBBIES_1_199,TX_2,2013-05-05,1.0,3.42,HOBBIES
HOBBIES_1_199,TX_2,2014-04-20,1.0,3.68,HOBBIES
HOBBIES_1_199,TX_2,2014-06-15,2.0,3.68,HOBBIES
HOBBIES_1_199,TX_3,2013-05-05,2.0,3.22,HOBBIES
HOBBIES_1_199,TX_3,2014-04-20,1.0,3.68,HOBBIES
HOBBIES_1_201,CA_1,2011-04-24,1.0,5.47,HOBBIES
HOBBIES_1_201,CA_1,2013-05-05,2.0,5.98,HOBBIES
HOBBIES_1_201,CA_1,2014-04-20,2.0,5.98,HOBBIES
HOBBIES_1_201,CA_1,2014-06-15,2.0,5.98,HOBBIES
HOBBIES_1_201,CA_2,2011-04-24,2.0,5.47,HOBBIES
HOBBIES_1_201,CA_3,2013-05-05,1.0,5.98,HOBBIES
HOBBIES_1_201,CA_3,2014-04-20,4.0,5.98,HOBBIES
HOBBIES_1_201,CA_3,2014-06-15,3.0,5.98,HOBBIES
HOBBIES_1_201,CA_4,2011-04-24,2.0,5.47,HOBBIES
HOBBIES_1_201,CA_4,2013-05-05,1.0,5.98,HOBBIES
HOBBIES_1_201,CA_4,2014-04-20,4.0,5.98,HOBBIES
HOBBIES_1_201,CA_4,2014-06-15,1.0,5.98,HOBBIES
HOBBIES_1_201,TX_1,2011-04-24,2.0,5.22,HOBBIES
HOBBIES_1_201,TX_1,2013-05-05,4.0,4.98,HOBBIES
HOBBIES_1_201,TX_1,2014-04-20,6.0,4.98,HOBBIES
HOBBIES_1_201,TX_1,2014-06-15,1.0,4.98,HOBBIES
HOBBIES_1_201,TX_2,2011-04-24,5.0,5.22,HOBBIES
HOBBIES_1_201,TX_2,2013-05-05,1.0,4.98,HOBBIES
HOBBIES_1_201,TX_2,2014-04-20,1.0,4.98,HOBBIES
HOBBIES_1_201,TX_2,2014-06-15,3.0,4.98,HOBBIES
HOBBIES_1_201,TX_3,2011-04-24,3.0,5.47,HOBBIES
HOBBIES_1_201,TX_3,2013-05-05,1.0,4.98,HOBBIES
HOBBIES_1_201,TX_3,2014-04-20,5.0,5.48,HOBBIES
HOBBIES_1_201,TX_3,2014-06-15,1.0,5.48,HOBBIES
HOBBIES_1_201,WI_2,2011-04-24,1.0,5.47,HOBBIES
HOBBIES_1_201,WI_2,2014-06-15,1.0,5.48,HOBBIES
HOBBIES_1_201,WI_3,2014-06-15,1.0,5.98,HOBBIES
HOBBIES_1_203,CA_3,2014-04-20,1.0,12.98,HOBBIES
HOBBIES_1_210,CA_1,2013-05-05,1.0,5.88,HOBBIES
HOBBIES_1_210,CA_2,2013-05-05,1.0,5.88,HOBBIES
HOBBIES_1_210,CA_3,2013-05-05,2.0,5.88,HOBBIES
HOBBIES_1_210,CA_3,2014-04-20,1.0,5.88,HOBBIES
HOBBIES_1_210,CA_3,2014-06-15,1.0,5.88,HOBBIES
HOBBIES_1_210,TX_2,2014-06-15,2.0,5.88,HOBBIES
HOBBIES_1_210,WI_3,2014-06-15,1.0,5.88,HOBBIES
HOBBIES_1_218,CA_2,2014-06-15,1.0,10.58,HOBBIES
HOBBIES_1_218,TX_2,2014-06-15,1.0,10.58,HOBBIES
HOBBIES_1_218,TX_3,2014-04-20,1.0,10.58,HOBBIES
HOBBIES_1_218,WI_1,2014-04-20,1.0,10.58,HOBBIES
HOBBIES_1_241,CA_1,2014-04-20,4.0,21.78,HOBBIES
HOBBIES_1_241,CA_1,2014-06-15,2.0,21.78,HOBBIES
HOBBIES_1_241,CA_3,2014-04-20,1.0,21.78,HOBBIES
HOBBIES_1_241,CA_4,2014-06-15,2.0,21.78,HOBBIES
HOBBIES_1_241,TX_2,2014-04-20,3.0,21.78,HOBBIES
HOBBIES_1_241,TX_3,2014-04-20,2.0,21.78,HOBBIES
HOBBIES_1_241,TX_3,2014-06-15,1.0,21.78,HOBBIES
HOBBIES_1_241,WI_1,2014-06-15,1.0,21.78,HOBBIES
HOBBIES_1_247,CA_2,2014-06-15,2.0,16.88,HOBBIES
HOBBIES_1_247,CA_3,2014-06-15,2.0,16.88,HOBBIES
HOBBIES_1_247,CA_4,2014-06-15,2.0,16.88,HOBBIES
HOBBIES_1_247,TX_1,2014-06-15,1.0,16.88,HOBBIES
HOBBIES_1_248,CA_1,2013-05-05,1.0,0.94,HOBBIES
HOBBIES_1_248,CA_1,2014-06-15,2.0,0.94,HOBBIES
HOBBIES_1_248,CA_2,2014-04-20,2.0,0.94,HOBBIES
HOBBIES_1_248,CA_3,2013-05-05,3.0,0.94,HOBBIES
HOBBIES_1_248,CA_3,2014-04-20,1.0,0.94,HOBBIES
HOBBIES_1_248,CA_3,2014-06-15,5.0,0.94,HOBBIES
HOBBIES_1_248,TX_1,2013-05-05,2.0,0.94,HOBBIES
HOBBIES_1_248,TX_2,2013-05-05,7.0,0.94,HOBBIES
HOBBIES_1_248,TX_2,2014-06-15,2.0,0.94,HOBBIES
HOBBIES_1_248,TX_3,2013-05-05,1.0,0.94,HOBBIES
HOBBIES_1_248,WI_1,2013-05-05,6.0,0.94,HOBBIES
HOBBIES_1_248,WI_1,2014-04-20,1.0,0.94,HOBBIES
HOBBIES_1_248,WI_1,2014-06-15,3.0,0.94,HOBBIES
HOBBIES_1_248,WI_2,2014-04-20,1.0,0.94,HOBBIES
HOBBIES_1_248,WI_2,2014-06-15,1.0,0.94,HOBBIES
HOBBIES_1_248,WI_3,2013-05-05,3.0,0.94,HOBBIES
HOBBIES_1_248,WI_3,2014-04-20,2.0,0.94,HOBBIES
HOBBIES_1_248,WI_3,2014-06-15,1.0,0.94,HOBBIES
HOBBIES_1_254,CA_1,2011-04-24,7.0,0.72,HOBBIES
HOBBIES_1_254,CA_1,2013-05-05,2.0,0.72,HOBBIES
HOBBIES_1_254,CA_1,2014-04-20,5.0,0.7,HOBBIES
HOBBIES_1_254,CA_2,2011-04-24,5.0,0.72,HOBBIES
HOBBIES_1_254,CA_2,2013-05-05,3.0,0.72,HOBBIES
HOBBIES_1_254,CA_3,2013-05-05,14.0,0.72,HOBBIES
HOBBIES_1_254,CA_3,2014-04-20,29.0,0.7,HOBBIES
HOBBIES_1_254,CA_4,2013-05-05,8.0,0.72,HOBBIES
HOBBIES_1_254,CA_4,2014-04-20,4.0,0.7,HOBBIES
HOBBIES_1_254,CA_4,2014-06-15,6.0,0.7,HOBBIES
HOBBIES_1_254,TX_1,2011-04-24,4.0,0.72,HOBBIES
HOBBIES_1_254,TX_1,2013-05-05,1.0,0.72,HOBBIES
HOBBIES_1_254,TX_1,2014-04-20,1.0,0.7,HOBBIES
HOBBIES_1_254,TX_1,2014-06-15,1.0,0.7,HOBBIES
HOBBIES_1_254,TX_2,2014-04-20,22.0,0.7,HOBBIES
HOBBIES_1_254,TX_2,2014-06-15,13.0,0.7,HOBBIES
HOBBIES_1_254,TX_3,2013-05-05,2.0,0.72,HOBBIES
HOBBIES_1_254,TX_3,2014-04-20,1.0,0.7,HOBBIES
HOBBIES_1_254,WI_1,2013-05-05,1.0,0.72,HOBBIES
HOBBIES_1_254,WI_2,2013-05-05,1.0,0.72,HOBBIES
HOBBIES_1_254,WI_2,2014-04-20,3.0,0.7,HOBBIES
HOBBIES_1_254,WI_2,2014-06-15,1.0,0.7,HOBBIES
HOBBIES_1_254,WI_3,2011-04-24,8.0,0.72,HOBBIES
HOBBIES_1_254,WI_3,2013-05-05,1.0,0.72,HOBBIES
HOBBIES_1_254,WI_3,2014-04-20,3.0,0.7,HOBBIES
HOBBIES_1_259,CA_3,2014-04-20,1.0,0.97,HOBBIES
HOBBIES_1_259,CA_4,2014-04-20,2.0,0.97,HOBBIES
HOBBIES_1_259,CA_4,2014-06-15,2.0,0.97,HOBBIES
HOBBIES_1_259,TX_1,2014-04-20,1.0,0.97,HOBBIES
HOBBIES_1_259,TX_2,2014-06-15,1.0,0.97,HOBBIES
HOBBIES_1_259,WI_3,2013-05-05,1.0,0.97,HOBBIES
HOBBIES_1_259,WI_3,2014-04-20,2.0,0.97,HOBBIES
HOBBIES_1_262,CA_1,2014-06-15,1.0,8.98,HOBBIES
HOBBIES_1_262,CA_3,2014-06-15,1.0,8.98,HOBBIES
HOBBIES_1_264,CA_1,2014-04-20,1.0,4.47,HOBBIES
HOBBIES_1_264,CA_1,2014-06-15,1.0,4.47,HOBBIES
HOBBIES_1_264,CA_2,2011-04-24,1.0,4.47,HOBBIES
HOBBIES_1_264,CA_3,2011-04-24,5.0,4.47,HOBBIES
HOBBIES_1_264,CA_3,2013-05-05,1.0,4.47,HOBBIES
HOBBIES_1_264,CA_3,2014-06-15,10.0,4.47,HOBBIES
HOBBIES_1_264,CA_4,2014-04-20,1.0,4.47,HOBBIES
HOBBIES_1_264,TX_1,2011-04-24,2.0,4.47,HOBBIES
HOBBIES_1_264,TX_1,2014-04-20,2.0,4.47,HOBBIES
HOBBIES_1_264,TX_1,2014-06-15,1.0,4.47,HOBBIES
HOBBIES_1_264,TX_2,2011-04-24,5.0,4.47,HOBBIES
HOBBIES_1_264,TX_2,2013-05-05,1.0,4.47,HOBBIES
HOBBIES_1_264,TX_2,2014-06-15,2.0,4.47,HOBBIES
HOBBIES_1_264,TX_3,2013-05-05,3.0,4.47,HOBBIES
HOBBIES_1_264,TX_3,2014-04-20,2.0,4.47,HOBBIES
HOBBIES_1_264,WI_1,2011-04-24,1.0,4.47,HOBBIES
HOBBIES_1_264,WI_1,2013-05-05,1.0,4.47,HOBBIES
HOBBIES_1_264,WI_2,2013-05-05,1.0,4.47,HOBBIES
HOBBIES_1_264,WI_2,2014-06-15,1.0,4.47,HOBBIES
HOBBIES_1_265,CA_1,2014-04-20,2.0,3.97,HOBBIES
HOBBIES_1_265,CA_3,2013-05-05,4.0,3.97,HOBBIES
HOBBIES_1_265,CA_3,2014-04-20,2.0,3.97,HOBBIES
HOBBIES_1_265,TX_1,2014-06-15,1.0,3.97,HOBBIES
HOBBIES_1_265,TX_2,2013-05-05,1.0,3.97,HOBBIES
HOBBIES_1_265,TX_3,2014-04-20,1.0,3.97,HOBBIES
HOBBIES_1_265,WI_1,2013-05-05,2.0,3.97,HOBBIES
HOBBIES_1_265,WI_3,2013-05-05,1.0,3.97,HOBBIES
HOBBIES_1_265,WI_3,2014-06-15,1.0,3.97,HOBBIES
HOBBIES_1_274,CA_1,2014-04-20,2.0,9.88,HOBBIES
HOBBIES_1_274,TX_2,2014-04-20,1.0,9.88,HOBBIES
HOBBIES_1_274,TX_3,2014-04-20,2.0,9.88,HOBBIES
HOBBIES_1_274,TX_3,2014-06-15,1.0,9.88,HOBBIES
HOBBIES_1_274,WI_1,2014-04-20,2.0,9.88,HOBBIES
HOBBIES_1_274,WI_1,2014-06-15,1.0,9.88,HOBBIES
HOBBIES_1_274,WI_2,2014-04-20,2.0,9.88,HOBBIES
HOBBIES_1_274,WI_3,2014-04-20,1.0,9.88,HOBBIES
HOBBIES_1_278,CA_1,2011-04-24,28.0,0.54,HOBBIES
HOBBIES_1_278,CA_1,2013-05-05,7.0,0.58,HOBBIES
HOBBIES_1_278,CA_1,2014-04-20,3.0,0.58,HOBBIES
HOBBIES_1_278,CA_1,2014-06-15,1.0,0.58,HOBBIES
HOBBIES_1_278,CA_2,2011-04-24,6.0,0.54,HOBBIES
HOBBIES_1_278,CA_2,2014-04-20,9.0,0.58,HOBBIES
HOBBIES_1_278,CA_3,2011-04-24,24.0,0.54,HOBBIES
HOBBIES_1_278,CA_3,2013-05-05,1.0,0.58,HOBBIES
HOBBIES_1_278,CA_3,2014-04-20,13.0,0.58,HOBBIES
HOBBIES_1_278,CA_4,2013-05-05,3.0,0.58,HOBBIES
HOBBIES_1_278,CA_4,2014-04-20,1.0,0.58,HOBBIES
HOBBIES_1_278,TX_1,2014-06-15,4.0,0.54,HOBBIES
HOBBIES_1_278,TX_2,2013-05-05,29.0,0.54,HOBBIES
HOBBIES_1_278,TX_2,2014-04-20,16.0,0.54,HOBBIES
HOBBIES_1_278,TX_3,2014-06-15,1.0,0.58,HOBBIES
HOBBIES_1_278,WI_2,2013-05-05,3.0,0.58,HOBBIES
HOBBIES_1_278,WI_2,2014-04-20,3.0,0.58,HOBBIES
HOBBIES_1_278,WI_2,2014-06-15,14.0,0.58,HOBBIES
HOBBIES_1_278,WI_3,2013-05-05,4.0,0.58,HOBBIES
HOBBIES_1_278,WI_3,2014-04-20,2.0,0.58,HOBBIES
HOBBIES_1_278,WI_3,2014-06-15,2.0,0.58,HOBBIES
HOBBIES_1_298,CA_1,2011-04-24,3.0,3.98,HOBBIES
HOBBIES_1_298,CA_1,2014-04-20,1.0,4.38,HOBBIES
HOBBIES_1_298,CA_3,2011-04-24,2.0,3.98,HOBBIES
HOBBIES_1_298,CA_3,2013-05-05,2.0,4.38,HOBBIES
HOBBIES_1_298,CA_3,2014-04-20,3.0,4.38,HOBBIES
HOBBIES_1_298,CA_4,2011-04-24,4.0,3.98,HOBBIES
HOBBIES_1_298,CA_4,2014-06-15,1.0,4.38,HOBBIES
HOBBIES_1_298,TX_1,2011-04-24,1.0,3.98,HOBBIES
HOBBIES_1_298,TX_2,2011-04-24,1.0,3.98,HOBBIES
HOBBIES_1_298,TX_2,2013-05-05,1.0,4.38,HOBBIES
HOBBIES_1_298,TX_2,2014-04-20,1.0,4.38,HOBBIES
HOBBIES_1_298,TX_3,2014-04-20,1.0,4.38,HOBBIES
HOBBIES_1_298,TX_3,2014-06-15,1.0,4.38,HOBBIES
HOBBIES_1_298,WI_1,2011-04-24,1.0,3.98,HOBBIES
HOBBIES_1_298,WI_1,2014-04-20,1.0,4.38,HOBBIES
HOBBIES_1_298,WI_1,2014-06-15,1.0,4.38,HOBBIES
HOBBIES_1_298,WI_3,2011-04-24,1.0,3.98,HOBBIES
HOBBIES_1_298,WI_3,2014-04-20,1.0,4.38,HOBBIES
HOBBIES_1_300,CA_1,2013-05-05,2.0,9.48,HOBBIES
HOBBIES_1_300,CA_1,2014-04-20,4.0,9.48,HOBBIES
HOBBIES_1_300,CA_1,2014-06-15,5.0,9.48,HOBBIES
HOBBIES_1_300,CA_2,2011-04-24,1.0,9.92,HOBBIES
HOBBIES_1_300,CA_2,2013-05-05,2.0,9.48,HOBBIES
HOBBIES_1_300,CA_2,2014-04-20,1.0,9.48,HOBBIES
HOBBIES_1_300,CA_2,2014-06-15,1.0,9.48,HOBBIES
HOBBIES_1_300,CA_3,2013-05-05,2.0,9.48,HOBBIES
HOBBIES_1_300,CA_3,2014-04-20,2.0,9.48,HOBBIES
HOBBIES_1_300,CA_3,2014-06-15,2.0,9.48,HOBBIES
HOBBIES_1_300,CA_4,2014-06-15,1.0,9.48,HOBBIES
HOBBIES_1_300,TX_1,2013-05-05,1.0,9.48,HOBBIES
HOBBIES_1_300,TX_1,2014-06-15,2.0,9.48,HOBBIES
HOBBIES_1_300,TX_2,2011-04-24,1.0,9.92,HOBBIES
HOBBIES_1_300,TX_3,2014-06-15,2.0,9.48,HOBBIES
HOBBIES_1_300,WI_3,2011-04-24,1.0,9.92,HOBBIES
HOBBIES_1_300,WI_3,2013-05-05,2.0,9.48,HOBBIES
HOBBIES_1_305,CA_2,2014-04-20,2.0,2.87,HOBBIES
HOBBIES_1_305,CA_3,2013-05-05,2.0,2.87,HOBBIES
HOBBIES_1_305,TX_2,2013-05-05,1.0,2.87,HOBBIES
HOBBIES_1_307,CA_1,2013-05-05,1.0,3.97,HOBBIES
HOBBIES_1_307,CA_1,2014-04-20,1.0,3.97,HOBBIES
HOBBIES_1_307,CA_2,2014-04-20,1.0,3.97,HOBBIES
HOBBIES_1_307,TX_2,2013-05-05,1.0,3.97,HOBBIES
HOBBIES_1_307,WI_1,2013-05-05,1.0,3.97,HOBBIES
HOBBIES_1_308,CA_1,2013-05-05,2.0,11.98,HOBBIES
HOBBIES_1_308,CA_1,2014-04-20,1.0,10.98,HOBBIES
HOBBIES_1_308,CA_2,2013-05-05,1.0,11.98,HOBBIES
HOBBIES_1_308,CA_2,2014-04-20,2.0,10.98,HOBBIES
HOBBIES_1_308,CA_4,2013-05-05,1.0,11.98,HOBBIES
HOBBIES_1_308,CA_4,2014-04-20,1.0,10.98,HOBBIES
HOBBIES_1_308,TX_1,2013-05-05,2.0,11.48,HOBBIES
HOBBIES_1_308,TX_1,2014-06-15,2.0,9.98,HOBBIES
HOBBIES_1_308,TX_2,2013-05-05,2.0,11.48,HOBBIES
HOBBIES_1_308,TX_2,2014-04-20,3.0,9.98,HOBBIES
HOBBIES_1_308,TX_2,2014-06-15,1.0,9.98,HOBBIES
HOBBIES_1_308,TX_3,2013-05-05,2.0,11.98,HOBBIES
HOBBIES_1_322,CA_1,2014-04-20,1.0,3.97,HOBBIES
HOBBIES_1_322,CA_3,2013-05-05,1.0,3.97,HOBBIES
HOBBIES_1_322,TX_2,2013-05-05,2.0,3.97,HOBBIES
HOBBIES_1_322,TX_2,2014-06-15,1.0,3.97,HOBBIES
HOBBIES_1_322,TX_3,2014-06-15,1.0,3.97,HOBBIES
HOBBIES_1_322,WI_1,2013-05-05,1.0,3.97,HOBBIES
HOBBIES_1_322,WI_2,2013-05-05,1.0,3.97,HOBBIES
HOBBIES_1_322,WI_2,2014-04-20,1.0,3.97,HOBBIES
HOBBIES_1_322,WI_2,2014-06-15,1.0,3.97,HOBBIES
HOBBIES_1_323,CA_1,2011-04-24,3.0,5.24,HOBBIES
HOBBIES_1_323,CA_1,2013-05-05,2.0,5.24,HOBBIES
HOBBIES_1_323,CA_2,2013-05-05,1.0,5.24,HOBBIES
HOBBIES_1_323,CA_2,2014-06-15,1.0,5.24,HOBBIES
HOBBIES_1_323,CA_3,2011-04-24,3.0,5.24,HOBBIES
HOBBIES_1_323,CA_3,2013-05-05,1.0,5.24,HOBBIES
HOBBIES_1_323,CA_3,2014-04-20,5.0,5.24,HOBBIES
HOBBIES_1_323,CA_3,2014-06-15,2.0,5.24,HOBBIES
HOBBIES_1_323,TX_1,2011-04-24,3.0,4.62,HOBBIES
HOBBIES_1_323,TX_1,2013-05-05,6.0,4.62,HOBBIES
HOBBIES_1_323,TX_1,2014-04-20,6.0,4.62,HOBBIES
HOBBIES_1_323,TX_1,2014-06-15,7.0,4.62,HOBBIES
HOBBIES_1_323,TX_2,2011-04-24,7.0,4.62,HOBBIES
HOBBIES_1_323,TX_2,2013-05-05,7.0,4.62,HOBBIES
HOBBIES_1_323,TX_2,2014-06-15,3.0,4.62,HOBBIES
HOBBIES_1_323,TX_3,2013-05-05,2.0,5.24,HOBBIES
HOBBIES_1_323,TX_3,2014-04-20,3.0,5.24,HOBBIES
HOBBIES_1_323,TX_3,2014-06-15,4.0,5.24,HOBBIES
HOBBIES_1_323,WI_1,2013-05-05,2.0,5.24,HOBBIES
HOBBIES_1_323,WI_2,2013-05-05,3.0,5.24,HOBBIES
HOBBIES_1_323,WI_2,2014-06-15,1.0,5.24,HOBBIES
HOBBIES_1_323,WI_3,2014-06-15,1.0,5.24,HOBBIES
HOBBIES_1_327,CA_1,2013-05-05,1.0,7.88,HOBBIES
HOBBIES_1_327,CA_1,2014-04-20,2.0,7.88,HOBBIES
HOBBIES_1_327,CA_1,2014-06-15,2.0,7.88,HOBBIES
HOBBIES_1_327,CA_2,2013-05-05,2.0,7.88,HOBBIES
HOBBIES_1_327,CA_3,2014-04-20,2.0,7.88,HOBBIES
HOBBIES_1_327,CA_3,2014-06-15,1.0,7.88,HOBBIES
HOBBIES_1_327,CA_4,2013-05-05,1.0,7.88,HOBBIES
HOBBIES_1_327,CA_4,2014-04-20,1.0,7.88,HOBBIES
HOBBIES_1_327,CA_4,2014-06-15,1.0,7.88,HOBBIES
HOBBIES_1_327,TX_1,2014-04-20,1.0,7.88,HOBBIES
HOBBIES_1_327,TX_2,2013-05-05,2.0,7.88,HOBBIES
HOBBIES_1_327,TX_2,2014-04-20,1.0,7.88,HOBBIES
HOBBIES_1_327,TX_2,2014-06-15,1.0,7.88,HOBBIES
HOBBIES_1_327,TX_3,2014-04-20,2.0,7.88,HOBBIES
HOBBIES_1_327,WI_1,2014-04-20,1.0,7.88,HOBBIES
HOBBIES_1_327,WI_1,2014-06-15,2.0,7.88,HOBBIES
HOBBIES_1_327,WI_2,2013-05-05,1.0,7.88,HOBBIES
HOBBIES_1_327,WI_3,2013-05-05,2.0,7.88,HOBBIES
HOBBIES_1_330,CA_1,2011-04-24,1.0,7.44,HOBBIES
HOBBIES_1_330,CA_1,2013-05-05,5.0,7.78,HOBBIES
HOBBIES_1_330,CA_1,2014-06-15,1.0,7.78,HOBBIES
HOBBIES_1_330,CA_2,2011-04-24,2.0,7.44,HOBBIES
HOBBIES_1_330,CA_2,2013-05-05,3.0,7.78,HOBBIES
HOBBIES_1_330,CA_3,2011-04-24,1.0,7.44,HOBBIES
HOBBIES_1_330,CA_3,2013-05-05,4.0,7.78,HOBBIES
HOBBIES_1_330,CA_3,2014-04-20,1.0,7.78,HOBBIES
HOBBIES_1_330,CA_3,2014-06-15,1.0,7.78,HOBBIES
HOBBIES_1_330,CA_4,2013-05-05,3.0,7.78,HOBBIES
HOBBIES_1_330,TX_2,2011-04-24,2.0,7.44,HOBBIES
HOBBIES_1_330,TX_2,2014-04-20,1.0,7.44,HOBBIES
HOBBIES_1_330,TX_2,2014-06-15,1.0,7.44,HOBBIES
HOBBIES_1_330,TX_3,2011-04-24,1.0,7.94,HOBBIES
HOBBIES_1_330,TX_3,2014-06-15,1.0,7.78,HOBBIES
HOBBIES_1_330,WI_1,2011-04-24,7.0,7.44,HOBBIES
HOBBIES_1_330,WI_1,2013-05-05,4.0,7.78,HOBBIES
HOBBIES_1_330,WI_1,2014-04-20,7.0,7.78,HOBBIES
HOBBIES_1_330,WI_1,2014-06-15,4.0,7.78,HOBBIES
HOBBIES_1_330,WI_2,2011-04-24,2.0,8.12,HOBBIES
HOBBIES_1_330,WI_3,2011-04-24,1.0,7.44,HOBBIES
HOBBIES_1_330,WI_3,2013-05-05,9.0,7.78,HOBBIES
HOBBIES_1_330,WI_3,2014-04-20,1.0,7.78,HOBBIES
HOBBIES_1_330,WI_3,2014-06-15,1.0,7.78,HOBBIES
HOBBIES_1_331,CA_1,2013-05-05,3.0,0.94,HOBBIES
HOBBIES_1_331,CA_1,2014-04-20,2.0,0.94,HOBBIES
HOBBIES_1_331,CA_2,2014-04-20,1.0,0.94,HOBBIES
HOBBIES_1_331,CA_3,2013-05-05,3.0,0.94,HOBBIES
HOBBIES_1_331,CA_3,2014-04-20,1.0,0.94,HOBBIES
HOBBIES_1_331,CA_4,2014-04-20,2.0,0.94,HOBBIES
HOBBIES_1_331,CA_4,2014-06-15,2.0,0.94,HOBBIES
HOBBIES_1_331,TX_1,2014-04-20,2.0,0.94,HOBBIES
HOBBIES_1_331,TX_1,2014-06-15,1.0,0.94,HOBBIES
HOBBIES_1_331,TX_3,2014-06-15,1.0,0.94,HOBBIES
HOBBIES_1_331,WI_1,2014-06-15,1.0,0.94,HOBBIES
HOBBIES_1_331,WI_2,2014-04-20,1.0,0.94,HOBBIES
HOBBIES_1_331,WI_2,2014-06-15,1.0,0.94,HOBBIES
HOBBIES_1_333,CA_2,2013-05-05,1.0,4.97,HOBBIES
HOBBIES_1_333,CA_4,2013-05-05,2.0,4.97,HOBBIES
HOBBIES_1_333,CA_4,2014-04-20,1.0,4.97,HOBBIES
HOBBIES_1_333,TX_2,2014-06-15,1.0,4.97,HOBBIES
HOBBIES_1_333,TX_3,2013-05-05,1.0,4.97,HOBBIES
HOBBIES_1_333,WI_1,2014-04-20,1.0,4.97,HOBBIES
HOBBIES_1_333,WI_2,2014-04-20,1.0,4.97,HOBBIES
HOBBIES_1_333,WI_2,2014-06-15,2.0,4.97,HOBBIES
HOBBIES_1_334,CA_2,2014-04-20,1.0,5.98,HOBBIES
HOBBIES_1_334,WI_1,2014-06-15,1.0,5.98,HOBBIES
HOBBIES_1_340,TX_3,2014-06-15,1.0,7.98,HOBBIES
HOBBIES_1_341,CA_1,2011-04-24,11.0,0.5,HOBBIES
HOBBIES_1_341,CA_1,2014-04-20,4.0,0.46,HOBBIES
HOBBIES_1_341,CA_1,2014-06-15,6.0,0.46,HOBBIES
HOBBIES_1_341,CA_2,2011-04-24,3.0,0.5,HOBBIES
HOBBIES_1_341,CA_2,2013-05-05,2.0,0.46,HOBBIES
HOBBIES_1_341,CA_2,2014-04-20,3.0,0.46,HOBBIES
HOBBIES_1_341,CA_2,2014-06-15,5.0,0.46,HOBBIES
HOBBIES_1_341,CA_3,2011-04-24,18.0,0.5,HOBBIES
HOBBIES_1_341,CA_3,2013-05-05,15.0,0.46,HOBBIES
HOBBIES_1_341,CA_3,2014-04-20,10.0,0.46,HOBBIES
HOBBIES_1_341,CA_3,2014-06-15,15.0,0.46,HOBBIES
HOBBIES_1_341,CA_4,2011-04-24,32.0,0.5,HOBBIES
HOBBIES_1_341,CA_4,2013-05-05,11.0,0.46,HOBBIES
HOBBIES_1_341,CA_4,2014-04-20,3.0,0.46,HOBBIES
HOBBIES_1_341,TX_1,2011-04-24,4.0,0.5,HOBBIES
HOBBIES_1_341,TX_1,2013-05-05,14.0,0.46,HOBBIES
HOBBIES_1_341,TX_1,2014-04-20,5.0,0.46,HOBBIES
HOBBIES_1_341,TX_1,2014-06-15,4.0,0.46,HOBBIES
HOBBIES_1_341,TX_2,2011-04-24,4.0,0.5,HOBBIES
HOBBIES_1_341,TX_2,2013-05-05,6.0,0.46,HOBBIES
HOBBIES_1_341,TX_2,2014-06-15,6.0,0.46,HOBBIES
HOBBIES_1_341,TX_3,2013-05-05,2.0,0.46,HOBBIES
HOBBIES_1_341,TX_3,2014-06-15,2.0,0.46,HOBBIES
HOBBIES_1_341,WI_1,2011-04-24,6.0,0.5,HOBBIES
HOBBIES_1_341,WI_1,2013-05-05,14.0,0.46,HOBBIES
HOBBIES_1_341,WI_1,2014-06-15,3.0,0.46,HOBBIES
HOBBIES_1_341,WI_2,2013-05-05,4.0,0.46,HOBBIES
HOBBIES_1_341,WI_2,2014-06-15,2.0,0.46,HOBBIES
HOBBIES_1_341,WI_3,2011-04-24,7.0,0.5,HOBBIES
HOBBIES_1_341,WI_3,2014-04-20,2.0,0.46,HOBBIES
HOBBIES_1_341,WI_3,2014-06-15,4.0,0.46,HOBBIES
HOBBIES_1_352,CA_1,2014-04-20,3.0,2.63,HOBBIES
HOBBIES_1_352,CA_2,2014-06-15,2.0,2.63,HOBBIES
HOBBIES_1_352,CA_3,2014-04-20,2.0,2.63,HOBBIES
HOBBIES_1_352,CA_4,2014-06-15,1.0,2.63,HOBBIES
HOBBIES_1_352,TX_2,2014-06-15,1.0,2.63,HOBBIES
HOBBIES_1_352,TX_3,2014-04-20,1.0,2.63,HOBBIES
HOBBIES_1_352,TX_3,2014-06-15,3.0,2.63,HOBBIES
HOBBIES_1_352,WI_1,2014-06-15,1.0,2.63,HOBBIES
HOBBIES_1_352,WI_3,2014-04-20,1.0,2.63,HOBBIES
HOBBIES_1_352,WI_3,2014-06-15,1.0,2.63,HOBBIES
HOBBIES_1_363,CA_2,2013-05-05,3.0,2.88,HOBBIES
HOBBIES_1_363,CA_3,2011-04-24,1.0,2.79,HOBBIES
HOBBIES_1_363,CA_3,2013-05-05,1.0,2.88,HOBBIES
HOBBIES_1_363,CA_4,2013-05-05,1.0,2.88,HOBBIES
HOBBIES_1_363,TX_1,2011-04-24,1.0,2.79,HOBBIES
HOBBIES_1_363,TX_2,2011-04-24,2.0,2.79,HOBBIES
HOBBIES_1_363,TX_2,2014-04-20,1.0,2.88,HOBBIES
HOBBIES_1_363,TX_2,2014-06-15,1.0,2.88,HOBBIES
HOBBIES_1_363,TX_3,2011-04-24,1.0,2.79,HOBBIES
HOBBIES_1_363,TX_3,2014-04-20,1.0,2.88,HOBBIES
HOBBIES_1_363,TX_3,2014-06-15,1.0,2.88,HOBBIES
HOBBIES_1_363,WI_3,2013-05-05,3.0,2.88,HOBBIES
HOBBIES_1_377,CA_3,2014-04-20,1.0,9.98,HOBBIES
HOBBIES_1_377,WI_3,2014-06-15,1.0,9.98,HOBBIES
HOBBIES_1_379,CA_1,2013-05-05,1.0,2.12,HOBBIES
HOBBIES_1_379,CA_1,2014-04-20,1.0,2.24,HOBBIES
HOBBIES_1_379,CA_1,2014-06-15,4.0,2.24,HOBBIES
HOBBIES_1_379,CA_3,2011-04-24,5.0,2.24,HOBBIES
HOBBIES_1_379,CA_3,2013-05-05,5.0,2.24,HOBBIES
HOBBIES_1_379,CA_3,2014-04-20,3.0,2.24,HOBBIES
HOBBIES_1_379,CA_3,2014-06-15,2.0,2.24,HOBBIES
HOBBIES_1_379,CA_4,2011-04-24,1.0,2.24,HOBBIES
HOBBIES_1_379,CA_4,2014-04-20,2.0,2.24,HOBBIES
HOBBIES_1_379,CA_4,2014-06-15,1.0,2.24,HOBBIES
HOBBIES_1_379,TX_1,2011-04-24,1.0,2.24,HOBBIES
HOBBIES_1_379,TX_1,2013-05-05,1.0,1.98,HOBBIES
HOBBIES_1_379,TX_1,2014-06-15,2.0,1.98,HOBBIES
HOBBIES_1_379,TX_2,2014-04-20,2.0,1.98,HOBBIES
HOBBIES_1_379,TX_3,2014-04-20,2.0,2.24,HOBBIES
HOBBIES_1_379,TX_3,2014-06-15,3.0,2.24,HOBBIES
HOBBIES_1_379,WI_1,2013-05-05,3.0,2.12,HOBBIES
HOBBIES_1_379,WI_1,2014-04-20,1.0,2.24,HOBBIES
HOBBIES_1_379,WI_1,2014-06-15,3.0,2.24,HOBBIES
HOBBIES_1_379,WI_2,2013-05-05,1.0,2.12,HOBBIES
HOBBIES_1_379,WI_2,2014-06-15,3.0,2.24,HOBBIES
HOBBIES_1_379,WI_3,2011-04-24,1.0,2.24,HOBBIES
HOBBIES_1_379,WI_3,2013-05-05,1.0,2.24,HOBBIES
HOBBIES_1_379,WI_3,2014-06-15,1.0,2.24,HOBBIES
HOBBIES_1_396,CA_3,2014-06-15,2.0,1.88,HOBBIES
HOBBIES_1_396,CA_4,2014-06-15,1.0,1.88,HOBBIES
HOBBIES_1_396,TX_1,2014-04-20,2.0,1.88,HOBBIES
HOBBIES_1_396,WI_1,2014-06-15,1.0,1.88,HOBBIES
HOBBIES_1_402,CA_2,2013-05-05,1.0,9.94,HOBBIES
HOBBIES_1_402,TX_3,2014-06-15,1.0,9.94,HOBBIES
HOBBIES_1_411,CA_1,2014-06-15,1.0,1.34,HOBBIES
HOBBIES_1_411,CA_2,2013-05-05,1.0,1.34,HOBBIES
HOBBIES_1_411,CA_3,2011-04-24,1.0,1.34,HOBBIES
HOBBIES_1_411,CA_3,2014-04-20,2.0,1.34,HOBBIES
HOBBIES_1_411,CA_3,2014-06-15,1.0,1.34,HOBBIES
HOBBIES_1_411,TX_1,2011-04-24,1.0,1.34,HOBBIES
HOBBIES_1_411,TX_1,2013-05-05,1.0,1.34,HOBBIES
HOBBIES_1_411,TX_1,2014-04-20,2.0,1.34,HOBBIES
HOBBIES_1_411,TX_2,2011-04-24,2.0,1.34,HOBBIES
HOBBIES_1_411,TX_2,2013-05-05,6.0,1.34,HOBBIES
HOBBIES_1_411,TX_2,2014-06-15,3.0,1.34,HOBBIES
HOBBIES_1_411,TX_3,2011-04-24,1.0,1.34,HOBBIES
HOBBIES_1_411,TX_3,2013-05-05,1.0,1.34,HOBBIES
HOBBIES_1_411,WI_1,2013-05-05,1.0,1.34,HOBBIES
HOBBIES_1_411,WI_1,2014-06-15,3.0,1.34,HOBBIES
HOBBIES_1_411,WI_2,2013-05-05,1.0,1.34,HOBBIES
HOBBIES_1_411,WI_2,2014-06-15,1.0,1.34,HOBBIES
HOBBIES_1_417,CA_1,2014-04-20,14.0,0.58,HOBBIES
HOBBIES_1_417,CA_1,2014-06-15,5.0,0.58,HOBBIES
HOBBIES_1_417,CA_2,2011-04-24,5.0,0.54,HOBBIES
HOBBIES_1_417,CA_2,2013-05-05,2.0,0.58,HOBBIES
HOBBIES_1_417,CA_3,2013-05-05,1.0,0.58,HOBBIES
HOBBIES_1_417,CA_3,2014-04-20,2.0,0.58,HOBBIES
HOBBIES_1_417,CA_3,2014-06-15,2.0,0.58,HOBBIES
HOBBIES_1_417,CA_4,2011-04-24,3.0,0.54,HOBBIES
HOBBIES_1_417,CA_4,2013-05-05,2.0,0.58,HOBBIES
HOBBIES_1_417,CA_4,2014-04-20,1.0,0.58,HOBBIES
HOBBIES_1_417,CA_4,2014-06-15,7.0,0.58,HOBBIES
HOBBIES_1_417,TX_1,2011-04-24,4.0,0.54,HOBBIES
HOBBIES_1_417,TX_1,2013-05-05,4.0,0.54,HOBBIES
HOBBIES_1_417,TX_2,2011-04-24,4.0,0.54,HOBBIES
HOBBIES_1_417,TX_2,2014-04-20,10.0,0.54,HOBBIES
HOBBIES_1_417,TX_2,2014-06-15,9.0,0.54,HOBBIES
HOBBIES_1_417,TX_3,2014-04-20,2.0,0.58,HOBBIES
HOBBIES_1_417,WI_1,2011-04-24,1.0,0.54,HOBBIES
HOBBIES_1_417,WI_2,2011-04-24,2.0,0.54,HOBBIES
HOBBIES_1_417,WI_2,2013-05-05,2.0,0.58,HOBBIES
HOBBIES_1_417,WI_2,2014-04-20,1.0,0.58,HOBBIES
HOBBIES_1_417,WI_2,2014-06-15,6.0,0.58,HOBBIES
HOBBIES_1_417,WI_3,2013-05-05,1.0,0.58,HOBBIES
HOBBIES_1_420,CA_1,2013-05-05,1.0,5.74,HOBBIES
HOBBIES_1_420,CA_1,2014-06-15,2.0,5.74,HOBBIES
HOBBIES_1_420,CA_2,2011-04-24,2.0,5.57,HOBBIES
HOBBIES_1_420,CA_2,2013-05-05,1.0,5.74,HOBBIES
HOBBIES_1_420,CA_2,2014-04-20,1.0,5.74,HOBBIES
HOBBIES_1_420,CA_2,2014-06-15,1.0,5.74,HOBBIES
HOBBIES_1_420,CA_3,2011-04-24,2.0,5.57,HOBBIES
HOBBIES_1_420,CA_3,2013-05-05,1.0,5.74,HOBBIES
HOBBIES_1_420,CA_3,2014-04-20,8.0,5.74,HOBBIES
HOBBIES_1_420,TX_1,2013-05-05,1.0,5.74,HOBBIES
HOBBIES_1_420,TX_1,2014-04-20,1.0,5.74,HOBBIES
HOBBIES_1_420,TX_1,2014-06-15,3.0,5.74,HOBBIES
HOBBIES_1_420,TX_2,2011-04-24,1.0,5.57,HOBBIES
HOBBIES_1_420,TX_2,2013-05-05,1.0,5.74,HOBBIES
HOBBIES_1_420,TX_2,2014-04-20,1.0,5.74,HOBBIES
HOBBIES_1_420,TX_2,2014-06-15,1.0,5.74,HOBBIES
HOBBIES_1_420,TX_3,2014-06-15,2.0,5.74,HOBBIES
HOBBIES_1_420,WI_1,2011-04-24,2.0,5.57,HOBBIES
HOBBIES_1_420,WI_1,2013-05-05,1.0,5.74,HOBBIES
HOBBIES_1_420,WI_2,2014-04-20,1.0,5.74,HOBBIES
HOBBIES_1_420,WI_3,2013-05-05,1.0,5.74,HOBBIES
HOBBIES_1_420,WI_3,2014-04-20,2.0,5.74,HOBBIES
HOBBIES_1_423,CA_1,2013-05-05,3.0,7.78,HOBBIES
HOBBIES_1_423,CA_1,2014-06-15,3.0,7.78,HOBBIES
HOBBIES_1_423,CA_3,2013-05-05,4.0,7.78,HOBBIES
HOBBIES_1_423,CA_4,2013-05-05,1.0,7.78,HOBBIES
HOBBIES_1_423,CA_4,2014-04-20,1.0,7.78,HOBBIES
HOBBIES_1_423,CA_4,2014-06-15,1.0,7.78,HOBBIES
HOBBIES_1_423,TX_2,2014-04-20,1.0,7.78,HOBBIES
HOBBIES_1_423,TX_3,2014-04-20,1.0,7.78,HOBBIES
HOBBIES_1_423,TX_3,2014-06-15,1.0,7.78,HOBBIES
HOBBIES_1_423,WI_1,2013-05-05,1.0,7.78,HOBBIES
HOBBIES_1_423,WI_1,2014-04-20,1.0,7.78,HOBBIES
HOBBIES_1_423,WI_2,2013-05-05,1.0,7.78,HOBBIES
HOBBIES_1_423,WI_3,2014-06-15,1.0,7.78,HOBBIES
HOBBIES_2_001,TX_1,2014-04-20,1.0,5.47,HOBBIES
HOBBIES_2_001,TX_2,2014-04-20,1.0,5.47,HOBBIES
HOBBIES_2_008,TX_1,2014-06-15,1.0,3.88,HOBBIES
HOBBIES_2_008,TX_3,2013-05-05,1.0,3.88,HOBBIES
HOBBIES_2_015,TX_3,2014-06-15,1.0,2.47,HOBBIES
HOBBIES_2_018,CA_2,2013-05-05,1.0,3.37,HOBBIES
HOBBIES_2_021,CA_2,2014-04-20,1.0,0.97,HOBBIES
HOBBIES_2_034,TX_2,2014-04-20,1.0,2.97,HOBBIES
HOBBIES_2_034,WI_1,2014-06-15,1.0,2.97,HOBBIES
HOBBIES_2_042,CA_1,2014-06-15,1.0,0.74,HOBBIES
HOBBIES_2_042,TX_2,2013-05-05,2.0,1.47,HOBBIES
HOBBIES_2_048,CA_1,2014-04-20,1.0,2.77,HOBBIES
HOBBIES_2_048,TX_2,2013-05-05,1.0,2.77,HOBBIES
HOBBIES_2_048,TX_3,2013-05-05,1.0,2.77,HOBBIES
HOBBIES_2_048,WI_2,2013-05-05,2.0,2.77,HOBBIES
HOBBIES_2_056,CA_1,2014-06-15,1.0,3.5,HOBBIES
HOBBIES_2_063,CA_1,2014-04-20,2.0,0.97,HOBBIES
HOBBIES_2_063,CA_3,2014-06-15,1.0,0.97,HOBBIES
HOBBIES_2_063,TX_1,2013-05-05,1.0,0.97,HOBBIES
HOBBIES_2_063,TX_1,2014-04-20,2.0,0.97,HOBBIES
HOBBIES_2_063,TX_2,2014-04-20,1.0,0.97,HOBBIES
HOBBIES_2_063,TX_3,2013-05-05,1.0,0.97,HOBBIES
HOBBIES_2_063,WI_2,2013-05-05,1.0,0.97,HOBBIES
HOBBIES_2_063,WI_2,2014-04-20,1.0,0.97,HOBBIES
HOBBIES_2_063,WI_3,2013-05-05,1.0,0.97,HOBBIES
HOBBIES_2_064,CA_2,2014-04-20,1.0,0.97,HOBBIES
HOBBIES_2_071,CA_2,2014-04-20,3.0,0.97,HOBBIES
HOBBIES_2_071,CA_2,2014-06-15,1.0,0.97,HOBBIES
HOBBIES_2_071,WI_3,2014-04-20,1.0,0.97,HOBBIES
HOBBIES_2_071,WI_3,2014-06-15,1.0,0.97,HOBBIES
HOBBIES_2_080,TX_1,2014-06-15,1.0,3.97,HOBBIES
HOBBIES_2_080,TX_2,2014-04-20,1.0,3.97,HOBBIES
HOBBIES_2_080,WI_1,2014-06-15,1.0,3.97,HOBBIES
HOBBIES_2_091,CA_2,2014-04-20,4.0,0.97,HOBBIES
HOBBIES_2_091,WI_3,2014-04-20,2.0,0.97,HOBBIES
HOBBIES_2_091,WI_3,2014-06-15,1.0,0.97,HOBBIES
HOBBIES_2_092,CA_1,2014-04-20,1.0,4.97,HOBBIES
HOBBIES_2_092,CA_2,2014-06-15,1.0,4.97,HOBBIES
HOBBIES_2_092,CA_4,2014-04-20,1.0,4.97,HOBBIES
HOBBIES_2_092,TX_1,2014-06-15,1.0,4.97,HOBBIES
HOBBIES_2_092,TX_2,2014-04-20,1.0,4.97,HOBBIES
HOBBIES_2_092,TX_3,2014-06-15,2.0,4.97,HOBBIES
HOBBIES_2_092,WI_2,2014-06-15,1.0,4.97,HOBBIES
HOBBIES_2_096,CA_2,2013-05-05,1.0,2.77,HOBBIES
HOBBIES_2_096,CA_3,2013-05-05,1.0,2.77,HOBBIES
HOBBIES_2_096,CA_3,2014-06-15,1.0,2.77,HOBBIES
HOBBIES_2_096,CA_4,2014-06-15,1.0,2.77,HOBBIES
HOBBIES_2_096,TX_1,2014-06-15,2.0,2.77,HOBBIES
HOBBIES_2_096,TX_2,2013-05-05,1.0,2.77,HOBBIES
HOBBIES_2_096,WI_2,2013-05-05,1.0,2.77,HOBBIES
HOBBIES_2_096,WI_3,2013-05-05,1.0,2.77,HOBBIES
HOBBIES_2_112,WI_1,2014-06-15,1.0,2.47,HOBBIES
HOBBIES_2_113,CA_3,2014-04-20,2.0,5.97,HOBBIES
HOBBIES_2_113,TX_1,2014-04-20,1.0,5.97,HOBBIES
HOBBIES_2_113,TX_3,2014-04-20,1.0,5.97,HOBBIES
HOBBIES_2_117,CA_1,2014-06-15,1.0,2.88,HOBBIES
HOBBIES_2_117,CA_3,2013-05-05,1.0,2.77,HOBBIES
HOBBIES_2_117,TX_3,2013-05-05,1.0,2.77,HOBBIES
HOBBIES_2_117,WI_3,2013-05-05,1.0,2.77,HOBBIES
HOBBIES_2_117,WI_3,2014-06-15,1.0,2.88,HOBBIES
HOBBIES_2_120,CA_2,2014-06-15,1.0,2.47,HOBBIES
HOBBIES_2_120,CA_3,2014-04-20,2.0,2.47,HOBBIES
HOBBIES_2_120,WI_3,2014-04-20,1.0,2.47,HOBBIES
HOBBIES_2_129,CA_2,2014-04-20,2.0,0.23,HOBBIES
HOBBIES_2_129,CA_4,2014-04-20,1.0,0.23,HOBBIES
HOBBIES_2_129,TX_2,2013-05-05,2.0,0.23,HOBBIES
HOBBIES_2_129,TX_3,2014-06-15,2.0,0.23,HOBBIES
HOBBIES_2_129,WI_2,2013-05-05,8.0,0.23,HOBBIES
HOBBIES_2_129,WI_2,2014-04-20,1.0,0.23,HOBBIES
HOBBIES_2_139,CA_1,2014-06-15,1.0,4.97,HOBBIES
HOBBIES_2_139,CA_3,2014-04-20,1.0,4.97,HOBBIES
HOBBIES_2_139,TX_2,2014-04-20,1.0,4.97,HOBBIES
HOBBIES_2_139,TX_3,2013-05-05,1.0,4.97,HOBBIES
HOBBIES_2_139,TX_3,2014-04-20,1.0,4.97,HOBBIES
HOBBIES_2_142,CA_1,2011-04-24,10.0,0.25,HOBBIES
HOBBIES_2_142,CA_2,2014-04-20,1.0,0.23,HOBBIES
HOBBIES_2_142,CA_2,2014-06-15,20.0,0.23,HOBBIES
HOBBIES_2_142,TX_1,2013-05-05,1.0,0.23,HOBBIES
HOBBIES_2_142,TX_2,2011-04-24,3.0,0.25,HOBBIES
HOBBIES_2_142,TX_2,2013-05-05,2.0,0.23,HOBBIES
HOBBIES_2_142,TX_2,2014-04-20,4.0,0.23,HOBBIES
HOBBIES_2_142,TX_3,2013-05-05,3.0,0.23,HOBBIES
HOBBIES_2_142,WI_1,2013-05-05,3.0,0.23,HOBBIES
HOBBIES_2_142,WI_2,2013-05-05,9.0,0.23,HOBBIES
HOUSEHOLD_1_001,CA_1,2014-06-15,1.0,5.97,HOUSEHOLD
HOUSEHOLD_1_001,CA_2,2014-04-20,1.0,5.97,HOUSEHOLD
HOUSEHOLD_1_001,CA_2,2014-06-15,1.0,5.97,HOUSEHOLD
HOUSEHOLD_1_001,CA_3,2014-04-20,2.0,5.97,HOUSEHOLD
HOUSEHOLD_1_001,CA_3,2014-06-15,4.0,5.97,HOUSEHOLD
HOUSEHOLD_1_001,CA_4,2011-04-24,1.0,6.27,HOUSEHOLD
HOUSEHOLD_1_001,TX_2,2014-04-20,1.0,5.97,HOUSEHOLD
HOUSEHOLD_1_001,TX_3,2014-04-20,1.0,5.97,HOUSEHOLD
HOUSEHOLD_1_001,WI_1,2013-05-05,1.0,5.97,HOUSEHOLD
HOUSEHOLD_1_003,CA_1,2014-04-20,2.0,8.97,HOUSEHOLD
HOUSEHOLD_1_003,CA_1,2014-06-15,2.0,8.97,HOUSEHOLD
HOUSEHOLD_1_003,CA_2,2013-05-05,2.0,8.97,HOUSEHOLD
HOUSEHOLD_1_003,CA_2,2014-04-20,3.0,8.97,HOUSEHOLD
HOUSEHOLD_1_003,CA_3,2014-04-20,4.0,8.97,HOUSEHOLD
HOUSEHOLD_1_003,CA_3,2014-06-15,2.0,8.97,HOUSEHOLD
HOUSEHOLD_1_003,CA_4,2014-06-15,2.0,8.97,HOUSEHOLD
HOUSEHOLD_1_003,TX_2,2014-04-20,2.0,8.97,HOUSEHOLD
HOUSEHOLD_1_003,TX_2,2014-06-15,3.0,8.97,HOUSEHOLD
HOUSEHOLD_1_003,TX_3,2014-04-20,1.0,8.97,HOUSEHOLD
HOUSEHOLD_1_003,WI_1,2014-04-20,1.0,8.97,HOUSEHOLD
HOUSEHOLD_1_003,WI_3,2013-05-05,2.0,8.97,HOUSEHOLD
HOUSEHOLD_1_004,CA_1,2014-06-15,1.0,2.37,HOUSEHOLD
HOUSEHOLD_1_004,CA_2,2013-05-05,2.0,2.37,HOUSEHOLD
HOUSEHOLD_1_004,CA_2,2014-06-15,7.0,2.37,HOUSEHOLD
HOUSEHOLD_1_004,CA_3,2013-05-05,3.0,2.37,HOUSEHOLD
HOUSEHOLD_1_004,CA_3,2014-04-20,1.0,2.37,HOUSEHOLD
HOUSEHOLD_1_004,CA_3,2014-06-15,4.0,2.37,HOUSEHOLD
HOUSEHOLD_1_004,TX_1,2013-05-05,2.0,1.88,HOUSEHOLD
HOUSEHOLD_1_004,TX_2,2013-05-05,2.0,1.88,HOUSEHOLD
HOUSEHOLD_1_004,TX_2,2014-06-15,2.0,1.88,HOUSEHOLD
HOUSEHOLD_1_004,TX_3,2014-06-15,4.0,1.88,HOUSEHOLD
HOUSEHOLD_1_004,WI_1,2014-04-20,1.0,2.37,HOUSEHOLD
HOUSEHOLD_1_004,WI_1,2014-06-15,3.0,2.37,HOUSEHOLD
HOUSEHOLD_1_004,WI_2,2013-05-05,1.0,2.37,HOUSEHOLD
HOUSEHOLD_1_004,WI_3,2014-06-15,7.0,2.37,HOUSEHOLD
HOUSEHOLD_1_008,CA_2,2013-05-05,1.0,5.47,HOUSEHOLD
HOUSEHOLD_1_008,CA_3,2014-04-20,1.0,5.47,HOUSEHOLD
HOUSEHOLD_1_008,CA_3,2014-06-15,3.0,5.47,HOUSEHOLD
HOUSEHOLD_1_008,WI_3,2013-05-05,1.0,5.47,HOUSEHOLD
HOUSEHOLD_1_017,CA_2,2013-05-05,1.0,4.97,HOUSEHOLD
HOUSEHOLD_1_017,CA_2,2014-04-20,2.0,4.97,HOUSEHOLD
HOUSEHOLD_1_017,CA_4,2013-05-05,2.0,4.97,HOUSEHOLD
HOUSEHOLD_1_017,TX_2,2013-05-05,3.0,4.97,HOUSEHOLD
HOUSEHOLD_1_017,TX_2,2014-04-20,1.0,4.97,HOUSEHOLD
HOUSEHOLD_1_017,TX_3,2013-05-05,2.0,4.97,HOUSEHOLD
HOUSEHOLD_1_017,TX_3,2014-04-20,1.0,4.97,HOUSEHOLD
HOUSEHOLD_1_017,WI_1,2014-04-20,1.0,4.97,HOUSEHOLD
HOUSEHOLD_1_017,WI_2,2013-05-05,1.0,4.97,HOUSEHOLD
HOUSEHOLD_1_017,WI_2,2014-04-20,1.0,4.97,HOUSEHOLD
HOUSEHOLD_1_017,WI_3,2013-05-05,2.0,4.97,HOUSEHOLD
HOUSEHOLD_1_017,WI_3,2014-04-20,3.0,4.97,HOUSEHOLD
HOUSEHOLD_1_030,CA_1,2013-05-05,1.0,4.97,HOUSEHOLD
HOUSEHOLD_1_030,CA_1,2014-04-20,1.0,4.97,HOUSEHOLD
HOUSEHOLD_1_030,CA_1,2014-06-15,8.0,4.97,HOUSEHOLD
HOUSEHOLD_1_030,CA_2,2014-04-20,2.0,4.97,HOUSEHOLD
HOUSEHOLD_1_030,CA_3,2013-05-05,5.0,4.97,HOUSEHOLD
HOUSEHOLD_1_030,CA_3,2014-04-20,1.0,4.97,HOUSEHOLD
HOUSEHOLD_1_030,CA_3,2014-06-15,5.0,4.97,HOUSEHOLD
HOUSEHOLD_1_030,CA_4,2014-04-20,1.0,4.97,HOUSEHOLD
HOUSEHOLD_1_030,CA_4,2014-06-15,1.0,4.97,HOUSEHOLD
HOUSEHOLD_1_030,TX_1,2013-05-05,2.0,4.97,HOUSEHOLD
HOUSEHOLD_1_030,TX_1,2014-06-15,1.0,4.97,HOUSEHOLD
HOUSEHOLD_1_030,TX_2,2014-06-15,2.0,4.97,HOUSEHOLD
HOUSEHOLD_1_030,TX_3,2013-05-05,1.0,4.97,HOUSEHOLD
HOUSEHOLD_1_030,TX_3,2014-04-20,2.0,4.97,HOUSEHOLD
HOUSEHOLD_1_030,WI_1,2013-05-05,3.0,4.97,HOUSEHOLD
HOUSEHOLD_1_030,WI_1,2014-04-20,3.0,4.97,HOUSEHOLD
HOUSEHOLD_1_030,WI_1,2014-06-15,4.0,4.97,HOUSEHOLD
HOUSEHOLD_1_030,WI_2,2013-05-05,3.0,4.97,HOUSEHOLD
HOUSEHOLD_1_030,WI_2,2014-04-20,3.0,4.97,HOUSEHOLD
HOUSEHOLD_1_030,WI_2,2014-06-15,2.0,4.97,HOUSEHOLD
HOUSEHOLD_1_030,WI_3,2014-04-20,1.0,4.97,HOUSEHOLD
HOUSEHOLD_1_030,WI_3,2014-06-15,3.0,4.97,HOUSEHOLD
HOUSEHOLD_1_038,CA_1,2011-04-24,3.0,4.96,HOUSEHOLD
HOUSEHOLD_1_038,CA_1,2013-05-05,6.0,5.22,HOUSEHOLD
HOUSEHOLD_1_038,CA_1,2014-04-20,2.0,5.22,HOUSEHOLD
HOUSEHOLD_1_038,CA_1,2014-06-15,3.0,5.22,HOUSEHOLD
HOUSEHOLD_1_038,CA_2,2011-04-24,1.0,4.96,HOUSEHOLD
HOUSEHOLD_1_038,CA_2,2013-05-05,1.0,5.22,HOUSEHOLD
HOUSEHOLD_1_038,CA_2,2014-04-20,4.0,5.22,HOUSEHOLD
HOUSEHOLD_1_038,CA_2,2014-06-15,2.0,5.22,HOUSEHOLD
HOUSEHOLD_1_038,CA_3,2011-04-24,3.0,4.96,HOUSEHOLD
HOUSEHOLD_1_038,CA_3,2013-05-05,1.0,5.22,HOUSEHOLD
HOUSEHOLD_1_038,CA_3,2014-04-20,1.0,5.22,HOUSEHOLD
HOUSEHOLD_1_038,CA_3,2014-06-15,2.0,5.22,HOUSEHOLD
HOUSEHOLD_1_038,CA_4,2013-05-05,1.0,5.22,HOUSEHOLD
HOUSEHOLD_1_038,CA_4,2014-04-20,2.0,5.22,HOUSEHOLD
HOUSEHOLD_1_038,CA_4,2014-06-15,1.0,5.22,HOUSEHOLD
HOUSEHOLD_1_038,TX_1,2011-04-24,2.0,4.96,HOUSEHOLD
HOUSEHOLD_1_038,TX_1,2013-05-05,2.0,5.22,HOUSEHOLD
HOUSEHOLD_1_038,TX_1,2014-06-15,1.0,5.22,HOUSEHOLD
HOUSEHOLD_1_038,TX_2,2011-04-24,1.0,4.96,HOUSEHOLD
HOUSEHOLD_1_038,WI_1,2011-04-24,1.0,4.96,HOUSEHOLD
HOUSEHOLD_1_038,WI_1,2013-05-05,2.0,5.22,HOUSEHOLD
HOUSEHOLD_1_038,WI_1,2014-06-15,2.0,5.22,HOUSEHOLD
HOUSEHOLD_1_038,WI_2,2013-05-05,1.0,5.22,HOUSEHOLD
HOUSEHOLD_1_038,WI_2,2014-04-20,1.0,5.22,HOUSEHOLD
HOUSEHOLD_1_038,WI_2,2014-06-15,1.0,5.22,HOUSEHOLD
HOUSEHOLD_1_038,WI_3,2013-05-05,1.0,5.22,HOUSEHOLD
HOUSEHOLD_1_039,CA_1,2014-04-20,1.0,2.97,HOUSEHOLD
HOUSEHOLD_1_039,CA_2,2013-05-05,1.0,2.97,HOUSEHOLD
HOUSEHOLD_1_039,CA_2,2014-06-15,2.0,2.97,HOUSEHOLD
HOUSEHOLD_1_039,CA_3,2011-04-24,4.0,2.66,HOUSEHOLD
HOUSEHOLD_1_039,CA_3,2014-04-20,3.0,2.97,HOUSEHOLD
HOUSEHOLD_1_039,CA_3,2014-06-15,3.0,2.97,HOUSEHOLD
HOUSEHOLD_1_039,CA_4,2013-05-05,1.0,2.97,HOUSEHOLD
HOUSEHOLD_1_039,CA_4,2014-04-20,2.0,2.97,HOUSEHOLD
HOUSEHOLD_1_039,TX_1,2014-06-15,1.0,2.97,HOUSEHOLD
HOUSEHOLD_1_039,TX_2,2014-04-20,2.0,2.97,HOUSEHOLD
HOUSEHOLD_1_039,TX_2,2014-06-15,3.0,2.97,HOUSEHOLD
HOUSEHOLD_1_039,TX_3,2014-04-20,2.0,2.97,HOUSEHOLD
HOUSEHOLD_1_039,TX_3,2014-06-15,1.0,2.97,HOUSEHOLD
HOUSEHOLD_1_039,WI_1,2013-05-05,3.0,2.97,HOUSEHOLD
HOUSEHOLD_1_039,WI_1,2014-06-15,1.0,2.97,HOUSEHOLD
HOUSEHOLD_1_039,WI_2,2013-05-05,1.0,2.97,HOUSEHOLD
HOUSEHOLD_1_039,WI_2,2014-04-20,2.0,2.97,HOUSEHOLD
HOUSEHOLD_1_039,WI_2,2014-06-15,2.0,2.97,HOUSEHOLD
HOUSEHOLD_1_039,WI_3,2011-04-24,1.0,2.66,HOUSEHOLD
HOUSEHOLD_1_039,WI_3,2013-05-05,2.0,2.97,HOUSEHOLD
HOUSEHOLD_1_039,WI_3,2014-04-20,2.0,2.97,HOUSEHOLD
HOUSEHOLD_1_048,CA_1,2011-04-24,2.0,2.84,HOUSEHOLD
HOUSEHOLD_1_048,CA_1,2013-05-05,7.0,2.84,HOUSEHOLD
HOUSEHOLD_1_048,CA_1,2014-04-20,3.0,2.84,HOUSEHOLD
HOUSEHOLD_1_048,CA_1,2014-06-15,3.0,2.84,HOUSEHOLD
HOUSEHOLD_1_048,CA_2,2011-04-24,9.0,2.84,HOUSEHOLD
HOUSEHOLD_1_048,CA_2,2013-05-05,6.0,2.84,HOUSEHOLD
HOUSEHOLD_1_048,CA_2,2014-04-20,2.0,2.84,HOUSEHOLD
HOUSEHOLD_1_048,CA_2,2014-06-15,3.0,2.84,HOUSEHOLD
HOUSEHOLD_1_048,CA_3,2011-04-24,2.0,2.84,HOUSEHOLD
HOUSEHOLD_1_048,CA_3,2014-04-20,5.0,2.84,HOUSEHOLD
HOUSEHOLD_1_048,CA_3,2014-06-15,7.0,2.84,HOUSEHOLD
HOUSEHOLD_1_048,CA_4,2011-04-24,1.0,2.84,HOUSEHOLD
HOUSEHOLD_1_048,TX_1,2011-04-24,1.0,2.84,HOUSEHOLD
HOUSEHOLD_1_048,TX_1,2013-05-05,4.0,2.84,HOUSEHOLD
HOUSEHOLD_1_048,TX_1,2014-06-15,2.0,2.84,HOUSEHOLD
HOUSEHOLD_1_048,TX_2,2011-04-24,4.0,2.84,HOUSEHOLD
HOUSEHOLD_1_048,TX_2,2014-06-15,7.0,2.84,HOUSEHOLD
HOUSEHOLD_1_048,TX_3,2013-05-05,2.0,2.84,HOUSEHOLD
HOUSEHOLD_1_048,TX_3,2014-04-20,1.0,2.84,HOUSEHOLD
HOUSEHOLD_1_048,TX_3,2014-06-15,2.0,2.84,HOUSEHOLD
HOUSEHOLD_1_048,WI_1,2013-05-05,2.0,2.84,HOUSEHOLD
HOUSEHOLD_1_048,WI_1,2014-06-15,1.0,2.84,HOUSEHOLD
HOUSEHOLD_1_048,WI_2,2013-05-05,7.0,2.84,HOUSEHOLD
HOUSEHOLD_1_048,WI_2,2014-06-15,2.0,2.84,HOUSEHOLD
HOUSEHOLD_1_048,WI_3,2011-04-24,2.0,2.84,HOUSEHOLD
HOUSEHOLD_1_048,WI_3,2013-05-05,3.0,2.84,HOUSEHOLD
HOUSEHOLD_1_048,WI_3,2014-04-20,1.0,2.84,HOUSEHOLD
HOUSEHOLD_1_048,WI_3,2014-06-15,1.0,2.84,HOUSEHOLD
HOUSEHOLD_1_050,CA_1,2014-04-20,3.0,3.5,HOUSEHOLD
HOUSEHOLD_1_050,CA_1,2014-06-15,5.0,3.5,HOUSEHOLD
HOUSEHOLD_1_050,CA_2,2014-04-20,2.0,3.5,HOUSEHOLD
HOUSEHOLD_1_050,CA_2,2014-06-15,1.0,3.5,HOUSEHOLD
HOUSEHOLD_1_050,CA_3,2014-04-20,2.0,3.5,HOUSEHOLD
HOUSEHOLD_1_050,CA_3,2014-06-15,7.0,3.5,HOUSEHOLD
HOUSEHOLD_1_050,CA_4,2014-06-15,1.0,3.5,HOUSEHOLD
HOUSEHOLD_1_050,TX_1,2014-04-20,1.0,3.5,HOUSEHOLD
HOUSEHOLD_1_050,TX_1,2014-06-15,4.0,3.5,HOUSEHOLD
HOUSEHOLD_1_050,TX_2,2014-04-20,1.0,3.5,HOUSEHOLD
HOUSEHOLD_1_050,TX_2,2014-06-15,2.0,3.5,HOUSEHOLD
HOUSEHOLD_1_050,TX_3,2014-06-15,2.0,3.5,HOUSEHOLD
HOUSEHOLD_1_059,CA_1,2011-04-24,2.0,2.97,HOUSEHOLD
HOUSEHOLD_1_059,CA_2,2011-04-24,1.0,2.97,HOUSEHOLD
HOUSEHOLD_1_059,CA_3,2011-04-24,4.0,2.97,HOUSEHOLD
HOUSEHOLD_1_059,TX_1,2011-04-24,2.0,2.5,HOUSEHOLD
HOUSEHOLD_1_059,TX_3,2011-04-24,1.0,2.97,HOUSEHOLD
HOUSEHOLD_1_059,TX_3,2014-04-20,1.0,2.87,HOUSEHOLD
HOUSEHOLD_1_059,WI_1,2011-04-24,2.0,2.97,HOUSEHOLD
HOUSEHOLD_1_059,WI_2,2014-04-20,1.0,2.87,HOUSEHOLD
HOUSEHOLD_1_059,WI_3,2011-04-24,1.0,2.97,HOUSEHOLD
HOUSEHOLD_1_075,CA_1,2013-05-05,6.0,2.73,HOUSEHOLD
HOUSEHOLD_1_075,CA_2,2013-05-05,2.0,2.73,HOUSEHOLD
HOUSEHOLD_1_075,CA_2,2014-06-15,1.0,2.73,HOUSEHOLD
HOUSEHOLD_1_075,CA_3,2013-05-05,5.0,2.73,HOUSEHOLD
HOUSEHOLD_1_075,CA_3,2014-04-20,1.0,2.73,HOUSEHOLD
HOUSEHOLD_1_075,CA_3,2014-06-15,1.0,2.73,HOUSEHOLD
HOUSEHOLD_1_075,CA_4,2013-05-05,1.0,2.73,HOUSEHOLD
HOUSEHOLD_1_075,TX_1,2011-04-24,2.0,2.73,HOUSEHOLD
HOUSEHOLD_1_075,TX_1,2013-05-05,1.0,2.73,HOUSEHOLD
HOUSEHOLD_1_075,TX_1,2014-04-20,1.0,2.73,HOUSEHOLD
HOUSEHOLD_1_075,TX_1,2014-06-15,1.0,2.73,HOUSEHOLD
HOUSEHOLD_1_075,TX_2,2011-04-24,1.0,2.73,HOUSEHOLD
HOUSEHOLD_1_075,TX_2,2014-04-20,1.0,2.73,HOUSEHOLD
HOUSEHOLD_1_075,TX_2,2014-06-15,1.0,2.73,HOUSEHOLD
HOUSEHOLD_1_075,TX_3,2011-04-24,3.0,2.73,HOUSEHOLD
HOUSEHOLD_1_075,TX_3,2013-05-05,2.0,2.73,HOUSEHOLD
HOUSEHOLD_1_075,TX_3,2014-04-20,3.0,2.73,HOUSEHOLD
HOUSEHOLD_1_075,TX_3,2014-06-15,1.0,2.73,HOUSEHOLD
HOUSEHOLD_1_075,WI_1,2011-04-24,3.0,2.73,HOUSEHOLD
HOUSEHOLD_1_075,WI_1,2013-05-05,1.0,2.73,HOUSEHOLD
HOUSEHOLD_1_075,WI_1,2014-04-20,1.0,2.73,HOUSEHOLD
HOUSEHOLD_1_075,WI_2,2014-04-20,1.0,2.73,HOUSEHOLD
HOUSEHOLD_1_075,WI_2,2014-06-15,1.0,2.73,HOUSEHOLD
HOUSEHOLD_1_075,WI_3,2011-04-24,2.0,2.73,HOUSEHOLD
HOUSEHOLD_1_075,WI_3,2013-05-05,5.0,2.73,HOUSEHOLD
HOUSEHOLD_1_075,WI_3,2014-04-20,1.0,2.73,HOUSEHOLD
HOUSEHOLD_1_075,WI_3,2014-06-15,3.0,2.73,HOUSEHOLD
HOUSEHOLD_1_080,CA_3,2014-06-15,1.0,9.97,HOUSEHOLD
HOUSEHOLD_1_080,TX_1,2014-04-20,2.0,9.97,HOUSEHOLD
HOUSEHOLD_1_080,TX_1,2014-06-15,1.0,9.97,HOUSEHOLD
HOUSEHOLD_1_080,TX_2,2014-06-15,2.0,9.97,HOUSEHOLD
HOUSEHOLD_1_080,TX_3,2014-04-20,1.0,9.97,HOUSEHOLD
HOUSEHOLD_1_080,WI_1,2014-06-15,1.0,9.97,HOUSEHOLD
HOUSEHOLD_1_080,WI_2,2014-06-15,1.0,9.97,HOUSEHOLD
HOUSEHOLD_1_080,WI_3,2014-04-20,1.0,9.97,HOUSEHOLD
HOUSEHOLD_1_089,CA_1,2013-05-05,1.0,5.22,HOUSEHOLD
HOUSEHOLD_1_089,CA_1,2014-04-20,1.0,5.22,HOUSEHOLD
HOUSEHOLD_1_089,CA_2,2014-04-20,2.0,5.22,HOUSEHOLD
HOUSEHOLD_1_089,CA_4,2011-04-24,1.0,4.74,HOUSEHOLD
HOUSEHOLD_1_089,TX_1,2014-04-20,2.0,5.12,HOUSEHOLD
HOUSEHOLD_1_089,TX_2,2011-04-24,2.0,4.74,HOUSEHOLD
HOUSEHOLD_1_089,WI_1,2013-05-05,1.0,5.22,HOUSEHOLD
HOUSEHOLD_1_089,WI_1,2014-06-15,1.0,5.22,HOUSEHOLD
HOUSEHOLD_1_089,WI_2,2013-05-05,2.0,5.22,HOUSEHOLD
HOUSEHOLD_1_089,WI_2,2014-04-20,2.0,5.22,HOUSEHOLD
HOUSEHOLD_1_090,CA_1,2013-05-05,4.0,2.96,HOUSEHOLD
HOUSEHOLD_1_090,CA_1,2014-04-20,5.0,2.96,HOUSEHOLD
HOUSEHOLD_1_090,CA_1,2014-06-15,2.0,2.96,HOUSEHOLD
HOUSEHOLD_1_090,CA_2,2013-05-05,19.0,2.96,HOUSEHOLD
HOUSEHOLD_1_090,CA_2,2014-04-20,5.0,2.96,HOUSEHOLD
HOUSEHOLD_1_090,CA_2,2014-06-15,4.0,2.96,HOUSEHOLD
HOUSEHOLD_1_090,CA_3,2013-05-05,24.0,2.96,HOUSEHOLD
HOUSEHOLD_1_090,CA_3,2014-04-20,18.0,2.96,HOUSEHOLD
HOUSEHOLD_1_090,CA_3,2014-06-15,3.0,2.96,HOUSEHOLD
HOUSEHOLD_1_090,CA_4,2013-05-05,6.0,2.96,HOUSEHOLD
HOUSEHOLD_1_090,CA_4,2014-04-20,1.0,2.96,HOUSEHOLD
HOUSEHOLD_1_090,CA_4,2014-06-15,1.0,2.96,HOUSEHOLD
HOUSEHOLD_1_090,TX_1,2014-04-20,4.0,2.93,HOUSEHOLD
HOUSEHOLD_1_090,TX_1,2014-06-15,4.0,2.93,HOUSEHOLD
HOUSEHOLD_1_090,TX_2,2013-05-05,4.0,2.93,HOUSEHOLD
HOUSEHOLD_1_090,TX_2,2014-04-20,3.0,2.93,HOUSEHOLD
HOUSEHOLD_1_090,TX_2,2014-06-15,4.0,2.93,HOUSEHOLD
HOUSEHOLD_1_090,TX_3,2013-05-05,4.0,2.93,HOUSEHOLD
HOUSEHOLD_1_090,TX_3,2014-04-20,3.0,2.93,HOUSEHOLD
HOUSEHOLD_1_090,TX_3,2014-06-15,1.0,2.93,HOUSEHOLD
HOUSEHOLD_1_090,WI_1,2013-05-05,2.0,2.96,HOUSEHOLD
HOUSEHOLD_1_090,WI_1,2014-04-20,3.0,2.96,HOUSEHOLD
HOUSEHOLD_1_090,WI_1,2014-06-15,3.0,2.96,HOUSEHOLD
HOUSEHOLD_1_090,WI_2,2014-04-20,3.0,2.96,HOUSEHOLD
HOUSEHOLD_1_090,WI_2,2014-06-15,3.0,2.96,HOUSEHOLD
HOUSEHOLD_1_090,WI_3,2013-05-05,8.0,2.96,HOUSEHOLD
HOUSEHOLD_1_090,WI_3,2014-04-20,1.0,2.96,HOUSEHOLD
HOUSEHOLD_1_090,WI_3,2014-06-15,4.0,2.96,HOUSEHOLD
HOUSEHOLD_1_109,CA_1,2011-04-24,3.0,3.26,HOUSEHOLD
HOUSEHOLD_1_109,CA_1,2014-04-20,2.0,3.97,HOUSEHOLD
HOUSEHOLD_1_109,CA_1,2014-06-15,3.0,3.97,HOUSEHOLD
HOUSEHOLD_1_109,CA_2,2011-04-24,1.0,3.26,HOUSEHOLD
HOUSEHOLD_1_109,CA_2,2013-05-05,2.0,3.97,HOUSEHOLD
HOUSEHOLD_1_109,CA_2,2014-06-15,1.0,3.97,HOUSEHOLD
HOUSEHOLD_1_109,CA_3,2011-04-24,4.0,3.26,HOUSEHOLD
HOUSEHOLD_1_109,CA_3,2013-05-05,5.0,3.97,HOUSEHOLD
HOUSEHOLD_1_109,CA_3,2014-04-20,2.0,3.97,HOUSEHOLD
HOUSEHOLD_1_109,CA_3,2014-06-15,2.0,3.97,HOUSEHOLD
HOUSEHOLD_1_109,TX_1,2011-04-24,1.0,3.12,HOUSEHOLD
HOUSEHOLD_1_109,TX_1,2013-05-05,3.0,3.44,HOUSEHOLD
HOUSEHOLD_1_109,TX_1,2014-04-20,4.0,3.44,HOUSEHOLD
HOUSEHOLD_1_109,TX_1,2014-06-15,4.0,3.44,HOUSEHOLD
HOUSEHOLD_1_109,TX_2,2011-04-24,1.0,3.12,HOUSEHOLD
HOUSEHOLD_1_109,TX_2,2013-05-05,4.0,3.44,HOUSEHOLD
HOUSEHOLD_1_109,TX_2,2014-04-20,2.0,3.44,HOUSEHOLD
HOUSEHOLD_1_109,TX_2,2014-06-15,1.0,3.44,HOUSEHOLD
HOUSEHOLD_1_109,TX_3,2011-04-24,3.0,3.12,HOUSEHOLD
HOUSEHOLD_1_109,TX_3,2013-05-05,2.0,3.44,HOUSEHOLD
HOUSEHOLD_1_109,TX_3,2014-04-20,3.0,3.44,HOUSEHOLD
HOUSEHOLD_1_109,TX_3,2014-06-15,2.0,3.44,HOUSEHOLD
HOUSEHOLD_1_109,WI_1,2011-04-24,3.0,3.26,HOUSEHOLD
HOUSEHOLD_1_109,WI_1,2013-05-05,1.0,3.97,HOUSEHOLD
HOUSEHOLD_1_109,WI_1,2014-04-20,1.0,3.97,HOUSEHOLD
HOUSEHOLD_1_109,WI_1,2014-06-15,4.0,3.97,HOUSEHOLD
HOUSEHOLD_1_109,WI_2,2011-04-24,1.0,3.82,HOUSEHOLD
HOUSEHOLD_1_109,WI_2,2013-05-05,2.0,3.97,HOUSEHOLD
HOUSEHOLD_1_109,WI_2,2014-04-20,1.0,3.97,HOUSEHOLD
HOUSEHOLD_1_109,WI_2,2014-06-15,5.0,3.97,HOUSEHOLD
HOUSEHOLD_1_109,WI_3,2011-04-24,4.0,3.26,HOUSEHOLD
HOUSEHOLD_1_109,WI_3,2013-05-05,3.0,3.97,HOUSEHOLD
HOUSEHOLD_1_109,WI_3,2014-04-20,1.0,3.97,HOUSEHOLD
HOUSEHOLD_1_109,WI_3,2014-06-15,1.0,3.97,HOUSEHOLD
HOUSEHOLD_1_118,CA_1,2011-04-24,15.0,0.97,HOUSEHOLD
HOUSEHOLD_1_118,CA_1,2013-05-05,16.0,0.97,HOUSEHOLD
HOUSEHOLD_1_118,CA_1,2014-04-20,11.0,0.97,HOUSEHOLD
HOUSEHOLD_1_118,CA_1,2014-06-15,4.0,0.97,HOUSEHOLD
HOUSEHOLD_1_118,CA_2,2011-04-24,6.0,0.97,HOUSEHOLD
HOUSEHOLD_1_118,CA_2,2013-05-05,11.0,0.97,HOUSEHOLD
HOUSEHOLD_1_118,CA_2,2014-04-20,5.0,0.97,HOUSEHOLD
HOUSEHOLD_1_118,CA_2,2014-06-15,2.0,0.97,HOUSEHOLD
HOUSEHOLD_1_118,CA_3,2011-04-24,9.0,0.97,HOUSEHOLD
HOUSEHOLD_1_118,CA_3,2013-05-05,19.0,0.97,HOUSEHOLD
HOUSEHOLD_1_118,CA_3,2014-04-20,21.0,0.97,HOUSEHOLD
HOUSEHOLD_1_118,CA_3,2014-06-15,11.0,0.97,HOUSEHOLD
HOUSEHOLD_1_118,CA_4,2014-04-20,1.0,0.97,HOUSEHOLD
HOUSEHOLD_1_118,CA_4,2014-06-15,2.0,0.97,HOUSEHOLD
HOUSEHOLD_1_118,TX_1,2011-04-24,8.0,0.97,HOUSEHOLD
HOUSEHOLD_1_118,TX_1,2013-05-05,3.0,0.97,HOUSEHOLD
HOUSEHOLD_1_118,TX_1,2014-04-20,11.0,0.97,HOUSEHOLD
HOUSEHOLD_1_118,TX_1,2014-06-15,3.0,0.97,HOUSEHOLD
HOUSEHOLD_1_118,TX_2,2011-04-24,1.0,0.97,HOUSEHOLD
HOUSEHOLD_1_118,TX_2,2013-05-05,9.0,0.97,HOUSEHOLD
HOUSEHOLD_1_118,TX_2,2014-04-20,4.0,0.97,HOUSEHOLD
HOUSEHOLD_1_118,TX_2,2014-06-15,3.0,0.97,HOUSEHOLD
HOUSEHOLD_1_118,TX_3,2011-04-24,30.0,0.97,HOUSEHOLD
HOUSEHOLD_1_118,TX_3,2013-05-05,6.0,0.97,HOUSEHOLD
HOUSEHOLD_1_118,TX_3,2014-04-20,3.0,0.97,HOUSEHOLD
HOUSEHOLD_1_118,TX_3,2014-06-15,10.0,0.97,HOUSEHOLD
HOUSEHOLD_1_118,WI_1,2014-06-15,1.0,0.97,HOUSEHOLD
HOUSEHOLD_1_118,WI_2,2014-06-15,2.0,0.97,HOUSEHOLD
HOUSEHOLD_1_118,WI_3,2011-04-24,10.0,0.97,HOUSEHOLD
HOUSEHOLD_1_118,WI_3,2013-05-05,13.0,0.97,HOUSEHOLD
HOUSEHOLD_1_118,WI_3,2014-04-20,8.0,0.97,HOUSEHOLD
HOUSEHOLD_1_118,WI_3,2014-06-15,12.0,0.97,HOUSEHOLD
HOUSEHOLD_1_120,TX_1,2013-05-05,1.0,4.44,HOUSEHOLD
HOUSEHOLD_1_120,TX_2,2011-04-24,1.0,4.44,HOUSEHOLD
HOUSEHOLD_1_120,TX_2,2014-04-20,1.0,4.44,HOUSEHOLD
HOUSEHOLD_1_120,TX_2,2014-06-15,1.0,4.44,HOUSEHOLD
HOUSEHOLD_1_120,TX_3,2014-06-15,1.0,4.44,HOUSEHOLD
HOUSEHOLD_1_120,WI_1,2013-05-05,1.0,4.47,HOUSEHOLD
HOUSEHOLD_1_120,WI_1,2014-04-20,1.0,4.47,HOUSEHOLD
HOUSEHOLD_1_120,WI_1,2014-06-15,1.0,4.47,HOUSEHOLD
HOUSEHOLD_1_120,WI_2,2014-06-15,1.0,4.47,HOUSEHOLD
HOUSEHOLD_1_120,WI_3,2014-06-15,1.0,4.47,HOUSEHOLD
HOUSEHOLD_1_122,CA_1,2013-05-05,4.0,2.26,HOUSEHOLD
HOUSEHOLD_1_122,CA_1,2014-04-20,2.0,2.26,HOUSEHOLD
HOUSEHOLD_1_122,CA_1,2014-06-15,3.0,2.26,HOUSEHOLD
HOUSEHOLD_1_122,CA_2,2013-05-05,7.0,2.26,HOUSEHOLD
HOUSEHOLD_1_122,CA_2,2014-04-20,2.0,2.26,HOUSEHOLD
HOUSEHOLD_1_122,CA_2,2014-06-15,1.0,2.26,HOUSEHOLD
HOUSEHOLD_1_122,CA_3,2013-05-05,6.0,2.26,HOUSEHOLD
HOUSEHOLD_1_122,CA_3,2014-04-20,2.0,2.26,HOUSEHOLD
HOUSEHOLD_1_122,CA_3,2014-06-15,3.0,2.26,HOUSEHOLD
HOUSEHOLD_1_122,CA_4,2013-05-05,3.0,2.26,HOUSEHOLD
HOUSEHOLD_1_122,CA_4,2014-04-20,1.0,2.26,HOUSEHOLD
HOUSEHOLD_1_122,CA_4,2014-06-15,1.0,2.26,HOUSEHOLD
HOUSEHOLD_1_122,TX_1,2013-05-05,4.0,2.26,HOUSEHOLD
HOUSEHOLD_1_122,TX_1,2014-06-15,3.0,2.26,HOUSEHOLD
HOUSEHOLD_1_122,TX_2,2013-05-05,3.0,2.26,HOUSEHOLD
HOUSEHOLD_1_122,TX_2,2014-04-20,5.0,2.26,HOUSEHOLD
HOUSEHOLD_1_122,TX_2,2014-06-15,1.0,2.26,HOUSEHOLD
HOUSEHOLD_1_122,TX_3,2013-05-05,8.0,2.26,HOUSEHOLD
HOUSEHOLD_1_122,TX_3,2014-06-15,3.0,2.26,HOUSEHOLD
HOUSEHOLD_1_122,WI_1,2013-05-05,3.0,2.26,HOUSEHOLD
HOUSEHOLD_1_122,WI_1,2014-04-20,2.0,2.26,HOUSEHOLD
HOUSEHOLD_1_122,WI_1,2014-06-15,3.0,2.26,HOUSEHOLD
HOUSEHOLD_1_122,WI_2,2013-05-05,3.0,2.26,HOUSEHOLD
HOUSEHOLD_1_122,WI_2,2014-04-20,1.0,2.26,HOUSEHOLD
HOUSEHOLD_1_122,WI_2,2014-06-15,2.0,2.26,HOUSEHOLD
HOUSEHOLD_1_122,WI_3,2013-05-05,3.0,2.26,HOUSEHOLD
HOUSEHOLD_1_122,WI_3,2014-04-20,1.0,2.26,HOUSEHOLD
HOUSEHOLD_1_135,CA_1,2014-06-15,2.0,1.48,HOUSEHOLD
HOUSEHOLD_1_135,CA_2,2013-05-05,3.0,1.48,HOUSEHOLD
HOUSEHOLD_1_135,CA_2,2014-04-20,2.0,1.48,HOUSEHOLD
HOUSEHOLD_1_135,CA_3,2013-05-05,4.0,1.48,HOUSEHOLD
HOUSEHOLD_1_135,CA_3,2014-04-20,8.0,1.48,HOUSEHOLD
HOUSEHOLD_1_135,CA_4,2013-05-05,1.0,1.48,HOUSEHOLD
HOUSEHOLD_1_135,TX_1,2014-06-15,2.0,1.48,HOUSEHOLD
HOUSEHOLD_1_135,TX_3,2013-05-05,1.0,1.48,HOUSEHOLD
HOUSEHOLD_1_135,WI_1,2013-05-05,3.0,1.48,HOUSEHOLD
HOUSEHOLD_1_135,WI_1,2014-04-20,1.0,1.48,HOUSEHOLD
HOUSEHOLD_1_135,WI_2,2013-05-05,3.0,1.48,HOUSEHOLD
HOUSEHOLD_1_135,WI_3,2014-06-15,2.0,1.48,HOUSEHOLD
HOUSEHOLD_1_145,CA_1,2011-04-24,2.0,1.98,HOUSEHOLD
HOUSEHOLD_1_145,CA_2,2011-04-24,5.0,1.98,HOUSEHOLD
HOUSEHOLD_1_145,CA_3,2011-04-24,5.0,1.98,HOUSEHOLD
HOUSEHOLD_1_145,CA_4,2011-04-24,1.0,1.98,HOUSEHOLD
HOUSEHOLD_1_145,TX_1,2011-04-24,2.0,1.98,HOUSEHOLD
HOUSEHOLD_1_145,TX_2,2011-04-24,1.0,1.98,HOUSEHOLD
HOUSEHOLD_1_145,TX_3,2011-04-24,1.0,1.98,HOUSEHOLD
HOUSEHOLD_1_145,WI_3,2011-04-24,2.0,1.98,HOUSEHOLD
HOUSEHOLD_1_167,CA_1,2014-06-15,4.0,2.74,HOUSEHOLD
HOUSEHOLD_1_167,CA_2,2014-04-20,1.0,2.74,HOUSEHOLD
HOUSEHOLD_1_167,CA_3,2014-04-20,1.0,2.74,HOUSEHOLD
HOUSEHOLD_1_167,CA_3,2014-06-15,3.0,2.74,HOUSEHOLD
HOUSEHOLD_1_167,CA_4,2014-04-20,1.0,2.74,HOUSEHOLD
HOUSEHOLD_1_167,TX_1,2014-04-20,1.0,2.74,HOUSEHOLD
HOUSEHOLD_1_167,TX_2,2014-04-20,1.0,2.74,HOUSEHOLD
HOUSEHOLD_1_167,TX_3,2014-06-15,3.0,2.74,HOUSEHOLD
HOUSEHOLD_1_167,WI_2,2014-04-20,1.0,2.74,HOUSEHOLD
HOUSEHOLD_1_167,WI_3,2014-04-20,1.0,2.74,HOUSEHOLD
HOUSEHOLD_1_169,CA_1,2013-05-05,10.0,2.98,HOUSEHOLD
HOUSEHOLD_1_169,CA_1,2014-04-20,2.0,2.98,HOUSEHOLD
HOUSEHOLD_1_169,CA_1,2014-06-15,4.0,2.98,HOUSEHOLD
HOUSEHOLD_1_169,CA_2,2014-04-20,2.0,2.98,HOUSEHOLD
HOUSEHOLD_1_169,CA_2,2014-06-15,1.0,2.98,HOUSEHOLD
HOUSEHOLD_1_169,CA_3,2014-04-20,3.0,2.98,HOUSEHOLD
HOUSEHOLD_1_169,CA_4,2014-04-20,1.0,2.98,HOUSEHOLD
HOUSEHOLD_1_169,TX_1,2013-05-05,9.0,2.98,HOUSEHOLD
HOUSEHOLD_1_169,TX_1,2014-04-20,2.0,2.98,HOUSEHOLD
HOUSEHOLD_1_169,TX_1,2014-06-15,2.0,2.98,HOUSEHOLD
HOUSEHOLD_1_169,TX_2,2013-05-05,13.0,2.98,HOUSEHOLD
HOUSEHOLD_1_169,TX_2,2014-04-20,2.0,2.98,HOUSEHOLD
HOUSEHOLD_1_169,TX_2,2014-06-15,1.0,2.98,HOUSEHOLD
HOUSEHOLD_1_169,TX_3,2013-05-05,7.0,2.98,HOUSEHOLD
HOUSEHOLD_1_169,TX_3,2014-04-20,4.0,2.98,HOUSEHOLD
HOUSEHOLD_1_169,TX_3,2014-06-15,1.0,2.98,HOUSEHOLD
HOUSEHOLD_1_169,WI_1,2013-05-05,4.0,2.98,HOUSEHOLD
HOUSEHOLD_1_169,WI_1,2014-04-20,2.0,2.98,HOUSEHOLD
HOUSEHOLD_1_169,WI_1,2014-06-15,1.0,2.98,HOUSEHOLD
HOUSEHOLD_1_169,WI_2,2013-05-05,6.0,2.98,HOUSEHOLD
HOUSEHOLD_1_169,WI_2,2014-04-20,3.0,2.98,HOUSEHOLD
HOUSEHOLD_1_169,WI_2,2014-06-15,9.0,2.98,HOUSEHOLD
HOUSEHOLD_1_169,WI_3,2013-05-05,8.0,2.98,HOUSEHOLD
HOUSEHOLD_1_169,WI_3,2014-04-20,3.0,2.98,HOUSEHOLD
HOUSEHOLD_1_169,WI_3,2014-06-15,1.0,2.98,HOUSEHOLD
HOUSEHOLD_1_176,CA_1,2014-04-20,1.0,3.98,HOUSEHOLD
HOUSEHOLD_1_176,CA_2,2013-05-05,2.0,3.98,HOUSEHOLD
HOUSEHOLD_1_176,CA_2,2014-04-20,1.0,3.98,HOUSEHOLD
HOUSEHOLD_1_176,CA_2,2014-06-15,1.0,3.98,HOUSEHOLD
HOUSEHOLD_1_176,CA_3,2013-05-05,3.0,3.98,HOUSEHOLD
HOUSEHOLD_1_176,CA_3,2014-04-20,2.0,3.98,HOUSEHOLD
HOUSEHOLD_1_176,CA_3,2014-06-15,2.0,3.98,HOUSEHOLD
HOUSEHOLD_1_176,CA_4,2011-04-24,1.0,3.78,HOUSEHOLD
HOUSEHOLD_1_176,CA_4,2013-05-05,1.0,3.98,HOUSEHOLD
HOUSEHOLD_1_176,TX_1,2011-04-24,1.0,3.78,HOUSEHOLD
HOUSEHOLD_1_176,TX_1,2013-05-05,2.0,3.74,HOUSEHOLD
HOUSEHOLD_1_176,TX_1,2014-06-15,1.0,3.74,HOUSEHOLD
HOUSEHOLD_1_176,TX_2,2011-04-24,5.0,3.78,HOUSEHOLD
HOUSEHOLD_1_176,TX_2,2013-05-05,1.0,3.74,HOUSEHOLD
HOUSEHOLD_1_176,TX_2,2014-06-15,1.0,3.74,HOUSEHOLD
HOUSEHOLD_1_176,TX_3,2011-04-24,3.0,3.78,HOUSEHOLD
HOUSEHOLD_1_176,TX_3,2013-05-05,1.0,3.74,HOUSEHOLD
HOUSEHOLD_1_176,TX_3,2014-06-15,1.0,3.74,HOUSEHOLD
HOUSEHOLD_1_176,WI_1,2011-04-24,1.0,3.78,HOUSEHOLD
HOUSEHOLD_1_176,WI_1,2013-05-05,3.0,3.98,HOUSEHOLD
HOUSEHOLD_1_176,WI_1,2014-04-20,1.0,3.98,HOUSEHOLD
HOUSEHOLD_1_176,WI_1,2014-06-15,1.0,3.98,HOUSEHOLD
HOUSEHOLD_1_176,WI_2,2011-04-24,4.0,3.78,HOUSEHOLD
HOUSEHOLD_1_176,WI_2,2013-05-05,3.0,3.98,HOUSEHOLD
HOUSEHOLD_1_176,WI_2,2014-04-20,3.0,3.98,HOUSEHOLD
HOUSEHOLD_1_176,WI_2,2014-06-15,1.0,3.98,HOUSEHOLD
HOUSEHOLD_1_176,WI_3,2011-04-24,1.0,3.78,HOUSEHOLD
HOUSEHOLD_1_176,WI_3,2013-05-05,1.0,3.98,HOUSEHOLD
HOUSEHOLD_1_181,CA_1,2014-06-15,3.0,3.98,HOUSEHOLD
HOUSEHOLD_1_181,CA_2,2014-06-15,1.0,3.98,HOUSEHOLD
HOUSEHOLD_1_181,CA_3,2014-04-20,1.0,3.98,HOUSEHOLD
HOUSEHOLD_1_181,CA_4,2014-04-20,1.0,3.98,HOUSEHOLD
HOUSEHOLD_1_181,CA_4,2014-06-15,1.0,3.98,HOUSEHOLD
HOUSEHOLD_1_181,TX_1,2011-04-24,1.0,3.92,HOUSEHOLD
HOUSEHOLD_1_181,TX_2,2014-04-20,2.0,3.98,HOUSEHOLD
HOUSEHOLD_1_181,TX_3,2014-06-15,1.0,3.98,HOUSEHOLD
HOUSEHOLD_1_181,WI_1,2014-06-15,1.0,3.98,HOUSEHOLD
HOUSEHOLD_1_181,WI_2,2014-04-20,1.0,3.98,HOUSEHOLD
HOUSEHOLD_1_181,WI_2,2014-06-15,1.0,3.98,HOUSEHOLD
HOUSEHOLD_1_181,WI_3,2011-04-24,1.0,3.92,HOUSEHOLD
HOUSEHOLD_1_184,CA_1,2013-05-05,3.0,11.97,HOUSEHOLD
HOUSEHOLD_1_184,CA_1,2014-06-15,2.0,11.97,HOUSEHOLD
HOUSEHOLD_1_184,CA_2,2011-04-24,6.0,11.97,HOUSEHOLD
HOUSEHOLD_1_184,CA_2,2013-05-05,7.0,11.97,HOUSEHOLD
HOUSEHOLD_1_184,CA_2,2014-04-20,3.0,11.97,HOUSEHOLD
HOUSEHOLD_1_184,CA_2,2014-06-15,4.0,11.97,HOUSEHOLD
HOUSEHOLD_1_184,CA_3,2011-04-24,2.0,11.97,HOUSEHOLD
HOUSEHOLD_1_184,CA_3,2013-05-05,4.0,11.97,HOUSEHOLD
HOUSEHOLD_1_184,CA_3,2014-04-20,3.0,11.97,HOUSEHOLD
HOUSEHOLD_1_184,CA_3,2014-06-15,1.0,11.97,HOUSEHOLD
HOUSEHOLD_1_184,CA_4,2011-04-24,1.0,11.97,HOUSEHOLD
HOUSEHOLD_1_184,CA_4,2013-05-05,1.0,11.97,HOUSEHOLD
HOUSEHOLD_1_184,CA_4,2014-06-15,2.0,11.97,HOUSEHOLD
HOUSEHOLD_1_184,TX_1,2011-04-24,2.0,11.97,HOUSEHOLD
HOUSEHOLD_1_184,TX_1,2013-05-05,1.0,11.97,HOUSEHOLD
HOUSEHOLD_1_184,TX_1,2014-04-20,1.0,11.97,HOUSEHOLD
HOUSEHOLD_1_184,TX_1,2014-06-15,1.0,11.97,HOUSEHOLD
HOUSEHOLD_1_184,TX_2,2011-04-24,1.0,11.97,HOUSEHOLD
HOUSEHOLD_1_184,TX_2,2013-05-05,1.0,11.97,HOUSEHOLD
HOUSEHOLD_1_184,TX_2,2014-04-20,5.0,11.97,HOUSEHOLD
HOUSEHOLD_1_184,TX_2,2014-06-15,2.0,11.97,HOUSEHOLD
HOUSEHOLD_1_184,TX_3,2014-04-20,1.0,11.97,HOUSEHOLD
HOUSEHOLD_1_184,TX_3,2014-06-15,3.0,11.97,HOUSEHOLD
HOUSEHOLD_1_184,WI_1,2013-05-05,2.0,11.97,HOUSEHOLD
HOUSEHOLD_1_184,WI_1,2014-06-15,2.0,11.97,HOUSEHOLD
HOUSEHOLD_1_184,WI_3,2011-04-24,2.0,11.97,HOUSEHOLD
HOUSEHOLD_1_184,WI_3,2014-04-20,1.0,11.97,HOUSEHOLD
HOUSEHOLD_1_184,WI_3,2014-06-15,1.0,11.97,HOUSEHOLD
HOUSEHOLD_1_196,CA_1,2011-04-24,7.0,1.88,HOUSEHOLD
HOUSEHOLD_1_196,CA_1,2013-05-05,3.0,1.97,HOUSEHOLD
HOUSEHOLD_1_196,CA_1,2014-04-20,1.0,1.97,HOUSEHOLD
HOUSEHOLD_1_196,CA_1,2014-06-15,1.0,1.97,HOUSEHOLD
HOUSEHOLD_1_196,CA_2,2011-04-24,2.0,1.88,HOUSEHOLD
HOUSEHOLD_1_196,CA_2,2013-05-05,5.0,1.97,HOUSEHOLD
HOUSEHOLD_1_196,CA_2,2014-04-20,4.0,1.97,HOUSEHOLD
HOUSEHOLD_1_196,CA_2,2014-06-15,3.0,1.97,HOUSEHOLD
HOUSEHOLD_1_196,CA_3,2011-04-24,4.0,1.88,HOUSEHOLD
HOUSEHOLD_1_196,CA_3,2013-05-05,5.0,1.97,HOUSEHOLD
HOUSEHOLD_1_196,CA_3,2014-04-20,6.0,1.97,HOUSEHOLD
HOUSEHOLD_1_196,CA_3,2014-06-15,6.0,1.97,HOUSEHOLD
HOUSEHOLD_1_196,CA_4,2011-04-24,1.0,1.88,HOUSEHOLD
HOUSEHOLD_1_196,CA_4,2013-05-05,2.0,1.97,HOUSEHOLD
HOUSEHOLD_1_196,CA_4,2014-04-20,2.0,1.97,HOUSEHOLD
HOUSEHOLD_1_196,CA_4,2014-06-15,1.0,1.97,HOUSEHOLD
HOUSEHOLD_1_196,TX_1,2013-05-05,5.0,1.86,HOUSEHOLD
HOUSEHOLD_1_196,TX_1,2014-04-20,1.0,1.86,HOUSEHOLD
HOUSEHOLD_1_196,TX_1,2014-06-15,1.0,1.86,HOUSEHOLD
HOUSEHOLD_1_196,TX_2,2011-04-24,2.0,1.88,HOUSEHOLD
HOUSEHOLD_1_196,TX_2,2014-04-20,5.0,1.86,HOUSEHOLD
HOUSEHOLD_1_196,TX_2,2014-06-15,3.0,1.86,HOUSEHOLD
HOUSEHOLD_1_196,TX_3,2011-04-24,1.0,1.88,HOUSEHOLD
HOUSEHOLD_1_196,TX_3,2013-05-05,2.0,1.86,HOUSEHOLD
HOUSEHOLD_1_196,TX_3,2014-04-20,4.0,1.86,HOUSEHOLD
HOUSEHOLD_1_196,TX_3,2014-06-15,1.0,1.86,HOUSEHOLD
HOUSEHOLD_1_196,WI_1,2013-05-05,2.0,1.97,HOUSEHOLD
HOUSEHOLD_1_196,WI_2,2011-04-24,3.0,1.88,HOUSEHOLD
HOUSEHOLD_1_196,WI_2,2013-05-05,1.0,1.97,HOUSEHOLD
HOUSEHOLD_1_196,WI_2,2014-04-20,1.0,1.97,HOUSEHOLD
HOUSEHOLD_1_196,WI_2,2014-06-15,3.0,1.97,HOUSEHOLD
HOUSEHOLD_1_196,WI_3,2011-04-24,3.0,1.88,HOUSEHOLD
HOUSEHOLD_1_196,WI_3,2014-04-20,1.0,1.97,HOUSEHOLD
HOUSEHOLD_1_199,CA_2,2013-05-05,1.0,1.66,HOUSEHOLD
HOUSEHOLD_1_199,CA_3,2014-04-20,2.0,1.66,HOUSEHOLD
HOUSEHOLD_1_199,WI_2,2014-06-15,1.0,1.66,HOUSEHOLD
HOUSEHOLD_1_205,CA_1,2013-05-05,3.0,5.97,HOUSEHOLD
HOUSEHOLD_1_205,CA_2,2013-05-05,2.0,5.97,HOUSEHOLD
HOUSEHOLD_1_205,CA_2,2014-04-20,1.0,5.97,HOUSEHOLD
HOUSEHOLD_1_205,CA_2,2014-06-15,2.0,5.97,HOUSEHOLD
HOUSEHOLD_1_205,CA_3,2011-04-24,2.0,5.97,HOUSEHOLD
HOUSEHOLD_1_205,CA_3,2014-04-20,1.0,5.97,HOUSEHOLD
HOUSEHOLD_1_205,CA_3,2014-06-15,5.0,5.97,HOUSEHOLD
HOUSEHOLD_1_205,CA_4,2014-06-15,1.0,5.97,HOUSEHOLD
HOUSEHOLD_1_205,TX_1,2011-04-24,6.0,5.97,HOUSEHOLD
HOUSEHOLD_1_205,TX_1,2013-05-05,3.0,5.97,HOUSEHOLD
HOUSEHOLD_1_205,TX_1,2014-04-20,8.0,5.97,HOUSEHOLD
HOUSEHOLD_1_205,TX_1,2014-06-15,4.0,5.97,HOUSEHOLD
HOUSEHOLD_1_205,TX_2,2014-04-20,3.0,5.97,HOUSEHOLD
HOUSEHOLD_1_205,TX_2,2014-06-15,2.0,5.97,HOUSEHOLD
HOUSEHOLD_1_205,TX_3,2014-04-20,1.0,5.97,HOUSEHOLD
HOUSEHOLD_1_212,CA_1,2013-05-05,1.0,4.63,HOUSEHOLD
HOUSEHOLD_1_212,CA_1,2014-06-15,2.0,4.63,HOUSEHOLD
HOUSEHOLD_1_212,CA_2,2013-05-05,6.0,4.63,HOUSEHOLD
HOUSEHOLD_1_212,CA_2,2014-04-20,1.0,4.63,HOUSEHOLD
HOUSEHOLD_1_212,CA_3,2013-05-05,2.0,4.63,HOUSEHOLD
HOUSEHOLD_1_212,CA_3,2014-04-20,2.0,4.63,HOUSEHOLD
HOUSEHOLD_1_212,CA_4,2014-04-20,1.0,4.63,HOUSEHOLD
HOUSEHOLD_1_212,TX_2,2013-05-05,1.0,4.63,HOUSEHOLD
HOUSEHOLD_1_212,TX_2,2014-06-15,1.0,4.63,HOUSEHOLD
HOUSEHOLD_1_212,TX_3,2013-05-05,1.0,4.63,HOUSEHOLD
HOUSEHOLD_1_212,WI_1,2013-05-05,1.0,4.63,HOUSEHOLD
HOUSEHOLD_1_212,WI_1,2014-04-20,1.0,4.63,HOUSEHOLD
HOUSEHOLD_1_212,WI_1,2014-06-15,4.0,4.63,HOUSEHOLD
HOUSEHOLD_1_212,WI_2,2013-05-05,2.0,4.63,HOUSEHOLD
HOUSEHOLD_1_229,CA_1,2013-05-05,1.0,2.96,HOUSEHOLD
HOUSEHOLD_1_229,CA_1,2014-06-15,1.0,2.96,HOUSEHOLD
HOUSEHOLD_1_229,CA_2,2013-05-05,1.0,2.96,HOUSEHOLD
HOUSEHOLD_1_229,CA_2,2014-06-15,1.0,2.96,HOUSEHOLD
HOUSEHOLD_1_229,CA_3,2014-04-20,2.0,2.96,HOUSEHOLD
HOUSEHOLD_1_229,CA_4,2013-05-05,2.0,2.96,HOUSEHOLD
HOUSEHOLD_1_229,TX_2,2013-05-05,1.0,2.96,HOUSEHOLD
HOUSEHOLD_1_229,TX_3,2013-05-05,1.0,2.96,HOUSEHOLD
HOUSEHOLD_1_229,TX_3,2014-06-15,1.0,2.96,HOUSEHOLD
HOUSEHOLD_1_229,WI_1,2013-05-05,1.0,2.96,HOUSEHOLD
HOUSEHOLD_1_229,WI_1,2014-06-15,1.0,2.96,HOUSEHOLD
HOUSEHOLD_1_230,CA_1,2011-04-24,2.0,2.92,HOUSEHOLD
HOUSEHOLD_1_230,CA_1,2013-05-05,1.0,3.28,HOUSEHOLD
HOUSEHOLD_1_230,CA_1,2014-06-15,2.0,3.28,HOUSEHOLD
HOUSEHOLD_1_230,CA_2,2011-04-24,3.0,2.92,HOUSEHOLD
HOUSEHOLD_1_230,CA_3,2011-04-24,3.0,2.92,HOUSEHOLD
HOUSEHOLD_1_230,CA_3,2013-05-05,1.0,3.28,HOUSEHOLD
HOUSEHOLD_1_230,CA_3,2014-06-15,2.0,3.28,HOUSEHOLD
HOUSEHOLD_1_230,CA_4,2013-05-05,1.0,3.28,HOUSEHOLD
HOUSEHOLD_1_230,TX_1,2011-04-24,1.0,2.92,HOUSEHOLD
HOUSEHOLD_1_230,WI_1,2011-04-24,2.0,2.92,HOUSEHOLD
HOUSEHOLD_1_230,WI_2,2011-04-24,2.0,3.28,HOUSEHOLD
HOUSEHOLD_1_234,CA_1,2013-05-05,11.0,0.97,HOUSEHOLD
HOUSEHOLD_1_234,CA_1,2014-04-20,8.0,0.97,HOUSEHOLD
HOUSEHOLD_1_234,CA_1,2014-06-15,4.0,0.97,HOUSEHOLD
HOUSEHOLD_1_234,CA_2,2011-04-24,9.0,0.97,HOUSEHOLD
HOUSEHOLD_1_234,CA_2,2013-05-05,14.0,0.97,HOUSEHOLD
HOUSEHOLD_1_234,CA_2,2014-04-20,12.0,0.97,HOUSEHOLD
HOUSEHOLD_1_234,CA_2,2014-06-15,7.0,0.97,HOUSEHOLD
HOUSEHOLD_1_234,CA_3,2011-04-24,19.0,0.97,HOUSEHOLD
HOUSEHOLD_1_234,CA_3,2013-05-05,15.0,0.97,HOUSEHOLD
HOUSEHOLD_1_234,CA_3,2014-04-20,16.0,0.97,HOUSEHOLD
HOUSEHOLD_1_234,CA_3,2014-06-15,16.0,0.97,HOUSEHOLD
HOUSEHOLD_1_234,CA_4,2011-04-24,1.0,0.97,HOUSEHOLD
HOUSEHOLD_1_234,CA_4,2014-06-15,1.0,0.97,HOUSEHOLD
HOUSEHOLD_1_234,TX_1,2011-04-24,18.0,0.97,HOUSEHOLD
HOUSEHOLD_1_234,TX_1,2013-05-05,7.0,0.97,HOUSEHOLD
HOUSEHOLD_1_234,TX_1,2014-04-20,11.0,0.97,HOUSEHOLD
HOUSEHOLD_1_234,TX_1,2014-06-15,10.0,0.97,HOUSEHOLD
HOUSEHOLD_1_234,TX_2,2011-04-24,14.0,0.97,HOUSEHOLD
HOUSEHOLD_1_234,TX_2,2013-05-05,14.0,0.97,HOUSEHOLD
HOUSEHOLD_1_234,TX_2,2014-04-20,3.0,0.97,HOUSEHOLD
HOUSEHOLD_1_234,TX_2,2014-06-15,10.0,0.97,HOUSEHOLD
HOUSEHOLD_1_234,TX_3,2011-04-24,4.0,0.97,HOUSEHOLD
HOUSEHOLD_1_234,TX_3,2013-05-05,1.0,0.97,HOUSEHOLD
HOUSEHOLD_1_234,TX_3,2014-04-20,2.0,0.97,HOUSEHOLD
HOUSEHOLD_1_234,TX_3,2014-06-15,6.0,0.97,HOUSEHOLD
HOUSEHOLD_1_234,WI_1,2011-04-24,2.0,0.97,HOUSEHOLD
HOUSEHOLD_1_234,WI_1,2014-04-20,1.0,0.97,HOUSEHOLD
HOUSEHOLD_1_234,WI_1,2014-06-15,1.0,0.97,HOUSEHOLD
HOUSEHOLD_1_234,WI_2,2011-04-24,1.0,0.97,HOUSEHOLD
HOUSEHOLD_1_234,WI_2,2013-05-05,2.0,0.97,HOUSEHOLD
HOUSEHOLD_1_234,WI_2,2014-04-20,2.0,0.97,HOUSEHOLD
HOUSEHOLD_1_234,WI_2,2014-06-15,5.0,0.97,HOUSEHOLD
HOUSEHOLD_1_234,WI_3,2011-04-24,9.0,0.97,HOUSEHOLD
HOUSEHOLD_1_234,WI_3,2014-04-20,5.0,0.97,HOUSEHOLD
HOUSEHOLD_1_234,WI_3,2014-06-15,3.0,0.97,HOUSEHOLD
HOUSEHOLD_1_248,CA_1,2013-05-05,3.0,8.97,HOUSEHOLD
HOUSEHOLD_1_248,CA_1,2014-04-20,3.0,8.97,HOUSEHOLD
HOUSEHOLD_1_248,CA_1,2014-06-15,4.0,8.97,HOUSEHOLD
HOUSEHOLD_1_248,CA_2,2013-05-05,2.0,8.97,HOUSEHOLD
HOUSEHOLD_1_248,CA_2,2014-04-20,1.0,8.97,HOUSEHOLD
HOUSEHOLD_1_248,CA_3,2013-05-05,1.0,8.97,HOUSEHOLD
HOUSEHOLD_1_248,CA_3,2014-04-20,2.0,8.97,HOUSEHOLD
HOUSEHOLD_1_248,CA_3,2014-06-15,2.0,8.97,HOUSEHOLD
HOUSEHOLD_1_248,CA_4,2013-05-05,1.0,8.97,HOUSEHOLD
HOUSEHOLD_1_248,CA_4,2014-06-15,1.0,8.97,HOUSEHOLD
HOUSEHOLD_1_248,TX_1,2013-05-05,2.0,8.97,HOUSEHOLD
HOUSEHOLD_1_248,TX_1,2014-06-15,2.0,8.97,HOUSEHOLD
HOUSEHOLD_1_248,TX_2,2014-06-15,2.0,8.97,HOUSEHOLD
HOUSEHOLD_1_248,TX_3,2014-04-20,1.0,8.97,HOUSEHOLD
HOUSEHOLD_1_248,TX_3,2014-06-15,2.0,8.97,HOUSEHOLD
HOUSEHOLD_1_248,WI_1,2013-05-05,1.0,8.97,HOUSEHOLD
HOUSEHOLD_1_248,WI_1,2014-06-15,1.0,8.97,HOUSEHOLD
HOUSEHOLD_1_248,WI_2,2013-05-05,1.0,8.97,HOUSEHOLD
HOUSEHOLD_1_248,WI_2,2014-06-15,1.0,8.97,HOUSEHOLD
HOUSEHOLD_1_248,WI_3,2013-05-05,1.0,8.97,HOUSEHOLD
HOUSEHOLD_1_250,CA_1,2014-06-15,1.0,2.68,HOUSEHOLD
HOUSEHOLD_1_250,CA_2,2014-06-15,1.0,2.68,HOUSEHOLD
HOUSEHOLD_1_251,CA_1,2011-04-24,4.0,1.98,HOUSEHOLD
HOUSEHOLD_1_251,CA_1,2013-05-05,2.0,1.98,HOUSEHOLD
HOUSEHOLD_1_251,CA_1,2014-04-20,1.0,1.98,HOUSEHOLD
HOUSEHOLD_1_251,CA_1,2014-06-15,2.0,1.98,HOUSEHOLD
HOUSEHOLD_1_251,CA_2,2011-04-24,2.0,1.98,HOUSEHOLD
HOUSEHOLD_1_251,CA_2,2013-05-05,2.0,1.98,HOUSEHOLD
HOUSEHOLD_1_251,CA_2,2014-04-20,1.0,1.98,HOUSEHOLD
HOUSEHOLD_1_251,CA_3,2011-04-24,7.0,1.98,HOUSEHOLD
HOUSEHOLD_1_251,CA_3,2013-05-05,3.0,1.98,HOUSEHOLD
HOUSEHOLD_1_251,CA_3,2014-04-20,2.0,1.98,HOUSEHOLD
HOUSEHOLD_1_251,CA_3,2014-06-15,3.0,1.98,HOUSEHOLD
HOUSEHOLD_1_251,CA_4,2014-04-20,1.0,1.98,HOUSEHOLD
HOUSEHOLD_1_251,CA_4,2014-06-15,2.0,1.98,HOUSEHOLD
HOUSEHOLD_1_251,TX_1,2011-04-24,2.0,1.98,HOUSEHOLD
HOUSEHOLD_1_251,TX_1,2013-05-05,7.0,1.98,HOUSEHOLD
HOUSEHOLD_1_251,TX_1,2014-06-15,2.0,1.98,HOUSEHOLD
HOUSEHOLD_1_251,TX_2,2011-04-24,5.0,1.98,HOUSEHOLD
HOUSEHOLD_1_251,TX_2,2013-05-05,1.0,1.98,HOUSEHOLD
HOUSEHOLD_1_251,TX_2,2014-04-20,2.0,1.98,HOUSEHOLD
HOUSEHOLD_1_251,TX_2,2014-06-15,2.0,1.98,HOUSEHOLD
HOUSEHOLD_1_251,TX_3,2011-04-24,2.0,1.98,HOUSEHOLD
HOUSEHOLD_1_251,TX_3,2013-05-05,2.0,1.98,HOUSEHOLD
HOUSEHOLD_1_251,TX_3,2014-04-20,1.0,1.98,HOUSEHOLD
HOUSEHOLD_1_251,TX_3,2014-06-15,1.0,1.98,HOUSEHOLD
HOUSEHOLD_1_251,WI_2,2013-05-05,1.0,1.98,HOUSEHOLD
HOUSEHOLD_1_251,WI_2,2014-04-20,4.0,1.98,HOUSEHOLD
HOUSEHOLD_1_251,WI_2,2014-06-15,1.0,1.98,HOUSEHOLD
HOUSEHOLD_1_258,CA_3,2014-04-20,1.0,2.97,HOUSEHOLD
HOUSEHOLD_1_258,WI_3,2014-04-20,1.0,2.97,HOUSEHOLD
HOUSEHOLD_1_260,CA_2,2014-06-15,1.0,2.97,HOUSEHOLD
HOUSEHOLD_1_260,CA_3,2014-04-20,1.0,2.97,HOUSEHOLD
HOUSEHOLD_1_260,TX_2,2014-06-15,1.0,2.97,HOUSEHOLD
HOUSEHOLD_1_260,TX_3,2014-04-20,1.0,2.97,HOUSEHOLD
HOUSEHOLD_1_260,WI_2,2014-06-15,1.0,2.97,HOUSEHOLD
HOUSEHOLD_1_270,CA_1,2013-05-05,2.0,9.98,HOUSEHOLD
HOUSEHOLD_1_270,CA_2,2013-05-05,1.0,9.98,HOUSEHOLD
HOUSEHOLD_1_270,CA_3,2011-04-24,1.0,9.98,HOUSEHOLD
HOUSEHOLD_1_270,TX_1,2011-04-24,1.0,9.98,HOUSEHOLD
HOUSEHOLD_1_270,TX_1,2013-05-05,3.0,9.98,HOUSEHOLD
HOUSEHOLD_1_270,TX_1,2014-04-20,4.0,9.98,HOUSEHOLD
HOUSEHOLD_1_270,TX_2,2013-05-05,2.0,9.98,HOUSEHOLD
HOUSEHOLD_1_270,TX_3,2011-04-24,1.0,9.98,HOUSEHOLD
HOUSEHOLD_1_270,TX_3,2013-05-05,1.0,9.98,HOUSEHOLD
HOUSEHOLD_1_270,TX_3,2014-04-20,1.0,9.98,HOUSEHOLD
HOUSEHOLD_1_270,WI_2,2014-04-20,1.0,9.98,HOUSEHOLD
HOUSEHOLD_1_270,WI_3,2014-04-20,2.0,9.98,HOUSEHOLD
HOUSEHOLD_1_270,WI_3,2014-06-15,1.0,9.98,HOUSEHOLD
HOUSEHOLD_1_272,CA_1,2013-05-05,15.0,9.97,HOUSEHOLD
HOUSEHOLD_1_272,CA_1,2014-04-20,10.0,9.97,HOUSEHOLD
HOUSEHOLD_1_272,CA_1,2014-06-15,2.0,9.97,HOUSEHOLD
HOUSEHOLD_1_272,CA_2,2011-04-24,8.0,9.97,HOUSEHOLD
HOUSEHOLD_1_272,CA_2,2013-05-05,2.0,9.97,HOUSEHOLD
HOUSEHOLD_1_272,CA_2,2014-04-20,3.0,9.97,HOUSEHOLD
HOUSEHOLD_1_272,CA_2,2014-06-15,3.0,9.97,HOUSEHOLD
HOUSEHOLD_1_272,CA_3,2011-04-24,19.0,9.97,HOUSEHOLD
HOUSEHOLD_1_272,CA_3,2013-05-05,18.0,9.97,HOUSEHOLD
HOUSEHOLD_1_272,CA_3,2014-04-20,19.0,9.97,HOUSEHOLD
HOUSEHOLD_1_272,CA_3,2014-06-15,11.0,9.97,HOUSEHOLD
HOUSEHOLD_1_272,CA_4,2011-04-24,2.0,9.97,HOUSEHOLD
HOUSEHOLD_1_272,CA_4,2013-05-05,3.0,9.97,HOUSEHOLD
HOUSEHOLD_1_272,CA_4,2014-06-15,2.0,9.97,HOUSEHOLD
HOUSEHOLD_1_272,TX_1,2011-04-24,3.0,9.97,HOUSEHOLD
HOUSEHOLD_1_272,TX_1,2013-05-05,1.0,9.97,HOUSEHOLD
HOUSEHOLD_1_272,TX_1,2014-04-20,5.0,9.97,HOUSEHOLD
HOUSEHOLD_1_272,TX_1,2014-06-15,1.0,9.97,HOUSEHOLD
HOUSEHOLD_1_272,TX_2,2011-04-24,3.0,9.97,HOUSEHOLD
HOUSEHOLD_1_272,TX_2,2013-05-05,7.0,9.97,HOUSEHOLD
HOUSEHOLD_1_272,TX_2,2014-04-20,6.0,9.97,HOUSEHOLD
HOUSEHOLD_1_272,TX_2,2014-06-15,4.0,9.97,HOUSEHOLD
HOUSEHOLD_1_272,TX_3,2011-04-24,4.0,9.97,HOUSEHOLD
HOUSEHOLD_1_272,TX_3,2013-05-05,5.0,9.97,HOUSEHOLD
HOUSEHOLD_1_272,TX_3,2014-04-20,5.0,9.97,HOUSEHOLD
HOUSEHOLD_1_272,TX_3,2014-06-15,4.0,9.97,HOUSEHOLD
HOUSEHOLD_1_272,WI_1,2014-06-15,4.0,9.97,HOUSEHOLD
HOUSEHOLD_1_272,WI_2,2013-05-05,1.0,9.97,HOUSEHOLD
HOUSEHOLD_1_272,WI_3,2011-04-24,6.0,9.97,HOUSEHOLD
HOUSEHOLD_1_272,WI_3,2014-04-20,1.0,9.97,HOUSEHOLD
HOUSEHOLD_1_272,WI_3,2014-06-15,1.0,9.97,HOUSEHOLD
HOUSEHOLD_1_281,CA_4,2013-05-05,2.0,4.97,HOUSEHOLD
HOUSEHOLD_1_281,TX_1,2014-04-20,1.0,4.97,HOUSEHOLD
HOUSEHOLD_1_281,TX_3,2014-04-20,1.0,4.97,HOUSEHOLD
HOUSEHOLD_1_281,WI_1,2013-05-05,1.0,4.97,HOUSEHOLD
HOUSEHOLD_1_281,WI_1,2014-04-20,2.0,4.97,HOUSEHOLD
HOUSEHOLD_1_281,WI_2,2013-05-05,1.0,4.97,HOUSEHOLD
HOUSEHOLD_1_282,CA_1,2013-05-05,1.0,3.78,HOUSEHOLD
HOUSEHOLD_1_282,CA_1,2014-04-20,1.0,3.98,HOUSEHOLD
HOUSEHOLD_1_282,CA_1,2014-06-15,4.0,3.98,HOUSEHOLD
HOUSEHOLD_1_282,CA_2,2013-05-05,1.0,3.78,HOUSEHOLD
HOUSEHOLD_1_282,CA_2,2014-04-20,2.0,3.98,HOUSEHOLD
HOUSEHOLD_1_282,CA_2,2014-06-15,1.0,3.98,HOUSEHOLD
HOUSEHOLD_1_282,CA_3,2013-05-05,1.0,3.78,HOUSEHOLD
HOUSEHOLD_1_282,CA_3,2014-04-20,2.0,3.98,HOUSEHOLD
HOUSEHOLD_1_282,CA_3,2014-06-15,2.0,3.98,HOUSEHOLD
HOUSEHOLD_1_282,CA_4,2013-05-05,2.0,3.78,HOUSEHOLD
HOUSEHOLD_1_282,CA_4,2014-06-15,3.0,3.98,HOUSEHOLD
HOUSEHOLD_1_282,TX_1,2013-05-05,2.0,3.78,HOUSEHOLD
HOUSEHOLD_1_282,TX_1,2014-04-20,2.0,3.98,HOUSEHOLD
HOUSEHOLD_1_282,TX_2,2013-05-05,1.0,3.78,HOUSEHOLD
HOUSEHOLD_1_282,TX_2,2014-06-15,3.0,3.98,HOUSEHOLD
HOUSEHOLD_1_282,TX_3,2013-05-05,1.0,3.78,HOUSEHOLD
HOUSEHOLD_1_282,TX_3,2014-04-20,1.0,3.98,HOUSEHOLD
HOUSEHOLD_1_282,WI_1,2013-05-05,1.0,3.78,HOUSEHOLD
HOUSEHOLD_1_282,WI_3,2013-05-05,1.0,3.78,HOUSEHOLD
HOUSEHOLD_1_284,CA_1,2014-06-15,1.0,4.97,HOUSEHOLD
HOUSEHOLD_1_284,CA_2,2014-04-20,3.0,4.97,HOUSEHOLD
HOUSEHOLD_1_284,CA_2,2014-06-15,1.0,4.97,HOUSEHOLD
HOUSEHOLD_1_284,CA_3,2014-06-15,9.0,4.97,HOUSEHOLD
HOUSEHOLD_1_284,TX_1,2014-06-15,3.0,4.97,HOUSEHOLD
HOUSEHOLD_1_284,TX_2,2014-06-15,1.0,4.97,HOUSEHOLD
HOUSEHOLD_1_284,TX_3,2014-06-15,1.0,4.97,HOUSEHOLD
HOUSEHOLD_1_284,WI_1,2014-06-15,1.0,4.97,HOUSEHOLD
HOUSEHOLD_1_284,WI_2,2014-04-20,1.0,4.97,HOUSEHOLD
HOUSEHOLD_1_284,WI_2,2014-06-15,1.0,4.97,HOUSEHOLD
HOUSEHOLD_1_299,CA_1,2014-06-15,3.0,4.97,HOUSEHOLD
HOUSEHOLD_1_299,CA_3,2014-06-15,3.0,4.97,HOUSEHOLD
HOUSEHOLD_1_299,TX_2,2014-06-15,4.0,4.97,HOUSEHOLD
HOUSEHOLD_1_299,TX_3,2014-06-15,4.0,4.97,HOUSEHOLD
HOUSEHOLD_1_299,WI_1,2014-06-15,1.0,4.97,HOUSEHOLD
HOUSEHOLD_1_301,CA_1,2013-05-05,1.0,4.97,HOUSEHOLD
HOUSEHOLD_1_301,CA_1,2014-04-20,2.0,4.97,HOUSEHOLD
HOUSEHOLD_1_301,CA_1,2014-06-15,4.0,4.97,HOUSEHOLD
HOUSEHOLD_1_301,CA_2,2013-05-05,2.0,4.97,HOUSEHOLD
HOUSEHOLD_1_301,CA_2,2014-06-15,1.0,4.97,HOUSEHOLD
HOUSEHOLD_1_301,CA_3,2013-05-05,1.0,4.97,HOUSEHOLD
HOUSEHOLD_1_301,CA_3,2014-04-20,4.0,4.97,HOUSEHOLD
HOUSEHOLD_1_301,CA_3,2014-06-15,2.0,4.97,HOUSEHOLD
HOUSEHOLD_1_301,CA_4,2013-05-05,1.0,4.97,HOUSEHOLD
HOUSEHOLD_1_301,CA_4,2014-06-15,1.0,4.97,HOUSEHOLD
HOUSEHOLD_1_301,TX_1,2014-06-15,1.0,4.64,HOUSEHOLD
HOUSEHOLD_1_301,TX_2,2013-05-05,1.0,4.64,HOUSEHOLD
HOUSEHOLD_1_301,TX_2,2014-06-15,2.0,4.64,HOUSEHOLD
HOUSEHOLD_1_301,TX_3,2014-06-15,1.0,4.97,HOUSEHOLD
HOUSEHOLD_1_301,WI_1,2013-05-05,2.0,4.97,HOUSEHOLD
HOUSEHOLD_1_301,WI_1,2014-04-20,1.0,4.97,HOUSEHOLD
HOUSEHOLD_1_301,WI_1,2014-06-15,3.0,4.97,HOUSEHOLD
HOUSEHOLD_1_301,WI_2,2014-06-15,1.0,4.97,HOUSEHOLD
HOUSEHOLD_1_301,WI_3,2013-05-05,1.0,4.97,HOUSEHOLD
HOUSEHOLD_1_306,CA_1,2014-04-20,2.0,1.97,HOUSEHOLD
HOUSEHOLD_1_306,CA_1,2014-06-15,2.0,1.97,HOUSEHOLD
HOUSEHOLD_1_306,CA_2,2014-06-15,3.0,1.97,HOUSEHOLD
HOUSEHOLD_1_306,CA_3,2014-04-20,5.0,1.97,HOUSEHOLD
HOUSEHOLD_1_306,CA_4,2014-06-15,1.0,1.97,HOUSEHOLD
HOUSEHOLD_1_306,TX_1,2014-04-20,1.0,1.97,HOUSEHOLD
HOUSEHOLD_1_306,TX_2,2014-06-15,6.0,1.97,HOUSEHOLD
HOUSEHOLD_1_306,WI_1,2014-06-15,4.0,1.97,HOUSEHOLD
HOUSEHOLD_1_306,WI_2,2014-06-15,4.0,1.97,HOUSEHOLD
HOUSEHOLD_1_306,WI_3,2014-06-15,1.0,1.97,HOUSEHOLD
HOUSEHOLD_1_309,CA_1,2014-06-15,5.0,6.97,HOUSEHOLD
HOUSEHOLD_1_309,CA_3,2014-06-15,2.0,6.97,HOUSEHOLD
HOUSEHOLD_1_309,TX_2,2013-05-05,1.0,6.97,HOUSEHOLD
HOUSEHOLD_1_309,WI_3,2013-05-05,1.0,6.97,HOUSEHOLD
HOUSEHOLD_1_316,CA_1,2011-04-24,2.0,3.98,HOUSEHOLD
HOUSEHOLD_1_316,CA_1,2013-05-05,2.0,3.97,HOUSEHOLD
HOUSEHOLD_1_316,CA_1,2014-04-20,1.0,3.97,HOUSEHOLD
HOUSEHOLD_1_316,CA_1,2014-06-15,2.0,3.97,HOUSEHOLD
HOUSEHOLD_1_316,CA_2,2011-04-24,1.0,3.98,HOUSEHOLD
HOUSEHOLD_1_316,CA_2,2013-05-05,1.0,3.97,HOUSEHOLD
HOUSEHOLD_1_316,CA_2,2014-04-20,2.0,3.97,HOUSEHOLD
HOUSEHOLD_1_316,CA_3,2011-04-24,1.0,3.98,HOUSEHOLD
HOUSEHOLD_1_316,CA_4,2014-06-15,4.0,3.97,HOUSEHOLD
HOUSEHOLD_1_316,TX_1,2011-04-24,3.0,3.98,HOUSEHOLD
HOUSEHOLD_1_316,TX_1,2013-05-05,1.0,3.97,HOUSEHOLD
HOUSEHOLD_1_316,TX_2,2013-05-05,2.0,3.97,HOUSEHOLD
HOUSEHOLD_1_316,TX_2,2014-04-20,3.0,3.97,HOUSEHOLD
HOUSEHOLD_1_316,TX_3,2011-04-24,1.0,3.98,HOUSEHOLD
HOUSEHOLD_1_316,TX_3,2014-04-20,1.0,3.97,HOUSEHOLD
HOUSEHOLD_1_316,WI_1,2014-04-20,2.0,3.97,HOUSEHOLD
HOUSEHOLD_1_316,WI_1,2014-06-15,1.0,3.97,HOUSEHOLD
HOUSEHOLD_1_316,WI_3,2011-04-24,1.0,3.98,HOUSEHOLD
HOUSEHOLD_1_316,WI_3,2013-05-05,1.0,3.97,HOUSEHOLD
HOUSEHOLD_1_316,WI_3,2014-04-20,1.0,3.97,HOUSEHOLD
HOUSEHOLD_1_321,CA_1,2011-04-24,1.0,2.96,HOUSEHOLD
HOUSEHOLD_1_321,CA_1,2013-05-05,2.0,2.97,HOUSEHOLD
HOUSEHOLD_1_321,CA_1,2014-04-20,3.0,2.97,HOUSEHOLD
HOUSEHOLD_1_321,CA_2,2011-04-24,1.0,2.96,HOUSEHOLD
HOUSEHOLD_1_321,CA_2,2013-05-05,1.0,2.97,HOUSEHOLD
HOUSEHOLD_1_321,CA_2,2014-04-20,1.0,2.97,HOUSEHOLD
HOUSEHOLD_1_321,CA_2,2014-06-15,1.0,2.97,HOUSEHOLD
HOUSEHOLD_1_321,CA_3,2011-04-24,4.0,2.96,HOUSEHOLD
HOUSEHOLD_1_321,CA_3,2013-05-05,8.0,2.97,HOUSEHOLD
HOUSEHOLD_1_321,CA_3,2014-04-20,8.0,2.97,HOUSEHOLD
HOUSEHOLD_1_321,CA_3,2014-06-15,13.0,2.97,HOUSEHOLD
HOUSEHOLD_1_321,CA_4,2013-05-05,2.0,2.97,HOUSEHOLD
HOUSEHOLD_1_321,CA_4,2014-06-15,1.0,2.97,HOUSEHOLD
HOUSEHOLD_1_321,TX_1,2011-04-24,2.0,2.96,HOUSEHOLD
HOUSEHOLD_1_321,TX_1,2013-05-05,5.0,2.97,HOUSEHOLD
HOUSEHOLD_1_321,TX_1,2014-04-20,2.0,2.97,HOUSEHOLD
HOUSEHOLD_1_321,TX_1,2014-06-15,3.0,2.97,HOUSEHOLD
HOUSEHOLD_1_321,TX_2,2013-05-05,1.0,2.97,HOUSEHOLD
HOUSEHOLD_1_321,TX_2,2014-04-20,4.0,2.97,HOUSEHOLD
HOUSEHOLD_1_321,TX_2,2014-06-15,1.0,2.97,HOUSEHOLD
HOUSEHOLD_1_321,TX_3,2011-04-24,2.0,2.96,HOUSEHOLD
HOUSEHOLD_1_321,TX_3,2013-05-05,3.0,2.97,HOUSEHOLD
HOUSEHOLD_1_321,TX_3,2014-04-20,2.0,2.97,HOUSEHOLD
HOUSEHOLD_1_321,WI_1,2013-05-05,2.0,2.97,HOUSEHOLD
HOUSEHOLD_1_321,WI_1,2014-04-20,3.0,2.97,HOUSEHOLD
HOUSEHOLD_1_321,WI_1,2014-06-15,3.0,2.97,HOUSEHOLD
HOUSEHOLD_1_321,WI_2,2011-04-24,1.0,2.96,HOUSEHOLD
HOUSEHOLD_1_321,WI_2,2013-05-05,7.0,2.97,HOUSEHOLD
HOUSEHOLD_1_321,WI_2,2014-04-20,2.0,2.97,HOUSEHOLD
HOUSEHOLD_1_321,WI_2,2014-06-15,4.0,2.97,HOUSEHOLD
HOUSEHOLD_1_321,WI_3,2011-04-24,2.0,2.96,HOUSEHOLD
HOUSEHOLD_1_321,WI_3,2013-05-05,3.0,2.97,HOUSEHOLD
HOUSEHOLD_1_321,WI_3,2014-06-15,4.0,2.97,HOUSEHOLD
HOUSEHOLD_1_323,CA_1,2013-05-05,1.0,4.97,HOUSEHOLD
HOUSEHOLD_1_323,CA_2,2013-05-05,1.0,4.97,HOUSEHOLD
HOUSEHOLD_1_323,TX_1,2011-04-24,2.0,4.74,HOUSEHOLD
HOUSEHOLD_1_323,TX_1,2013-05-05,6.0,4.68,HOUSEHOLD
HOUSEHOLD_1_323,TX_2,2013-05-05,1.0,4.68,HOUSEHOLD
HOUSEHOLD_1_331,CA_1,2011-04-24,1.0,4.88,HOUSEHOLD
HOUSEHOLD_1_331,CA_1,2014-06-15,1.0,4.88,HOUSEHOLD
HOUSEHOLD_1_331,CA_2,2011-04-24,3.0,4.88,HOUSEHOLD
HOUSEHOLD_1_331,CA_3,2011-04-24,3.0,4.88,HOUSEHOLD
HOUSEHOLD_1_331,CA_3,2013-05-05,2.0,4.88,HOUSEHOLD
HOUSEHOLD_1_331,CA_3,2014-06-15,1.0,4.88,HOUSEHOLD
HOUSEHOLD_1_331,TX_1,2011-04-24,8.0,4.88,HOUSEHOLD
HOUSEHOLD_1_331,TX_1,2013-05-05,2.0,4.88,HOUSEHOLD
HOUSEHOLD_1_331,TX_2,2011-04-24,2.0,4.88,HOUSEHOLD
HOUSEHOLD_1_331,TX_2,2013-05-05,3.0,4.88,HOUSEHOLD
HOUSEHOLD_1_331,TX_2,2014-06-15,1.0,4.88,HOUSEHOLD
HOUSEHOLD_1_331,TX_3,2011-04-24,6.0,4.88,HOUSEHOLD
HOUSEHOLD_1_331,TX_3,2013-05-05,1.0,4.88,HOUSEHOLD
HOUSEHOLD_1_331,TX_3,2014-04-20,3.0,4.88,HOUSEHOLD
HOUSEHOLD_1_331,TX_3,2014-06-15,4.0,4.88,HOUSEHOLD
HOUSEHOLD_1_331,WI_1,2014-04-20,2.0,4.88,HOUSEHOLD
HOUSEHOLD_1_331,WI_2,2014-06-15,1.0,4.88,HOUSEHOLD
HOUSEHOLD_1_331,WI_3,2013-05-05,1.0,4.88,HOUSEHOLD
HOUSEHOLD_1_342,CA_1,2014-04-20,1.0,17.97,HOUSEHOLD
HOUSEHOLD_1_342,CA_2,2014-04-20,1.0,17.97,HOUSEHOLD
HOUSEHOLD_1_342,CA_2,2014-06-15,4.0,17.97,HOUSEHOLD
HOUSEHOLD_1_342,CA_3,2014-06-15,1.0,17.97,HOUSEHOLD
HOUSEHOLD_1_342,CA_4,2014-06-15,2.0,17.97,HOUSEHOLD
HOUSEHOLD_1_342,TX_1,2014-04-20,5.0,17.92,HOUSEHOLD
HOUSEHOLD_1_342,TX_1,2014-06-15,3.0,17.92,HOUSEHOLD
HOUSEHOLD_1_342,TX_3,2014-06-15,1.0,17.97,HOUSEHOLD
HOUSEHOLD_1_342,WI_1,2014-06-15,1.0,17.97,HOUSEHOLD
HOUSEHOLD_1_354,CA_1,2011-04-24,3.0,1.93,HOUSEHOLD
HOUSEHOLD_1_354,CA_1,2013-05-05,1.0,1.93,HOUSEHOLD
HOUSEHOLD_1_354,CA_1,2014-04-20,2.0,1.93,HOUSEHOLD
HOUSEHOLD_1_354,CA_2,2011-04-24,3.0,1.93,HOUSEHOLD
HOUSEHOLD_1_354,CA_2,2013-05-05,5.0,1.93,HOUSEHOLD
HOUSEHOLD_1_354,CA_2,2014-04-20,7.0,1.93,HOUSEHOLD
HOUSEHOLD_1_354,CA_2,2014-06-15,1.0,1.93,HOUSEHOLD
HOUSEHOLD_1_354,CA_3,2013-05-05,4.0,1.93,HOUSEHOLD
HOUSEHOLD_1_354,CA_3,2014-06-15,8.0,1.93,HOUSEHOLD
HOUSEHOLD_1_354,CA_4,2011-04-24,1.0,1.93,HOUSEHOLD
HOUSEHOLD_1_354,TX_1,2013-05-05,2.0,1.93,HOUSEHOLD
HOUSEHOLD_1_354,TX_1,2014-06-15,1.0,1.93,HOUSEHOLD
HOUSEHOLD_1_354,TX_2,2013-05-05,2.0,1.93,HOUSEHOLD
HOUSEHOLD_1_354,TX_3,2013-05-05,1.0,1.93,HOUSEHOLD
HOUSEHOLD_1_354,WI_1,2014-04-20,1.0,1.93,HOUSEHOLD
HOUSEHOLD_1_354,WI_2,2013-05-05,1.0,1.93,HOUSEHOLD
HOUSEHOLD_1_354,WI_2,2014-04-20,1.0,1.93,HOUSEHOLD
HOUSEHOLD_1_354,WI_2,2014-06-15,4.0,1.93,HOUSEHOLD
HOUSEHOLD_1_354,WI_3,2011-04-24,6.0,1.93,HOUSEHOLD
HOUSEHOLD_1_354,WI_3,2014-04-20,2.0,1.93,HOUSEHOLD
HOUSEHOLD_1_354,WI_3,2014-06-15,3.0,1.93,HOUSEHOLD
HOUSEHOLD_1_373,CA_1,2011-04-24,11.0,3.22,HOUSEHOLD
HOUSEHOLD_1_373,CA_1,2013-05-05,11.0,3.42,HOUSEHOLD
HOUSEHOLD_1_373,CA_1,2014-04-20,7.0,3.42,HOUSEHOLD
HOUSEHOLD_1_373,CA_1,2014-06-15,6.0,3.42,HOUSEHOLD
HOUSEHOLD_1_373,CA_2,2011-04-24,4.0,3.22,HOUSEHOLD
HOUSEHOLD_1_373,CA_2,2013-05-05,2.0,3.42,HOUSEHOLD
HOUSEHOLD_1_373,CA_2,2014-04-20,1.0,3.42,HOUSEHOLD
HOUSEHOLD_1_373,CA_2,2014-06-15,6.0,3.42,HOUSEHOLD
HOUSEHOLD_1_373,CA_3,2011-04-24,20.0,3.22,HOUSEHOLD
HOUSEHOLD_1_373,CA_3,2014-04-20,9.0,3.42,HOUSEHOLD
HOUSEHOLD_1_373,CA_3,2014-06-15,10.0,3.42,HOUSEHOLD
HOUSEHOLD_1_373,CA_4,2011-04-24,1.0,3.22,HOUSEHOLD
HOUSEHOLD_1_373,CA_4,2014-04-20,3.0,3.42,HOUSEHOLD
HOUSEHOLD_1_373,CA_4,2014-06-15,2.0,3.42,HOUSEHOLD
HOUSEHOLD_1_373,TX_1,2011-04-24,15.0,3.22,HOUSEHOLD
HOUSEHOLD_1_373,TX_1,2013-05-05,13.0,3.42,HOUSEHOLD
HOUSEHOLD_1_373,TX_1,2014-04-20,9.0,3.42,HOUSEHOLD
HOUSEHOLD_1_373,TX_1,2014-06-15,6.0,3.42,HOUSEHOLD
HOUSEHOLD_1_373,TX_2,2011-04-24,15.0,3.22,HOUSEHOLD
HOUSEHOLD_1_373,TX_2,2013-05-05,15.0,3.42,HOUSEHOLD
HOUSEHOLD_1_373,TX_2,2014-04-20,7.0,3.42,HOUSEHOLD
HOUSEHOLD_1_373,TX_2,2014-06-15,6.0,3.42,HOUSEHOLD
HOUSEHOLD_1_373,TX_3,2011-04-24,15.0,3.32,HOUSEHOLD
HOUSEHOLD_1_373,TX_3,2013-05-05,6.0,3.42,HOUSEHOLD
HOUSEHOLD_1_373,TX_3,2014-04-20,10.0,3.42,HOUSEHOLD
HOUSEHOLD_1_373,TX_3,2014-06-15,9.0,3.42,HOUSEHOLD
HOUSEHOLD_1_373,WI_1,2013-05-05,1.0,3.42,HOUSEHOLD
HOUSEHOLD_1_373,WI_1,2014-04-20,2.0,3.42,HOUSEHOLD
HOUSEHOLD_1_373,WI_1,2014-06-15,2.0,3.42,HOUSEHOLD
HOUSEHOLD_1_373,WI_3,2011-04-24,12.0,3.22,HOUSEHOLD
HOUSEHOLD_1_373,WI_3,2013-05-05,2.0,3.42,HOUSEHOLD
HOUSEHOLD_1_373,WI_3,2014-04-20,7.0,3.42,HOUSEHOLD
HOUSEHOLD_1_373,WI_3,2014-06-15,5.0,3.42,HOUSEHOLD
HOUSEHOLD_1_375,CA_1,2011-04-24,1.0,7.97,HOUSEHOLD
HOUSEHOLD_1_375,CA_2,2011-04-24,1.0,7.97,HOUSEHOLD
HOUSEHOLD_1_375,CA_2,2013-05-05,2.0,7.97,HOUSEHOLD
HOUSEHOLD_1_375,CA_2,2014-04-20,3.0,7.97,HOUSEHOLD
HOUSEHOLD_1_375,CA_3,2011-04-24,1.0,7.97,HOUSEHOLD
HOUSEHOLD_1_375,CA_3,2013-05-05,1.0,7.97,HOUSEHOLD
HOUSEHOLD_1_375,CA_3,2014-04-20,1.0,7.97,HOUSEHOLD
HOUSEHOLD_1_375,CA_3,2014-06-15,2.0,7.97,HOUSEHOLD
HOUSEHOLD_1_375,TX_3,2013-05-05,1.0,7.97,HOUSEHOLD
HOUSEHOLD_1_375,WI_1,2014-04-20,1.0,7.97,HOUSEHOLD
HOUSEHOLD_1_383,CA_1,2013-05-05,5.0,3.48,HOUSEHOLD
HOUSEHOLD_1_383,CA_1,2014-06-15,1.0,3.48,HOUSEHOLD
HOUSEHOLD_1_383,CA_2,2013-05-05,1.0,3.48,HOUSEHOLD
HOUSEHOLD_1_383,CA_3,2013-05-05,2.0,3.48,HOUSEHOLD
HOUSEHOLD_1_383,CA_3,2014-04-20,1.0,3.48,HOUSEHOLD
HOUSEHOLD_1_383,CA_3,2014-06-15,4.0,3.48,HOUSEHOLD
HOUSEHOLD_1_383,CA_4,2013-05-05,1.0,3.48,HOUSEHOLD
HOUSEHOLD_1_383,CA_4,2014-04-20,1.0,3.48,HOUSEHOLD
HOUSEHOLD_1_383,CA_4,2014-06-15,1.0,3.48,HOUSEHOLD
HOUSEHOLD_1_383,TX_1,2013-05-05,1.0,3.48,HOUSEHOLD
HOUSEHOLD_1_383,TX_1,2014-04-20,2.0,3.48,HOUSEHOLD
HOUSEHOLD_1_383,TX_1,2014-06-15,1.0,3.48,HOUSEHOLD
HOUSEHOLD_1_383,TX_2,2014-04-20,2.0,3.48,HOUSEHOLD
HOUSEHOLD_1_383,TX_3,2014-04-20,2.0,3.48,HOUSEHOLD
HOUSEHOLD_1_383,WI_1,2014-06-15,1.0,3.48,HOUSEHOLD
HOUSEHOLD_1_383,WI_2,2013-05-05,1.0,3.48,HOUSEHOLD
HOUSEHOLD_1_383,WI_3,2014-04-20,1.0,3.48,HOUSEHOLD
HOUSEHOLD_1_383,WI_3,2014-06-15,1.0,3.48,HOUSEHOLD
HOUSEHOLD_1_385,CA_1,2014-04-20,4.0,1.97,HOUSEHOLD
HOUSEHOLD_1_385,CA_1,2014-06-15,3.0,1.97,HOUSEHOLD
HOUSEHOLD_1_385,TX_1,2014-04-20,4.0,1.97,HOUSEHOLD
HOUSEHOLD_1_385,TX_1,2014-06-15,6.0,1.97,HOUSEHOLD
HOUSEHOLD_1_385,TX_2,2014-04-20,1.0,1.97,HOUSEHOLD
HOUSEHOLD_1_385,TX_2,2014-06-15,3.0,1.97,HOUSEHOLD
HOUSEHOLD_1_385,TX_3,2014-04-20,4.0,1.97,HOUSEHOLD
HOUSEHOLD_1_385,TX_3,2014-06-15,4.0,1.97,HOUSEHOLD
HOUSEHOLD_1_385,WI_1,2014-04-20,1.0,1.97,HOUSEHOLD
HOUSEHOLD_1_385,WI_1,2014-06-15,9.0,1.97,HOUSEHOLD
HOUSEHOLD_1_385,WI_3,2014-04-20,2.0,1.97,HOUSEHOLD
HOUSEHOLD_1_385,WI_3,2014-06-15,1.0,1.97,HOUSEHOLD
HOUSEHOLD_1_387,CA_1,2011-04-24,2.0,2.96,HOUSEHOLD
HOUSEHOLD_1_387,CA_1,2013-05-05,2.0,2.97,HOUSEHOLD
HOUSEHOLD_1_387,CA_1,2014-04-20,2.0,2.97,HOUSEHOLD
HOUSEHOLD_1_387,CA_2,2011-04-24,1.0,2.96,HOUSEHOLD
HOUSEHOLD_1_387,CA_2,2013-05-05,3.0,2.97,HOUSEHOLD
HOUSEHOLD_1_387,CA_2,2014-04-20,2.0,2.97,HOUSEHOLD
HOUSEHOLD_1_387,CA_2,2014-06-15,2.0,2.97,HOUSEHOLD
HOUSEHOLD_1_387,CA_3,2011-04-24,7.0,2.96,HOUSEHOLD
HOUSEHOLD_1_387,CA_3,2013-05-05,7.0,2.97,HOUSEHOLD
HOUSEHOLD_1_387,CA_3,2014-04-20,3.0,2.97,HOUSEHOLD
HOUSEHOLD_1_387,CA_3,2014-06-15,16.0,2.97,HOUSEHOLD
HOUSEHOLD_1_387,CA_4,2011-04-24,1.0,2.96,HOUSEHOLD
HOUSEHOLD_1_387,CA_4,2013-05-05,1.0,2.97,HOUSEHOLD
HOUSEHOLD_1_387,CA_4,2014-04-20,1.0,2.97,HOUSEHOLD
HOUSEHOLD_1_387,CA_4,2014-06-15,3.0,2.97,HOUSEHOLD
HOUSEHOLD_1_387,TX_1,2011-04-24,1.0,2.96,HOUSEHOLD
HOUSEHOLD_1_387,TX_1,2013-05-05,4.0,2.97,HOUSEHOLD
HOUSEHOLD_1_387,TX_1,2014-06-15,1.0,2.97,HOUSEHOLD
HOUSEHOLD_1_387,TX_2,2011-04-24,3.0,2.96,HOUSEHOLD
HOUSEHOLD_1_387,TX_2,2013-05-05,4.0,2.97,HOUSEHOLD
HOUSEHOLD_1_387,TX_2,2014-04-20,2.0,2.97,HOUSEHOLD
HOUSEHOLD_1_387,TX_2,2014-06-15,1.0,2.97,HOUSEHOLD
HOUSEHOLD_1_387,TX_3,2011-04-24,5.0,2.96,HOUSEHOLD
HOUSEHOLD_1_387,TX_3,2013-05-05,5.0,2.97,HOUSEHOLD
HOUSEHOLD_1_387,TX_3,2014-04-20,4.0,2.97,HOUSEHOLD
HOUSEHOLD_1_387,TX_3,2014-06-15,3.0,2.97,HOUSEHOLD
HOUSEHOLD_1_387,WI_1,2011-04-24,1.0,2.96,HOUSEHOLD
HOUSEHOLD_1_387,WI_1,2013-05-05,1.0,2.97,HOUSEHOLD
HOUSEHOLD_1_387,WI_1,2014-04-20,3.0,2.97,HOUSEHOLD
HOUSEHOLD_1_387,WI_1,2014-06-15,4.0,2.97,HOUSEHOLD
HOUSEHOLD_1_387,WI_2,2011-04-24,8.0,2.96,HOUSEHOLD
HOUSEHOLD_1_387,WI_2,2013-05-05,4.0,2.97,HOUSEHOLD
HOUSEHOLD_1_387,WI_2,2014-04-20,6.0,2.97,HOUSEHOLD
HOUSEHOLD_1_387,WI_2,2014-06-15,4.0,2.97,HOUSEHOLD
HOUSEHOLD_1_387,WI_3,2011-04-24,6.0,2.96,HOUSEHOLD
HOUSEHOLD_1_387,WI_3,2013-05-05,2.0,2.97,HOUSEHOLD
HOUSEHOLD_1_387,WI_3,2014-06-15,3.0,2.97,HOUSEHOLD
HOUSEHOLD_1_407,CA_1,2013-05-05,1.0,4.97,HOUSEHOLD
HOUSEHOLD_1_407,CA_1,2014-04-20,1.0,5.24,HOUSEHOLD
HOUSEHOLD_1_407,CA_1,2014-06-15,1.0,5.24,HOUSEHOLD
HOUSEHOLD_1_407,CA_2,2014-06-15,4.0,5.24,HOUSEHOLD
HOUSEHOLD_1_407,CA_4,2013-05-05,1.0,4.97,HOUSEHOLD
HOUSEHOLD_1_407,TX_1,2014-04-20,2.0,5.24,HOUSEHOLD
HOUSEHOLD_1_407,TX_1,2014-06-15,3.0,5.24,HOUSEHOLD
HOUSEHOLD_1_407,TX_2,2014-04-20,2.0,5.24,HOUSEHOLD
HOUSEHOLD_1_407,TX_3,2014-06-15,1.0,5.24,HOUSEHOLD
HOUSEHOLD_1_407,WI_2,2014-04-20,1.0,5.24,HOUSEHOLD
HOUSEHOLD_1_407,WI_3,2014-04-20,1.0,5.24,HOUSEHOLD
HOUSEHOLD_1_409,CA_1,2013-05-05,19.0,2.98,HOUSEHOLD
HOUSEHOLD_1_409,CA_1,2014-04-20,12.0,2.98,HOUSEHOLD
HOUSEHOLD_1_409,CA_1,2014-06-15,9.0,2.98,HOUSEHOLD
HOUSEHOLD_1_409,CA_2,2013-05-05,19.0,2.98,HOUSEHOLD
HOUSEHOLD_1_409,CA_2,2014-04-20,3.0,2.98,HOUSEHOLD
HOUSEHOLD_1_409,CA_2,2014-06-15,1.0,2.98,HOUSEHOLD
HOUSEHOLD_1_409,CA_3,2013-05-05,39.0,2.98,HOUSEHOLD
HOUSEHOLD_1_409,CA_3,2014-04-20,9.0,2.98,HOUSEHOLD
HOUSEHOLD_1_409,CA_3,2014-06-15,9.0,2.98,HOUSEHOLD
HOUSEHOLD_1_409,CA_4,2013-05-05,3.0,2.98,HOUSEHOLD
HOUSEHOLD_1_409,CA_4,2014-04-20,3.0,2.98,HOUSEHOLD
HOUSEHOLD_1_409,CA_4,2014-06-15,2.0,2.98,HOUSEHOLD
HOUSEHOLD_1_409,TX_1,2013-05-05,12.0,2.98,HOUSEHOLD
HOUSEHOLD_1_409,TX_1,2014-04-20,3.0,2.98,HOUSEHOLD
HOUSEHOLD_1_409,TX_1,2014-06-15,8.0,2.98,HOUSEHOLD
HOUSEHOLD_1_409,TX_2,2013-05-05,29.0,2.98,HOUSEHOLD
HOUSEHOLD_1_409,TX_2,2014-04-20,8.0,2.98,HOUSEHOLD
HOUSEHOLD_1_409,TX_2,2014-06-15,11.0,2.98,HOUSEHOLD
HOUSEHOLD_1_409,TX_3,2013-05-05,8.0,2.98,HOUSEHOLD
HOUSEHOLD_1_409,TX_3,2014-04-20,8.0,2.98,HOUSEHOLD
HOUSEHOLD_1_409,TX_3,2014-06-15,14.0,2.98,HOUSEHOLD
HOUSEHOLD_1_409,WI_1,2013-05-05,15.0,2.98,HOUSEHOLD
HOUSEHOLD_1_409,WI_1,2014-04-20,3.0,2.98,HOUSEHOLD
HOUSEHOLD_1_409,WI_1,2014-06-15,4.0,2.98,HOUSEHOLD
HOUSEHOLD_1_409,WI_2,2013-05-05,27.0,2.98,HOUSEHOLD
HOUSEHOLD_1_409,WI_2,2014-04-20,1.0,2.98,HOUSEHOLD
HOUSEHOLD_1_409,WI_2,2014-06-15,9.0,2.98,HOUSEHOLD
HOUSEHOLD_1_409,WI_3,2013-05-05,1.0,2.98,HOUSEHOLD
HOUSEHOLD_1_409,WI_3,2014-04-20,1.0,2.98,HOUSEHOLD
HOUSEHOLD_1_409,WI_3,2014-06-15,4.0,2.98,HOUSEHOLD
HOUSEHOLD_1_435,CA_1,2014-06-15,1.0,7.98,HOUSEHOLD
HOUSEHOLD_1_435,CA_3,2014-04-20,2.0,7.98,HOUSEHOLD
HOUSEHOLD_1_435,CA_3,2014-06-15,1.0,7.98,HOUSEHOLD
HOUSEHOLD_1_435,TX_1,2014-06-15,1.0,7.98,HOUSEHOLD
HOUSEHOLD_1_435,TX_3,2014-06-15,1.0,7.98,HOUSEHOLD
HOUSEHOLD_1_444,CA_2,2014-04-20,1.0,4.88,HOUSEHOLD
HOUSEHOLD_1_444,CA_2,2014-06-15,2.0,4.88,HOUSEHOLD
HOUSEHOLD_1_444,WI_1,2014-06-15,4.0,4.88,HOUSEHOLD
HOUSEHOLD_1_444,WI_2,2014-06-15,1.0,4.88,HOUSEHOLD
HOUSEHOLD_1_446,CA_1,2013-05-05,2.0,3.88,HOUSEHOLD
HOUSEHOLD_1_446,CA_1,2014-04-20,5.0,3.97,HOUSEHOLD
HOUSEHOLD_1_446,CA_1,2014-06-15,3.0,3.97,HOUSEHOLD
HOUSEHOLD_1_446,CA_2,2013-05-05,1.0,3.88,HOUSEHOLD
HOUSEHOLD_1_446,CA_2,2014-04-20,1.0,3.97,HOUSEHOLD
HOUSEHOLD_1_446,CA_3,2011-04-24,4.0,3.88,HOUSEHOLD
HOUSEHOLD_1_446,CA_3,2013-05-05,4.0,3.88,HOUSEHOLD
HOUSEHOLD_1_446,CA_3,2014-06-15,1.0,3.97,HOUSEHOLD
HOUSEHOLD_1_446,CA_4,2011-04-24,1.0,3.88,HOUSEHOLD
HOUSEHOLD_1_446,CA_4,2014-06-15,1.0,3.97,HOUSEHOLD
HOUSEHOLD_1_446,TX_1,2013-05-05,1.0,3.88,HOUSEHOLD
HOUSEHOLD_1_446,TX_2,2011-04-24,2.0,3.88,HOUSEHOLD
HOUSEHOLD_1_446,TX_2,2013-05-05,2.0,3.88,HOUSEHOLD
HOUSEHOLD_1_446,WI_1,2014-04-20,2.0,3.97,HOUSEHOLD
HOUSEHOLD_1_446,WI_2,2014-04-20,1.0,3.97,HOUSEHOLD
HOUSEHOLD_1_446,WI_2,2014-06-15,1.0,3.97,HOUSEHOLD
HOUSEHOLD_1_446,WI_3,2011-04-24,1.0,3.88,HOUSEHOLD
HOUSEHOLD_1_446,WI_3,2014-06-15,1.0,3.97,HOUSEHOLD
HOUSEHOLD_1_462,CA_1,2014-06-15,1.0,2.37,HOUSEHOLD
HOUSEHOLD_1_462,CA_2,2013-05-05,1.0,2.37,HOUSEHOLD
HOUSEHOLD_1_462,CA_2,2014-06-15,4.0,2.37,HOUSEHOLD
HOUSEHOLD_1_462,CA_3,2013-05-05,5.0,2.37,HOUSEHOLD
HOUSEHOLD_1_462,CA_3,2014-04-20,5.0,2.37,HOUSEHOLD
HOUSEHOLD_1_462,CA_3,2014-06-15,8.0,2.37,HOUSEHOLD
HOUSEHOLD_1_462,TX_1,2013-05-05,3.0,1.88,HOUSEHOLD
HOUSEHOLD_1_462,TX_1,2014-06-15,6.0,1.88,HOUSEHOLD
HOUSEHOLD_1_462,TX_2,2013-05-05,15.0,1.88,HOUSEHOLD
HOUSEHOLD_1_462,TX_3,2013-05-05,11.0,1.88,HOUSEHOLD
HOUSEHOLD_1_462,TX_3,2014-04-20,5.0,1.88,HOUSEHOLD
HOUSEHOLD_1_462,TX_3,2014-06-15,4.0,1.88,HOUSEHOLD
HOUSEHOLD_1_462,WI_1,2014-04-20,6.0,2.37,HOUSEHOLD
HOUSEHOLD_1_462,WI_1,2014-06-15,4.0,2.37,HOUSEHOLD
HOUSEHOLD_1_462,WI_2,2013-05-05,2.0,2.37,HOUSEHOLD
HOUSEHOLD_1_462,WI_2,2014-04-20,1.0,2.37,HOUSEHOLD
HOUSEHOLD_1_462,WI_3,2013-05-05,13.0,2.37,HOUSEHOLD
HOUSEHOLD_1_462,WI_3,2014-04-20,5.0,2.37,HOUSEHOLD
HOUSEHOLD_1_462,WI_3,2014-06-15,3.0,2.37,HOUSEHOLD
HOUSEHOLD_1_472,CA_1,2013-05-05,2.0,4.82,HOUSEHOLD
HOUSEHOLD_1_472,CA_3,2014-04-20,5.0,4.82,HOUSEHOLD
HOUSEHOLD_1_472,TX_1,2014-06-15,1.0,4.82,HOUSEHOLD
HOUSEHOLD_1_472,TX_2,2013-05-05,2.0,4.82,HOUSEHOLD
HOUSEHOLD_1_472,TX_3,2013-05-05,1.0,4.82,HOUSEHOLD
HOUSEHOLD_1_472,TX_3,2014-04-20,1.0,4.82,HOUSEHOLD
HOUSEHOLD_1_472,WI_1,2013-05-05,2.0,4.82,HOUSEHOLD
HOUSEHOLD_1_472,WI_1,2014-04-20,1.0,4.82,HOUSEHOLD
HOUSEHOLD_1_472,WI_3,2013-05-05,2.0,4.82,HOUSEHOLD
HOUSEHOLD_1_474,CA_1,2013-05-05,3.0,0.97,HOUSEHOLD
HOUSEHOLD_1_474,CA_1,2014-04-20,21.0,0.97,HOUSEHOLD
HOUSEHOLD_1_474,CA_1,2014-06-15,1.0,0.97,HOUSEHOLD
HOUSEHOLD_1_474,CA_2,2011-04-24,3.0,0.97,HOUSEHOLD
HOUSEHOLD_1_474,CA_2,2013-05-05,4.0,0.97,HOUSEHOLD
HOUSEHOLD_1_474,CA_2,2014-04-20,15.0,0.97,HOUSEHOLD
HOUSEHOLD_1_474,CA_2,2014-06-15,10.0,0.97,HOUSEHOLD
HOUSEHOLD_1_474,CA_3,2013-05-05,3.0,0.97,HOUSEHOLD
HOUSEHOLD_1_474,CA_3,2014-04-20,1.0,0.97,HOUSEHOLD
HOUSEHOLD_1_474,CA_3,2014-06-15,7.0,0.97,HOUSEHOLD
HOUSEHOLD_1_474,CA_4,2011-04-24,4.0,0.97,HOUSEHOLD
HOUSEHOLD_1_474,CA_4,2013-05-05,5.0,0.97,HOUSEHOLD
HOUSEHOLD_1_474,CA_4,2014-04-20,2.0,0.97,HOUSEHOLD
HOUSEHOLD_1_474,TX_1,2011-04-24,9.0,0.97,HOUSEHOLD
HOUSEHOLD_1_474,TX_1,2013-05-05,3.0,0.97,HOUSEHOLD
HOUSEHOLD_1_474,TX_1,2014-04-20,2.0,0.97,HOUSEHOLD
HOUSEHOLD_1_474,TX_1,2014-06-15,3.0,0.97,HOUSEHOLD
HOUSEHOLD_1_474,TX_2,2011-04-24,12.0,0.97,HOUSEHOLD
HOUSEHOLD_1_474,TX_2,2013-05-05,6.0,0.97,HOUSEHOLD
HOUSEHOLD_1_474,TX_2,2014-04-20,16.0,0.97,HOUSEHOLD
HOUSEHOLD_1_474,TX_2,2014-06-15,8.0,0.97,HOUSEHOLD
HOUSEHOLD_1_474,TX_3,2013-05-05,3.0,0.97,HOUSEHOLD
HOUSEHOLD_1_474,TX_3,2014-04-20,9.0,0.97,HOUSEHOLD
HOUSEHOLD_1_474,TX_3,2014-06-15,10.0,0.97,HOUSEHOLD
HOUSEHOLD_1_474,WI_1,2011-04-24,1.0,0.97,HOUSEHOLD
HOUSEHOLD_1_474,WI_2,2013-05-05,3.0,0.97,HOUSEHOLD
HOUSEHOLD_1_474,WI_2,2014-06-15,4.0,0.97,HOUSEHOLD
HOUSEHOLD_1_474,WI_3,2013-05-05,9.0,0.97,HOUSEHOLD
HOUSEHOLD_1_474,WI_3,2014-04-20,1.0,0.97,HOUSEHOLD
HOUSEHOLD_1_474,WI_3,2014-06-15,1.0,0.97,HOUSEHOLD
HOUSEHOLD_1_479,CA_1,2013-05-05,2.0,7.52,HOUSEHOLD
HOUSEHOLD_1_479,CA_1,2014-04-20,1.0,7.52,HOUSEHOLD
HOUSEHOLD_1_479,CA_1,2014-06-15,2.0,7.52,HOUSEHOLD
HOUSEHOLD_1_479,CA_2,2013-05-05,2.0,7.52,HOUSEHOLD
HOUSEHOLD_1_479,CA_3,2013-05-05,2.0,7.52,HOUSEHOLD
HOUSEHOLD_1_479,CA_3,2014-06-15,3.0,7.52,HOUSEHOLD
HOUSEHOLD_1_479,CA_4,2014-06-15,1.0,7.52,HOUSEHOLD
HOUSEHOLD_1_479,TX_1,2013-05-05,1.0,7.52,HOUSEHOLD
HOUSEHOLD_1_479,TX_2,2013-05-05,3.0,7.52,HOUSEHOLD
HOUSEHOLD_1_479,TX_2,2014-04-20,1.0,7.52,HOUSEHOLD
HOUSEHOLD_1_479,TX_2,2014-06-15,1.0,7.52,HOUSEHOLD
HOUSEHOLD_1_479,TX_3,2013-05-05,2.0,7.52,HOUSEHOLD
HOUSEHOLD_1_479,TX_3,2014-06-15,1.0,7.52,HOUSEHOLD
HOUSEHOLD_1_479,WI_1,2013-05-05,2.0,7.52,HOUSEHOLD
HOUSEHOLD_1_479,WI_1,2014-04-20,2.0,7.52,HOUSEHOLD
HOUSEHOLD_1_479,WI_2,2013-05-05,2.0,7.52,HOUSEHOLD
HOUSEHOLD_1_479,WI_3,2014-06-15,2.0,7.52,HOUSEHOLD
HOUSEHOLD_1_482,CA_1,2011-04-24,3.0,3.28,HOUSEHOLD
HOUSEHOLD_1_482,CA_1,2013-05-05,3.0,3.38,HOUSEHOLD
HOUSEHOLD_1_482,CA_1,2014-04-20,2.0,3.38,HOUSEHOLD
HOUSEHOLD_1_482,CA_1,2014-06-15,1.0,3.38,HOUSEHOLD
HOUSEHOLD_1_482,CA_2,2013-05-05,2.0,3.38,HOUSEHOLD
HOUSEHOLD_1_482,CA_2,2014-04-20,2.0,3.38,HOUSEHOLD
HOUSEHOLD_1_482,CA_2,2014-06-15,1.0,3.38,HOUSEHOLD
HOUSEHOLD_1_482,CA_3,2013-05-05,4.0,3.38,HOUSEHOLD
HOUSEHOLD_1_482,CA_3,2014-04-20,3.0,3.38,HOUSEHOLD
HOUSEHOLD_1_482,CA_3,2014-06-15,2.0,3.38,HOUSEHOLD
HOUSEHOLD_1_482,CA_4,2014-06-15,1.0,3.38,HOUSEHOLD
HOUSEHOLD_1_482,TX_1,2014-04-20,2.0,3.38,HOUSEHOLD
HOUSEHOLD_1_482,TX_2,2011-04-24,5.0,3.28,HOUSEHOLD
HOUSEHOLD_1_482,TX_2,2014-06-15,1.0,3.38,HOUSEHOLD
HOUSEHOLD_1_482,TX_3,2011-04-24,1.0,3.28,HOUSEHOLD
HOUSEHOLD_1_482,WI_1,2011-04-24,2.0,3.28,HOUSEHOLD
HOUSEHOLD_1_482,WI_1,2014-06-15,2.0,3.38,HOUSEHOLD
HOUSEHOLD_1_482,WI_2,2013-05-05,1.0,3.38,HOUSEHOLD
HOUSEHOLD_1_482,WI_2,2014-06-15,1.0,3.38,HOUSEHOLD
HOUSEHOLD_1_482,WI_3,2011-04-24,3.0,3.28,HOUSEHOLD
HOUSEHOLD_1_486,CA_1,2013-05-05,3.0,17.97,HOUSEHOLD
HOUSEHOLD_1_486,CA_2,2014-04-20,2.0,17.97,HOUSEHOLD
HOUSEHOLD_1_486,CA_3,2013-05-05,2.0,17.97,HOUSEHOLD
HOUSEHOLD_1_486,CA_3,2014-06-15,1.0,17.97,HOUSEHOLD
HOUSEHOLD_1_486,TX_1,2014-04-20,1.0,17.97,HOUSEHOLD
HOUSEHOLD_1_486,TX_2,2013-05-05,1.0,17.97,HOUSEHOLD
HOUSEHOLD_1_486,TX_3,2014-04-20,2.0,17.97,HOUSEHOLD
HOUSEHOLD_1_486,WI_3,2014-06-15,1.0,17.97,HOUSEHOLD
HOUSEHOLD_1_492,CA_1,2013-05-05,1.0,3.97,HOUSEHOLD
HOUSEHOLD_1_492,CA_1,2014-06-15,1.0,3.97,HOUSEHOLD
HOUSEHOLD_1_492,CA_2,2011-04-24,2.0,3.58,HOUSEHOLD
HOUSEHOLD_1_492,CA_2,2013-05-05,1.0,3.97,HOUSEHOLD
HOUSEHOLD_1_492,CA_2,2014-04-20,1.0,3.97,HOUSEHOLD
HOUSEHOLD_1_492,CA_3,2011-04-24,2.0,3.58,HOUSEHOLD
HOUSEHOLD_1_492,CA_3,2014-04-20,1.0,3.97,HOUSEHOLD
HOUSEHOLD_1_492,CA_3,2014-06-15,4.0,3.97,HOUSEHOLD
HOUSEHOLD_1_492,TX_1,2014-04-20,1.0,3.97,HOUSEHOLD
HOUSEHOLD_1_492,WI_1,2013-05-05,1.0,3.97,HOUSEHOLD
HOUSEHOLD_1_492,WI_1,2014-06-15,1.0,3.97,HOUSEHOLD
HOUSEHOLD_1_492,WI_3,2014-04-20,1.0,3.97,HOUSEHOLD
HOUSEHOLD_1_497,CA_1,2014-04-20,4.0,14.97,HOUSEHOLD
HOUSEHOLD_1_497,CA_1,2014-06-15,2.0,14.97,HOUSEHOLD
HOUSEHOLD_1_497,CA_2,2014-04-20,1.0,14.97,HOUSEHOLD
HOUSEHOLD_1_497,CA_2,2014-06-15,1.0,14.97,HOUSEHOLD
HOUSEHOLD_1_497,CA_3,2014-04-20,5.0,14.97,HOUSEHOLD
HOUSEHOLD_1_497,CA_3,2014-06-15,2.0,14.97,HOUSEHOLD
HOUSEHOLD_1_497,CA_4,2014-04-20,1.0,14.97,HOUSEHOLD
HOUSEHOLD_1_497,CA_4,2014-06-15,1.0,14.97,HOUSEHOLD
HOUSEHOLD_1_497,TX_1,2014-04-20,4.0,14.97,HOUSEHOLD
HOUSEHOLD_1_497,TX_1,2014-06-15,5.0,14.97,HOUSEHOLD
HOUSEHOLD_1_497,TX_2,2014-04-20,1.0,14.97,HOUSEHOLD
HOUSEHOLD_1_497,TX_3,2014-04-20,1.0,14.97,HOUSEHOLD
HOUSEHOLD_1_497,TX_3,2014-06-15,5.0,14.97,HOUSEHOLD
HOUSEHOLD_1_497,WI_2,2014-06-15,1.0,14.97,HOUSEHOLD
HOUSEHOLD_1_497,WI_3,2014-04-20,1.0,14.97,HOUSEHOLD
HOUSEHOLD_1_497,WI_3,2014-06-15,2.0,14.97,HOUSEHOLD
HOUSEHOLD_1_506,CA_1,2011-04-24,3.0,3.32,HOUSEHOLD
HOUSEHOLD_1_506,CA_1,2013-05-05,3.0,3.47,HOUSEHOLD
HOUSEHOLD_1_506,CA_1,2014-04-20,1.0,3.66,HOUSEHOLD
HOUSEHOLD_1_506,CA_2,2011-04-24,2.0,3.32,HOUSEHOLD
HOUSEHOLD_1_506,CA_2,2013-05-05,12.0,3.47,HOUSEHOLD
HOUSEHOLD_1_506,CA_2,2014-04-20,2.0,3.66,HOUSEHOLD
HOUSEHOLD_1_506,CA_3,2011-04-24,5.0,3.32,HOUSEHOLD
HOUSEHOLD_1_506,CA_3,2013-05-05,11.0,3.47,HOUSEHOLD
HOUSEHOLD_1_506,CA_3,2014-04-20,11.0,3.66,HOUSEHOLD
HOUSEHOLD_1_506,TX_1,2011-04-24,8.0,3.28,HOUSEHOLD
HOUSEHOLD_1_506,TX_1,2013-05-05,8.0,3.28,HOUSEHOLD
HOUSEHOLD_1_506,TX_1,2014-04-20,4.0,3.47,HOUSEHOLD
HOUSEHOLD_1_506,TX_1,2014-06-15,6.0,3.47,HOUSEHOLD
HOUSEHOLD_1_506,TX_2,2011-04-24,6.0,3.28,HOUSEHOLD
HOUSEHOLD_1_506,TX_2,2013-05-05,6.0,3.28,HOUSEHOLD
HOUSEHOLD_1_506,TX_2,2014-04-20,7.0,3.47,HOUSEHOLD
HOUSEHOLD_1_506,TX_2,2014-06-15,8.0,3.47,HOUSEHOLD
HOUSEHOLD_1_506,TX_3,2013-05-05,4.0,3.28,HOUSEHOLD
HOUSEHOLD_1_506,TX_3,2014-04-20,4.0,3.47,HOUSEHOLD
HOUSEHOLD_1_506,TX_3,2014-06-15,11.0,3.47,HOUSEHOLD
HOUSEHOLD_1_506,WI_3,2013-05-05,1.0,3.47,HOUSEHOLD
HOUSEHOLD_1_509,CA_1,2014-04-20,4.0,2.87,HOUSEHOLD
HOUSEHOLD_1_509,TX_2,2014-04-20,1.0,2.87,HOUSEHOLD
HOUSEHOLD_1_520,CA_1,2014-06-15,1.0,5.48,HOUSEHOLD
HOUSEHOLD_1_520,CA_2,2013-05-05,1.0,5.48,HOUSEHOLD
HOUSEHOLD_1_520,CA_2,2014-06-15,1.0,5.48,HOUSEHOLD
HOUSEHOLD_1_520,CA_3,2011-04-24,2.0,5.86,HOUSEHOLD
HOUSEHOLD_1_520,CA_3,2013-05-05,3.0,5.48,HOUSEHOLD
HOUSEHOLD_1_520,CA_3,2014-06-15,3.0,5.48,HOUSEHOLD
HOUSEHOLD_1_520,CA_4,2013-05-05,2.0,5.48,HOUSEHOLD
HOUSEHOLD_1_520,TX_1,2014-06-15,1.0,5.48,HOUSEHOLD
HOUSEHOLD_1_520,TX_3,2014-06-15,1.0,5.48,HOUSEHOLD
HOUSEHOLD_1_520,WI_2,2011-04-24,1.0,5.98,HOUSEHOLD
HOUSEHOLD_1_520,WI_2,2013-05-05,2.0,5.48,HOUSEHOLD
HOUSEHOLD_1_520,WI_3,2014-06-15,1.0,5.48,HOUSEHOLD
HOUSEHOLD_1_529,CA_1,2014-04-20,4.0,2.97,HOUSEHOLD
HOUSEHOLD_1_529,CA_1,2014-06-15,1.0,2.97,HOUSEHOLD
HOUSEHOLD_1_529,CA_2,2014-04-20,3.0,2.97,HOUSEHOLD
HOUSEHOLD_1_529,CA_3,2014-04-20,4.0,2.97,HOUSEHOLD
HOUSEHOLD_1_529,CA_3,2014-06-15,5.0,2.97,HOUSEHOLD
HOUSEHOLD_1_529,CA_4,2014-06-15,1.0,2.97,HOUSEHOLD
HOUSEHOLD_1_529,TX_1,2014-04-20,3.0,2.97,HOUSEHOLD
HOUSEHOLD_1_529,TX_1,2014-06-15,1.0,2.97,HOUSEHOLD
HOUSEHOLD_1_529,TX_2,2014-04-20,1.0,2.97,HOUSEHOLD
HOUSEHOLD_1_529,TX_3,2014-04-20,1.0,2.97,HOUSEHOLD
HOUSEHOLD_1_529,TX_3,2014-06-15,2.0,2.97,HOUSEHOLD
HOUSEHOLD_1_529,WI_1,2014-04-20,1.0,2.97,HOUSEHOLD
HOUSEHOLD_1_529,WI_1,2014-06-15,1.0,2.97,HOUSEHOLD
HOUSEHOLD_1_529,WI_2,2014-06-15,1.0,2.97,HOUSEHOLD
HOUSEHOLD_1_536,CA_1,2014-04-20,2.0,2.98,HOUSEHOLD
HOUSEHOLD_1_536,CA_1,2014-06-15,5.0,2.98,HOUSEHOLD
HOUSEHOLD_1_536,CA_2,2014-04-20,3.0,2.98,HOUSEHOLD
HOUSEHOLD_1_536,CA_2,2014-06-15,5.0,2.98,HOUSEHOLD
HOUSEHOLD_1_536,CA_3,2014-04-20,6.0,2.98,HOUSEHOLD
HOUSEHOLD_1_536,CA_3,2014-06-15,8.0,2.98,HOUSEHOLD
HOUSEHOLD_1_536,CA_4,2014-06-15,1.0,2.98,HOUSEHOLD
HOUSEHOLD_1_536,TX_1,2014-04-20,1.0,2.98,HOUSEHOLD
HOUSEHOLD_1_536,TX_1,2014-06-15,3.0,2.98,HOUSEHOLD
HOUSEHOLD_1_536,TX_2,2014-04-20,5.0,2.98,HOUSEHOLD
HOUSEHOLD_1_536,TX_3,2014-06-15,2.0,2.98,HOUSEHOLD
HOUSEHOLD_1_536,WI_1,2014-04-20,1.0,2.98,HOUSEHOLD
HOUSEHOLD_1_536,WI_1,2014-06-15,4.0,2.98,HOUSEHOLD
HOUSEHOLD_1_536,WI_2,2014-04-20,1.0,2.98,HOUSEHOLD
HOUSEHOLD_1_536,WI_2,2014-06-15,2.0,2.98,HOUSEHOLD
HOUSEHOLD_1_539,CA_1,2013-05-05,5.0,3.38,HOUSEHOLD
HOUSEHOLD_1_539,CA_1,2014-04-20,1.0,3.97,HOUSEHOLD
HOUSEHOLD_1_539,CA_2,2013-05-05,1.0,3.38,HOUSEHOLD
HOUSEHOLD_1_539,CA_2,2014-04-20,1.0,3.97,HOUSEHOLD
HOUSEHOLD_1_539,CA_2,2014-06-15,1.0,3.97,HOUSEHOLD
HOUSEHOLD_1_539,CA_3,2013-05-05,1.0,3.38,HOUSEHOLD
HOUSEHOLD_1_539,CA_3,2014-04-20,3.0,3.97,HOUSEHOLD
HOUSEHOLD_1_539,CA_3,2014-06-15,4.0,3.97,HOUSEHOLD
HOUSEHOLD_1_539,CA_4,2013-05-05,2.0,3.38,HOUSEHOLD
HOUSEHOLD_1_539,CA_4,2014-06-15,2.0,3.97,HOUSEHOLD
HOUSEHOLD_1_539,TX_1,2013-05-05,3.0,3.38,HOUSEHOLD
HOUSEHOLD_1_539,TX_1,2014-04-20,1.0,3.97,HOUSEHOLD
HOUSEHOLD_1_539,TX_1,2014-06-15,2.0,3.97,HOUSEHOLD
HOUSEHOLD_1_539,TX_2,2013-05-05,4.0,3.38,HOUSEHOLD
HOUSEHOLD_1_539,TX_2,2014-06-15,2.0,3.97,HOUSEHOLD
HOUSEHOLD_1_539,TX_3,2013-05-05,1.0,3.38,HOUSEHOLD
HOUSEHOLD_1_539,TX_3,2014-04-20,1.0,3.97,HOUSEHOLD
HOUSEHOLD_1_539,TX_3,2014-06-15,1.0,3.97,HOUSEHOLD
HOUSEHOLD_1_539,WI_1,2013-05-05,4.0,3.38,HOUSEHOLD
HOUSEHOLD_1_539,WI_1,2014-04-20,2.0,3.97,HOUSEHOLD
HOUSEHOLD_1_539,WI_1,2014-06-15,2.0,3.97,HOUSEHOLD
HOUSEHOLD_1_539,WI_2,2013-05-05,1.0,3.38,HOUSEHOLD
HOUSEHOLD_1_539,WI_2,2014-04-20,1.0,3.97,HOUSEHOLD
HOUSEHOLD_1_539,WI_2,2014-06-15,1.0,3.97,HOUSEHOLD
HOUSEHOLD_2_001,CA_1,2014-04-20,1.0,6.47,HOUSEHOLD
HOUSEHOLD_2_001,CA_1,2014-06-15,1.0,6.77,HOUSEHOLD
HOUSEHOLD_2_001,CA_2,2011-04-24,3.0,6.47,HOUSEHOLD
HOUSEHOLD_2_001,CA_3,2011-04-24,1.0,6.47,HOUSEHOLD
HOUSEHOLD_2_001,CA_3,2013-05-05,2.0,6.47,HOUSEHOLD
HOUSEHOLD_2_001,TX_1,2014-04-20,1.0,6.47,HOUSEHOLD
HOUSEHOLD_2_001,TX_2,2014-04-20,1.0,6.47,HOUSEHOLD
HOUSEHOLD_2_001,TX_3,2013-05-05,1.0,6.47,HOUSEHOLD
HOUSEHOLD_2_001,TX_3,2014-06-15,1.0,6.77,HOUSEHOLD
HOUSEHOLD_2_001,WI_2,2014-04-20,1.0,6.47,HOUSEHOLD
HOUSEHOLD_2_003,CA_1,2014-04-20,1.0,8.94,HOUSEHOLD
HOUSEHOLD_2_003,CA_1,2014-06-15,2.0,8.94,HOUSEHOLD
HOUSEHOLD_2_003,CA_2,2011-04-24,1.0,9.47,HOUSEHOLD
HOUSEHOLD_2_003,CA_2,2013-05-05,3.0,9.47,HOUSEHOLD
HOUSEHOLD_2_003,CA_2,2014-04-20,1.0,8.94,HOUSEHOLD
HOUSEHOLD_2_003,CA_3,2011-04-24,1.0,9.47,HOUSEHOLD
HOUSEHOLD_2_003,CA_3,2014-04-20,1.0,8.94,HOUSEHOLD
HOUSEHOLD_2_003,CA_3,2014-06-15,2.0,8.94,HOUSEHOLD
HOUSEHOLD_2_003,TX_2,2011-04-24,2.0,9.47,HOUSEHOLD
HOUSEHOLD_2_003,TX_2,2013-05-05,1.0,9.47,HOUSEHOLD
HOUSEHOLD_2_003,TX_3,2014-06-15,1.0,8.94,HOUSEHOLD
HOUSEHOLD_2_003,WI_2,2014-06-15,2.0,8.94,HOUSEHOLD
HOUSEHOLD_2_010,CA_2,2014-04-20,1.0,6.97,HOUSEHOLD
HOUSEHOLD_2_010,CA_2,2014-06-15,3.0,6.97,HOUSEHOLD
HOUSEHOLD_2_010,CA_3,2014-06-15,2.0,6.97,HOUSEHOLD
HOUSEHOLD_2_010,CA_4,2014-04-20,1.0,6.97,HOUSEHOLD
HOUSEHOLD_2_014,CA_1,2013-05-05,1.0,5.97,HOUSEHOLD
HOUSEHOLD_2_014,CA_3,2013-05-05,1.0,5.97,HOUSEHOLD
HOUSEHOLD_2_014,CA_3,2014-04-20,1.0,5.97,HOUSEHOLD
HOUSEHOLD_2_014,TX_2,2013-05-05,1.0,5.97,HOUSEHOLD
HOUSEHOLD_2_018,CA_1,2014-06-15,1.0,7.94,HOUSEHOLD
HOUSEHOLD_2_018,WI_1,2014-06-15,1.0,7.94,HOUSEHOLD
HOUSEHOLD_2_020,CA_1,2014-06-15,1.0,8.47,HOUSEHOLD
HOUSEHOLD_2_020,CA_2,2014-04-20,1.0,8.47,HOUSEHOLD
HOUSEHOLD_2_020,CA_3,2014-04-20,1.0,8.47,HOUSEHOLD
HOUSEHOLD_2_037,CA_1,2014-04-20,1.0,10.77,HOUSEHOLD
HOUSEHOLD_2_037,CA_2,2013-05-05,3.0,10.77,HOUSEHOLD
HOUSEHOLD_2_037,CA_2,2014-04-20,1.0,10.77,HOUSEHOLD
HOUSEHOLD_2_037,CA_3,2014-04-20,1.0,10.77,HOUSEHOLD
HOUSEHOLD_2_037,CA_3,2014-06-15,2.0,10.77,HOUSEHOLD
HOUSEHOLD_2_037,CA_4,2014-06-15,1.0,10.77,HOUSEHOLD
HOUSEHOLD_2_037,TX_1,2013-05-05,1.0,10.77,HOUSEHOLD
HOUSEHOLD_2_037,TX_2,2014-06-15,1.0,10.77,HOUSEHOLD
HOUSEHOLD_2_037,WI_1,2013-05-05,1.0,10.77,HOUSEHOLD
HOUSEHOLD_2_037,WI_1,2014-04-20,1.0,10.77,HOUSEHOLD
HOUSEHOLD_2_050,CA_1,2013-05-05,1.0,6.64,HOUSEHOLD
HOUSEHOLD_2_050,CA_2,2013-05-05,4.0,6.64,HOUSEHOLD
HOUSEHOLD_2_050,CA_2,2014-06-15,2.0,8.48,HOUSEHOLD
HOUSEHOLD_2_050,CA_3,2013-05-05,3.0,6.64,HOUSEHOLD
HOUSEHOLD_2_050,CA_3,2014-04-20,1.0,6.64,HOUSEHOLD
HOUSEHOLD_2_050,CA_3,2014-06-15,3.0,6.64,HOUSEHOLD
HOUSEHOLD_2_050,CA_4,2013-05-05,1.0,6.64,HOUSEHOLD
HOUSEHOLD_2_050,TX_2,2013-05-05,3.0,6.64,HOUSEHOLD
HOUSEHOLD_2_050,TX_2,2014-04-20,1.0,6.64,HOUSEHOLD
HOUSEHOLD_2_050,TX_2,2014-06-15,3.0,8.48,HOUSEHOLD
HOUSEHOLD_2_050,WI_1,2013-05-05,1.0,6.64,HOUSEHOLD
HOUSEHOLD_2_050,WI_3,2013-05-05,1.0,6.64,HOUSEHOLD
HOUSEHOLD_2_053,CA_2,2013-05-05,1.0,1.97,HOUSEHOLD
HOUSEHOLD_2_053,CA_3,2013-05-05,2.0,1.97,HOUSEHOLD
HOUSEHOLD_2_053,WI_1,2014-06-15,1.0,1.97,HOUSEHOLD
HOUSEHOLD_2_053,WI_2,2013-05-05,1.0,1.97,HOUSEHOLD
HOUSEHOLD_2_055,CA_2,2013-05-05,1.0,8.97,HOUSEHOLD
HOUSEHOLD_2_055,CA_3,2014-04-20,1.0,8.97,HOUSEHOLD
HOUSEHOLD_2_055,TX_1,2013-05-05,2.0,8.97,HOUSEHOLD
HOUSEHOLD_2_055,TX_2,2011-04-24,1.0,8.97,HOUSEHOLD
HOUSEHOLD_2_055,WI_3,2013-05-05,2.0,8.97,HOUSEHOLD
HOUSEHOLD_2_063,CA_3,2014-04-20,2.0,4.97,HOUSEHOLD
HOUSEHOLD_2_063,CA_4,2014-06-15,1.0,4.97,HOUSEHOLD
HOUSEHOLD_2_078,CA_1,2013-05-05,1.0,5.34,HOUSEHOLD
HOUSEHOLD_2_078,CA_1,2014-06-15,1.0,6.48,HOUSEHOLD
HOUSEHOLD_2_078,CA_2,2011-04-24,1.0,5.47,HOUSEHOLD
HOUSEHOLD_2_078,CA_2,2013-05-05,3.0,5.34,HOUSEHOLD
HOUSEHOLD_2_078,CA_3,2011-04-24,1.0,5.47,HOUSEHOLD
HOUSEHOLD_2_078,CA_3,2013-05-05,7.0,5.34,HOUSEHOLD
HOUSEHOLD_2_078,CA_3,2014-04-20,2.0,5.34,HOUSEHOLD
HOUSEHOLD_2_078,TX_1,2013-05-05,2.0,5.34,HOUSEHOLD
HOUSEHOLD_2_078,TX_1,2014-04-20,1.0,5.34,HOUSEHOLD
HOUSEHOLD_2_078,TX_2,2011-04-24,2.0,5.47,HOUSEHOLD
HOUSEHOLD_2_078,TX_2,2013-05-05,1.0,5.34,HOUSEHOLD
HOUSEHOLD_2_078,TX_2,2014-06-15,3.0,6.48,HOUSEHOLD
HOUSEHOLD_2_078,TX_3,2011-04-24,1.0,5.47,HOUSEHOLD
HOUSEHOLD_2_078,TX_3,2014-04-20,1.0,5.34,HOUSEHOLD
HOUSEHOLD_2_078,WI_1,2013-05-05,1.0,5.34,HOUSEHOLD
HOUSEHOLD_2_078,WI_1,2014-04-20,1.0,5.34,HOUSEHOLD
HOUSEHOLD_2_078,WI_1,2014-06-15,1.0,6.48,HOUSEHOLD
HOUSEHOLD_2_078,WI_2,2013-05-05,1.0,5.34,HOUSEHOLD
HOUSEHOLD_2_078,WI_2,2014-04-20,1.0,5.34,HOUSEHOLD
HOUSEHOLD_2_078,WI_2,2014-06-15,1.0,5.34,HOUSEHOLD
HOUSEHOLD_2_078,WI_3,2011-04-24,1.0,5.47,HOUSEHOLD
HOUSEHOLD_2_078,WI_3,2013-05-05,1.0,5.34,HOUSEHOLD
HOUSEHOLD_2_081,TX_2,2014-06-15,2.0,2.57,HOUSEHOLD
HOUSEHOLD_2_081,WI_2,2014-06-15,2.0,2.57,HOUSEHOLD
HOUSEHOLD_2_083,CA_1,2014-04-20,1.0,9.97,HOUSEHOLD
HOUSEHOLD_2_083,CA_2,2013-05-05,1.0,9.97,HOUSEHOLD
HOUSEHOLD_2_083,CA_2,2014-04-20,1.0,9.97,HOUSEHOLD
HOUSEHOLD_2_083,CA_3,2013-05-05,8.0,9.97,HOUSEHOLD
HOUSEHOLD_2_083,TX_1,2013-05-05,1.0,9.97,HOUSEHOLD
HOUSEHOLD_2_083,TX_3,2014-06-15,1.0,9.97,HOUSEHOLD
HOUSEHOLD_2_114,CA_2,2014-04-20,2.0,5.94,HOUSEHOLD
HOUSEHOLD_2_114,CA_3,2014-04-20,3.0,5.94,HOUSEHOLD
HOUSEHOLD_2_114,CA_4,2014-06-15,2.0,5.94,HOUSEHOLD
HOUSEHOLD_2_114,TX_3,2014-04-20,1.0,5.94,HOUSEHOLD
HOUSEHOLD_2_114,WI_1,2014-04-20,1.0,5.94,HOUSEHOLD
HOUSEHOLD_2_115,CA_1,2013-05-05,2.0,3.27,HOUSEHOLD
HOUSEHOLD_2_115,CA_2,2013-05-05,4.0,3.27,HOUSEHOLD
HOUSEHOLD_2_115,CA_2,2014-04-20,1.0,3.78,HOUSEHOLD
HOUSEHOLD_2_115,CA_3,2013-05-05,1.0,3.27,HOUSEHOLD
HOUSEHOLD_2_115,CA_3,2014-04-20,6.0,3.78,HOUSEHOLD
HOUSEHOLD_2_115,CA_4,2014-06-15,3.0,3.87,HOUSEHOLD
HOUSEHOLD_2_115,TX_1,2013-05-05,4.0,3.27,HOUSEHOLD
HOUSEHOLD_2_115,TX_1,2014-06-15,3.0,3.87,HOUSEHOLD
HOUSEHOLD_2_115,TX_2,2013-05-05,3.0,3.27,HOUSEHOLD
HOUSEHOLD_2_115,TX_3,2013-05-05,1.0,3.27,HOUSEHOLD
HOUSEHOLD_2_115,TX_3,2014-06-15,1.0,3.87,HOUSEHOLD
HOUSEHOLD_2_115,WI_1,2013-05-05,3.0,3.27,HOUSEHOLD
HOUSEHOLD_2_115,WI_1,2014-04-20,1.0,3.78,HOUSEHOLD
HOUSEHOLD_2_115,WI_2,2014-06-15,1.0,3.78,HOUSEHOLD
HOUSEHOLD_2_115,WI_3,2014-06-15,2.0,3.78,HOUSEHOLD
HOUSEHOLD_2_117,CA_1,2013-05-05,1.0,2.47,HOUSEHOLD
HOUSEHOLD_2_117,CA_3,2014-06-15,1.0,2.47,HOUSEHOLD
HOUSEHOLD_2_117,CA_4,2011-04-24,2.0,2.0,HOUSEHOLD
HOUSEHOLD_2_117,TX_1,2013-05-05,1.0,2.47,HOUSEHOLD
HOUSEHOLD_2_117,WI_2,2014-04-20,1.0,2.47,HOUSEHOLD
HOUSEHOLD_2_117,WI_3,2014-06-15,1.0,2.47,HOUSEHOLD
HOUSEHOLD_2_126,CA_1,2014-04-20,1.0,6.97,HOUSEHOLD
HOUSEHOLD_2_126,CA_4,2014-04-20,1.0,6.97,HOUSEHOLD
HOUSEHOLD_2_126,WI_3,2014-04-20,1.0,6.97,HOUSEHOLD
HOUSEHOLD_2_138,CA_1,2014-06-15,1.0,5.97,HOUSEHOLD
HOUSEHOLD_2_138,CA_2,2013-05-05,1.0,5.97,HOUSEHOLD
HOUSEHOLD_2_138,CA_2,2014-06-15,1.0,5.97,HOUSEHOLD
HOUSEHOLD_2_138,CA_3,2014-04-20,2.0,5.97,HOUSEHOLD
HOUSEHOLD_2_138,CA_4,2014-04-20,1.0,5.97,HOUSEHOLD
HOUSEHOLD_2_139,CA_1,2013-05-05,1.0,5.84,HOUSEHOLD
HOUSEHOLD_2_139,CA_3,2013-05-05,3.0,5.84,HOUSEHOLD
HOUSEHOLD_2_139,WI_2,2013-05-05,1.0,5.84,HOUSEHOLD
HOUSEHOLD_2_141,CA_1,2014-04-20,1.0,4.98,HOUSEHOLD
HOUSEHOLD_2_141,TX_1,2013-05-05,1.0,4.48,HOUSEHOLD
HOUSEHOLD_2_141,TX_1,2014-04-20,1.0,4.98,HOUSEHOLD
HOUSEHOLD_2_141,TX_3,2014-04-20,1.0,4.98,HOUSEHOLD
HOUSEHOLD_2_141,WI_1,2013-05-05,1.0,4.48,HOUSEHOLD
HOUSEHOLD_2_148,CA_1,2014-04-20,1.0,5.94,HOUSEHOLD
HOUSEHOLD_2_148,CA_1,2014-06-15,2.0,5.94,HOUSEHOLD
HOUSEHOLD_2_148,CA_3,2013-05-05,2.0,5.94,HOUSEHOLD
HOUSEHOLD_2_148,CA_3,2014-06-15,1.0,5.94,HOUSEHOLD
HOUSEHOLD_2_148,CA_4,2014-06-15,2.0,5.94,HOUSEHOLD
HOUSEHOLD_2_148,TX_1,2014-04-20,1.0,5.94,HOUSEHOLD
HOUSEHOLD_2_148,TX_1,2014-06-15,2.0,5.94,HOUSEHOLD
HOUSEHOLD_2_148,TX_2,2013-05-05,2.0,5.94,HOUSEHOLD
HOUSEHOLD_2_148,TX_2,2014-04-20,1.0,5.94,HOUSEHOLD
HOUSEHOLD_2_148,TX_2,2014-06-15,3.0,5.94,HOUSEHOLD
HOUSEHOLD_2_148,TX_3,2013-05-05,1.0,5.94,HOUSEHOLD
HOUSEHOLD_2_148,WI_1,2013-05-05,1.0,5.94,HOUSEHOLD
HOUSEHOLD_2_148,WI_3,2013-05-05,1.0,5.94,HOUSEHOLD
HOUSEHOLD_2_148,WI_3,2014-04-20,1.0,5.94,HOUSEHOLD
HOUSEHOLD_2_164,CA_2,2014-04-20,1.0,8.47,HOUSEHOLD
HOUSEHOLD_2_164,CA_3,2014-04-20,4.0,8.47,HOUSEHOLD
HOUSEHOLD_2_164,CA_4,2014-04-20,1.0,8.47,HOUSEHOLD
HOUSEHOLD_2_172,CA_1,2011-04-24,1.0,6.47,HOUSEHOLD
HOUSEHOLD_2_172,CA_1,2014-04-20,1.0,5.94,HOUSEHOLD
HOUSEHOLD_2_172,CA_2,2013-05-05,3.0,6.47,HOUSEHOLD
HOUSEHOLD_2_172,CA_2,2014-04-20,1.0,5.94,HOUSEHOLD
HOUSEHOLD_2_172,CA_3,2011-04-24,2.0,6.47,HOUSEHOLD
HOUSEHOLD_2_172,CA_3,2013-05-05,5.0,6.47,HOUSEHOLD
HOUSEHOLD_2_172,CA_3,2014-04-20,2.0,5.94,HOUSEHOLD
HOUSEHOLD_2_172,CA_3,2014-06-15,1.0,5.94,HOUSEHOLD
HOUSEHOLD_2_172,TX_1,2011-04-24,1.0,6.47,HOUSEHOLD
HOUSEHOLD_2_172,TX_1,2013-05-05,1.0,6.47,HOUSEHOLD
HOUSEHOLD_2_172,TX_2,2011-04-24,6.0,6.47,HOUSEHOLD
HOUSEHOLD_2_172,TX_2,2013-05-05,2.0,6.47,HOUSEHOLD
HOUSEHOLD_2_172,TX_2,2014-06-15,1.0,5.94,HOUSEHOLD
HOUSEHOLD_2_172,TX_3,2011-04-24,1.0,6.47,HOUSEHOLD
HOUSEHOLD_2_172,TX_3,2013-05-05,1.0,6.47,HOUSEHOLD
HOUSEHOLD_2_188,CA_2,2014-06-15,1.0,7.24,HOUSEHOLD
HOUSEHOLD_2_188,CA_3,2014-06-15,3.0,7.24,HOUSEHOLD
HOUSEHOLD_2_188,TX_2,2014-06-15,1.0,7.24,HOUSEHOLD
HOUSEHOLD_2_200,CA_1,2013-05-05,2.0,6.94,HOUSEHOLD
HOUSEHOLD_2_200,CA_1,2014-06-15,1.0,6.94,HOUSEHOLD
HOUSEHOLD_2_200,CA_2,2013-05-05,1.0,6.94,HOUSEHOLD
HOUSEHOLD_2_200,CA_2,2014-04-20,6.0,6.94,HOUSEHOLD
HOUSEHOLD_2_200,CA_4,2013-05-05,1.0,6.94,HOUSEHOLD
HOUSEHOLD_2_200,CA_4,2014-04-20,2.0,6.94,HOUSEHOLD
HOUSEHOLD_2_200,CA_4,2014-06-15,1.0,6.94,HOUSEHOLD
HOUSEHOLD_2_200,TX_1,2014-04-20,1.0,6.94,HOUSEHOLD
HOUSEHOLD_2_200,TX_2,2014-06-15,1.0,6.94,HOUSEHOLD
HOUSEHOLD_2_200,TX_3,2013-05-05,1.0,6.94,HOUSEHOLD
HOUSEHOLD_2_200,TX_3,2014-06-15,1.0,6.94,HOUSEHOLD
HOUSEHOLD_2_200,WI_1,2014-06-15,1.0,6.94,HOUSEHOLD
HOUSEHOLD_2_200,WI_2,2013-05-05,1.0,6.94,HOUSEHOLD
HOUSEHOLD_2_200,WI_2,2014-06-15,1.0,6.94,HOUSEHOLD
HOUSEHOLD_2_200,WI_3,2014-04-20,2.0,6.94,HOUSEHOLD
HOUSEHOLD_2_200,WI_3,2014-06-15,2.0,6.94,HOUSEHOLD
HOUSEHOLD_2_228,CA_2,2013-05-05,1.0,4.97,HOUSEHOLD
HOUSEHOLD_2_228,CA_4,2013-05-05,1.0,4.97,HOUSEHOLD
HOUSEHOLD_2_228,TX_1,2013-05-05,1.0,4.97,HOUSEHOLD
HOUSEHOLD_2_228,TX_1,2014-04-20,2.0,5.47,HOUSEHOLD
HOUSEHOLD_2_228,TX_2,2014-06-15,1.0,5.47,HOUSEHOLD
HOUSEHOLD_2_228,TX_3,2014-04-20,1.0,5.47,HOUSEHOLD
HOUSEHOLD_2_228,WI_1,2013-05-05,1.0,4.97,HOUSEHOLD
HOUSEHOLD_2_241,CA_1,2011-04-24,2.0,4.98,HOUSEHOLD
HOUSEHOLD_2_241,CA_1,2014-06-15,2.0,4.98,HOUSEHOLD
HOUSEHOLD_2_241,CA_2,2013-05-05,1.0,4.98,HOUSEHOLD
HOUSEHOLD_2_241,CA_2,2014-04-20,1.0,4.98,HOUSEHOLD
HOUSEHOLD_2_241,CA_3,2011-04-24,1.0,4.98,HOUSEHOLD
HOUSEHOLD_2_241,CA_3,2014-04-20,1.0,4.98,HOUSEHOLD
HOUSEHOLD_2_241,TX_1,2013-05-05,4.0,4.98,HOUSEHOLD
HOUSEHOLD_2_241,TX_1,2014-04-20,1.0,4.98,HOUSEHOLD
HOUSEHOLD_2_241,TX_2,2011-04-24,2.0,4.98,HOUSEHOLD
HOUSEHOLD_2_241,TX_2,2013-05-05,2.0,4.98,HOUSEHOLD
HOUSEHOLD_2_241,TX_3,2014-06-15,1.0,4.98,HOUSEHOLD
HOUSEHOLD_2_242,TX_1,2014-04-20,1.0,12.97,HOUSEHOLD
HOUSEHOLD_2_242,TX_3,2013-05-05,1.0,13.24,HOUSEHOLD
HOUSEHOLD_2_261,CA_1,2011-04-24,1.0,6.97,HOUSEHOLD
HOUSEHOLD_2_261,CA_1,2014-04-20,2.0,7.47,HOUSEHOLD
HOUSEHOLD_2_261,CA_2,2013-05-05,1.0,6.97,HOUSEHOLD
HOUSEHOLD_2_261,CA_3,2011-04-24,2.0,6.97,HOUSEHOLD
HOUSEHOLD_2_261,CA_4,2013-05-05,1.0,6.97,HOUSEHOLD
HOUSEHOLD_2_261,TX_3,2014-06-15,1.0,7.47,HOUSEHOLD
HOUSEHOLD_2_261,WI_2,2014-06-15,1.0,7.47,HOUSEHOLD
HOUSEHOLD_2_266,CA_1,2014-06-15,1.0,2.97,HOUSEHOLD
HOUSEHOLD_2_266,CA_2,2014-04-20,1.0,2.97,HOUSEHOLD
HOUSEHOLD_2_266,CA_3,2014-04-20,2.0,2.97,HOUSEHOLD
HOUSEHOLD_2_266,CA_3,2014-06-15,1.0,2.97,HOUSEHOLD
HOUSEHOLD_2_266,TX_1,2014-06-15,2.0,2.97,HOUSEHOLD
HOUSEHOLD_2_266,TX_2,2014-04-20,1.0,2.97,HOUSEHOLD
HOUSEHOLD_2_266,TX_2,2014-06-15,1.0,2.97,HOUSEHOLD
HOUSEHOLD_2_267,CA_1,2014-06-15,1.0,1.98,HOUSEHOLD
HOUSEHOLD_2_267,CA_2,2013-05-05,1.0,1.98,HOUSEHOLD
HOUSEHOLD_2_267,TX_2,2013-05-05,1.0,1.98,HOUSEHOLD
HOUSEHOLD_2_267,TX_2,2014-06-15,1.0,1.98,HOUSEHOLD
HOUSEHOLD_2_267,WI_1,2013-05-05,3.0,1.98,HOUSEHOLD
HOUSEHOLD_2_267,WI_3,2014-04-20,1.0,1.98,HOUSEHOLD
HOUSEHOLD_2_269,CA_2,2011-04-24,1.0,9.97,HOUSEHOLD
HOUSEHOLD_2_269,CA_3,2013-05-05,2.0,9.97,HOUSEHOLD
HOUSEHOLD_2_269,CA_4,2013-05-05,1.0,9.97,HOUSEHOLD
HOUSEHOLD_2_278,CA_2,2013-05-05,1.0,11.0,HOUSEHOLD
HOUSEHOLD_2_278,CA_3,2013-05-05,3.0,11.0,HOUSEHOLD
HOUSEHOLD_2_278,TX_3,2014-06-15,1.0,11.0,HOUSEHOLD
HOUSEHOLD_2_298,CA_1,2013-05-05,1.0,3.42,HOUSEHOLD
HOUSEHOLD_2_298,CA_1,2014-04-20,1.0,3.42,HOUSEHOLD
HOUSEHOLD_2_298,CA_1,2014-06-15,2.0,3.42,HOUSEHOLD
HOUSEHOLD_2_298,CA_2,2014-04-20,1.0,3.42,HOUSEHOLD
HOUSEHOLD_2_298,CA_3,2014-04-20,1.0,3.42,HOUSEHOLD
HOUSEHOLD_2_298,CA_3,2014-06-15,1.0,3.42,HOUSEHOLD
HOUSEHOLD_2_298,CA_4,2013-05-05,1.0,3.42,HOUSEHOLD
HOUSEHOLD_2_298,TX_2,2014-06-15,1.0,3.42,HOUSEHOLD
HOUSEHOLD_2_298,WI_1,2013-05-05,1.0,3.42,HOUSEHOLD
HOUSEHOLD_2_298,WI_1,2014-06-15,1.0,3.42,HOUSEHOLD
HOUSEHOLD_2_298,WI_2,2014-04-20,1.0,3.42,HOUSEHOLD
HOUSEHOLD_2_300,CA_1,2014-04-20,1.0,7.97,HOUSEHOLD
HOUSEHOLD_2_300,CA_2,2014-04-20,1.0,7.97,HOUSEHOLD
HOUSEHOLD_2_300,TX_2,2014-04-20,1.0,7.97,HOUSEHOLD
HOUSEHOLD_2_300,TX_3,2014-04-20,1.0,7.97,HOUSEHOLD
HOUSEHOLD_2_315,CA_2,2011-04-24,1.0,7.67,HOUSEHOLD
HOUSEHOLD_2_315,CA_2,2014-04-20,2.0,7.67,HOUSEHOLD
HOUSEHOLD_2_315,CA_3,2014-06-15,1.0,7.67,HOUSEHOLD
HOUSEHOLD_2_315,TX_1,2014-04-20,3.0,7.67,HOUSEHOLD
HOUSEHOLD_2_315,TX_2,2011-04-24,1.0,7.67,HOUSEHOLD
HOUSEHOLD_2_315,TX_2,2013-05-05,2.0,7.67,HOUSEHOLD
HOUSEHOLD_2_315,WI_1,2013-05-05,1.0,7.67,HOUSEHOLD
HOUSEHOLD_2_328,CA_1,2013-05-05,1.0,6.97,HOUSEHOLD
HOUSEHOLD_2_328,CA_4,2014-04-20,2.0,6.97,HOUSEHOLD
HOUSEHOLD_2_328,CA_4,2014-06-15,1.0,7.47,HOUSEHOLD
HOUSEHOLD_2_328,TX_2,2013-05-05,2.0,6.97,HOUSEHOLD
HOUSEHOLD_2_328,TX_2,2014-04-20,1.0,6.97,HOUSEHOLD
HOUSEHOLD_2_328,TX_2,2014-06-15,1.0,7.47,HOUSEHOLD
HOUSEHOLD_2_328,WI_1,2013-05-05,1.0,6.97,HOUSEHOLD
HOUSEHOLD_2_328,WI_3,2014-06-15,2.0,7.47,HOUSEHOLD
HOUSEHOLD_2_331,TX_2,2014-06-15,1.0,3.97,HOUSEHOLD
HOUSEHOLD_2_332,CA_1,2014-06-15,1.0,6.77,HOUSEHOLD
HOUSEHOLD_2_332,CA_2,2013-05-05,1.0,6.47,HOUSEHOLD
HOUSEHOLD_2_332,CA_2,2014-04-20,1.0,6.47,HOUSEHOLD
HOUSEHOLD_2_332,CA_3,2011-04-24,1.0,6.47,HOUSEHOLD
HOUSEHOLD_2_332,CA_3,2013-05-05,1.0,6.47,HOUSEHOLD
HOUSEHOLD_2_332,TX_2,2013-05-05,1.0,6.47,HOUSEHOLD
HOUSEHOLD_2_334,CA_2,2014-04-20,1.0,2.98,HOUSEHOLD
HOUSEHOLD_2_334,CA_2,2014-06-15,1.0,2.98,HOUSEHOLD
HOUSEHOLD_2_334,WI_2,2014-06-15,1.0,2.98,HOUSEHOLD
HOUSEHOLD_2_341,CA_1,2011-04-24,1.0,5.27,HOUSEHOLD
HOUSEHOLD_2_341,CA_1,2013-05-05,2.0,5.32,HOUSEHOLD
HOUSEHOLD_2_341,CA_2,2011-04-24,6.0,5.27,HOUSEHOLD
HOUSEHOLD_2_341,CA_2,2013-05-05,2.0,5.32,HOUSEHOLD
HOUSEHOLD_2_341,CA_2,2014-04-20,2.0,5.32,HOUSEHOLD
HOUSEHOLD_2_341,CA_2,2014-06-15,6.0,5.32,HOUSEHOLD
HOUSEHOLD_2_341,CA_3,2011-04-24,5.0,5.27,HOUSEHOLD
HOUSEHOLD_2_341,CA_3,2013-05-05,4.0,5.32,HOUSEHOLD
HOUSEHOLD_2_341,CA_3,2014-04-20,3.0,5.32,HOUSEHOLD
HOUSEHOLD_2_341,TX_2,2013-05-05,1.0,5.32,HOUSEHOLD
HOUSEHOLD_2_341,WI_2,2013-05-05,2.0,5.32,HOUSEHOLD
HOUSEHOLD_2_341,WI_2,2014-06-15,1.0,5.32,HOUSEHOLD
HOUSEHOLD_2_341,WI_3,2014-04-20,1.0,5.32,HOUSEHOLD
HOUSEHOLD_2_341,WI_3,2014-06-15,3.0,5.32,HOUSEHOLD
HOUSEHOLD_2_349,CA_1,2011-04-24,2.0,4.47,HOUSEHOLD
HOUSEHOLD_2_349,CA_2,2011-04-24,2.0,4.47,HOUSEHOLD
HOUSEHOLD_2_349,CA_2,2014-04-20,7.0,4.97,HOUSEHOLD
HOUSEHOLD_2_349,CA_3,2011-04-24,1.0,4.47,HOUSEHOLD
HOUSEHOLD_2_349,CA_3,2014-04-20,1.0,4.97,HOUSEHOLD
HOUSEHOLD_2_349,CA_3,2014-06-15,2.0,4.97,HOUSEHOLD
HOUSEHOLD_2_349,TX_1,2011-04-24,1.0,4.27,HOUSEHOLD
HOUSEHOLD_2_349,TX_1,2013-05-05,2.0,4.97,HOUSEHOLD
HOUSEHOLD_2_349,TX_1,2014-04-20,1.0,4.97,HOUSEHOLD
HOUSEHOLD_2_349,TX_2,2014-04-20,1.0,4.97,HOUSEHOLD
HOUSEHOLD_2_349,TX_3,2011-04-24,1.0,4.27,HOUSEHOLD
HOUSEHOLD_2_349,TX_3,2014-06-15,1.0,4.97,HOUSEHOLD
HOUSEHOLD_2_349,WI_1,2013-05-05,3.0,4.97,HOUSEHOLD
HOUSEHOLD_2_349,WI_1,2014-04-20,2.0,4.97,HOUSEHOLD
HOUSEHOLD_2_349,WI_1,2014-06-15,1.0,4.97,HOUSEHOLD
HOUSEHOLD_2_349,WI_2,2014-06-15,1.0,4.97,HOUSEHOLD
HOUSEHOLD_2_349,WI_3,2014-06-15,2.0,4.97,HOUSEHOLD
HOUSEHOLD_2_355,CA_1,2014-04-20,1.0,10.96,HOUSEHOLD
HOUSEHOLD_2_355,CA_2,2011-04-24,1.0,10.97,HOUSEHOLD
HOUSEHOLD_2_355,CA_2,2013-05-05,1.0,10.96,HOUSEHOLD
HOUSEHOLD_2_355,CA_2,2014-04-20,1.0,10.96,HOUSEHOLD
HOUSEHOLD_2_355,CA_3,2013-05-05,1.0,10.96,HOUSEHOLD
HOUSEHOLD_2_355,CA_3,2014-04-20,3.0,10.96,HOUSEHOLD
HOUSEHOLD_2_355,CA_4,2014-04-20,1.0,10.96,HOUSEHOLD
HOUSEHOLD_2_355,TX_1,2013-05-05,1.0,10.96,HOUSEHOLD
HOUSEHOLD_2_355,TX_2,2014-04-20,1.0,10.96,HOUSEHOLD
HOUSEHOLD_2_355,TX_3,2011-04-24,1.0,10.97,HOUSEHOLD
HOUSEHOLD_2_355,TX_3,2013-05-05,1.0,10.96,HOUSEHOLD
HOUSEHOLD_2_355,WI_1,2014-06-15,1.0,11.67,HOUSEHOLD
HOUSEHOLD_2_355,WI_3,2013-05-05,1.0,10.96,HOUSEHOLD
HOUSEHOLD_2_356,CA_1,2014-06-15,2.0,9.88,HOUSEHOLD
HOUSEHOLD_2_356,CA_2,2011-04-24,4.0,9.88,HOUSEHOLD
HOUSEHOLD_2_356,CA_3,2011-04-24,2.0,9.88,HOUSEHOLD
HOUSEHOLD_2_356,CA_3,2014-04-20,1.0,9.88,HOUSEHOLD
HOUSEHOLD_2_356,CA_3,2014-06-15,1.0,9.88,HOUSEHOLD
HOUSEHOLD_2_356,CA_4,2013-05-05,1.0,9.88,HOUSEHOLD
HOUSEHOLD_2_356,CA_4,2014-04-20,2.0,9.88,HOUSEHOLD
HOUSEHOLD_2_356,TX_1,2014-06-15,1.0,9.88,HOUSEHOLD
HOUSEHOLD_2_356,TX_2,2014-04-20,2.0,9.88,HOUSEHOLD
HOUSEHOLD_2_356,TX_2,2014-06-15,2.0,9.88,HOUSEHOLD
HOUSEHOLD_2_356,TX_3,2011-04-24,1.0,9.88,HOUSEHOLD
HOUSEHOLD_2_356,TX_3,2013-05-05,1.0,9.88,HOUSEHOLD
HOUSEHOLD_2_356,TX_3,2014-06-15,1.0,9.88,HOUSEHOLD
HOUSEHOLD_2_356,WI_2,2013-05-05,1.0,9.88,HOUSEHOLD
HOUSEHOLD_2_356,WI_3,2014-06-15,2.0,9.88,HOUSEHOLD
HOUSEHOLD_2_360,CA_3,2014-06-15,1.0,7.97,HOUSEHOLD
HOUSEHOLD_2_379,CA_1,2014-04-20,1.0,4.44,HOUSEHOLD
HOUSEHOLD_2_379,CA_2,2013-05-05,1.0,4.44,HOUSEHOLD
HOUSEHOLD_2_379,CA_3,2011-04-24,1.0,4.24,HOUSEHOLD
HOUSEHOLD_2_379,CA_3,2013-05-05,1.0,4.44,HOUSEHOLD
HOUSEHOLD_2_379,CA_4,2011-04-24,2.0,4.24,HOUSEHOLD
HOUSEHOLD_2_379,CA_4,2013-05-05,2.0,4.44,HOUSEHOLD
HOUSEHOLD_2_379,TX_1,2014-04-20,1.0,4.44,HOUSEHOLD
HOUSEHOLD_2_379,TX_2,2014-04-20,1.0,4.44,HOUSEHOLD
HOUSEHOLD_2_379,WI_1,2011-04-24,1.0,4.24,HOUSEHOLD
HOUSEHOLD_2_380,CA_1,2013-05-05,2.0,5.27,HOUSEHOLD
HOUSEHOLD_2_380,CA_2,2011-04-24,4.0,4.97,HOUSEHOLD
HOUSEHOLD_2_380,CA_2,2013-05-05,2.0,5.27,HOUSEHOLD
HOUSEHOLD_2_380,CA_2,2014-04-20,1.0,5.27,HOUSEHOLD
HOUSEHOLD_2_380,CA_2,2014-06-15,4.0,5.27,HOUSEHOLD
HOUSEHOLD_2_380,CA_3,2011-04-24,4.0,4.97,HOUSEHOLD
HOUSEHOLD_2_380,CA_3,2013-05-05,1.0,5.27,HOUSEHOLD
HOUSEHOLD_2_380,CA_3,2014-04-20,1.0,5.27,HOUSEHOLD
HOUSEHOLD_2_380,CA_4,2014-06-15,1.0,5.27,HOUSEHOLD
HOUSEHOLD_2_380,TX_1,2011-04-24,2.0,4.97,HOUSEHOLD
HOUSEHOLD_2_380,TX_1,2014-06-15,3.0,5.27,HOUSEHOLD
HOUSEHOLD_2_380,TX_2,2011-04-24,2.0,4.97,HOUSEHOLD
HOUSEHOLD_2_380,TX_3,2011-04-24,3.0,4.97,HOUSEHOLD
HOUSEHOLD_2_380,TX_3,2013-05-05,1.0,5.27,HOUSEHOLD
HOUSEHOLD_2_380,TX_3,2014-04-20,2.0,5.27,HOUSEHOLD
HOUSEHOLD_2_380,WI_1,2011-04-24,1.0,4.97,HOUSEHOLD
HOUSEHOLD_2_380,WI_1,2014-04-20,1.0,5.27,HOUSEHOLD
HOUSEHOLD_2_380,WI_2,2013-05-05,1.0,5.27,HOUSEHOLD
HOUSEHOLD_2_385,CA_1,2014-06-15,1.0,7.47,HOUSEHOLD
HOUSEHOLD_2_385,CA_2,2013-05-05,2.0,6.97,HOUSEHOLD
HOUSEHOLD_2_385,CA_2,2014-06-15,1.0,7.47,HOUSEHOLD
HOUSEHOLD_2_385,CA_3,2013-05-05,1.0,6.97,HOUSEHOLD
HOUSEHOLD_2_385,CA_3,2014-04-20,2.0,7.47,HOUSEHOLD
HOUSEHOLD_2_385,CA_4,2014-04-20,1.0,7.47,HOUSEHOLD
HOUSEHOLD_2_385,TX_1,2013-05-05,3.0,6.97,HOUSEHOLD
HOUSEHOLD_2_385,TX_2,2013-05-05,2.0,6.97,HOUSEHOLD
HOUSEHOLD_2_385,TX_3,2013-05-05,1.0,6.97,HOUSEHOLD
HOUSEHOLD_2_385,WI_2,2014-06-15,1.0,7.47,HOUSEHOLD
HOUSEHOLD_2_388,CA_2,2011-04-24,1.0,6.97,HOUSEHOLD
HOUSEHOLD_2_388,CA_3,2011-04-24,1.0,6.97,HOUSEHOLD
HOUSEHOLD_2_388,CA_3,2013-05-05,1.0,6.97,HOUSEHOLD
HOUSEHOLD_2_388,CA_3,2014-06-15,1.0,5.97,HOUSEHOLD
HOUSEHOLD_2_388,CA_4,2013-05-05,2.0,6.97,HOUSEHOLD
HOUSEHOLD_2_388,CA_4,2014-04-20,1.0,6.97,HOUSEHOLD
HOUSEHOLD_2_388,TX_1,2011-04-24,1.0,6.97,HOUSEHOLD
HOUSEHOLD_2_388,TX_2,2011-04-24,1.0,6.97,HOUSEHOLD
HOUSEHOLD_2_388,TX_3,2013-05-05,4.0,6.97,HOUSEHOLD
HOUSEHOLD_2_388,WI_1,2013-05-05,1.0,6.97,HOUSEHOLD
HOUSEHOLD_2_388,WI_1,2014-04-20,1.0,6.97,HOUSEHOLD
HOUSEHOLD_2_411,CA_1,2011-04-24,1.0,5.84,HOUSEHOLD
HOUSEHOLD_2_411,CA_1,2013-05-05,5.0,5.84,HOUSEHOLD
HOUSEHOLD_2_411,CA_1,2014-06-15,1.0,5.84,HOUSEHOLD
HOUSEHOLD_2_411,CA_2,2013-05-05,1.0,5.84,HOUSEHOLD
HOUSEHOLD_2_411,CA_2,2014-06-15,3.0,5.84,HOUSEHOLD
HOUSEHOLD_2_411,CA_3,2014-06-15,2.0,5.84,HOUSEHOLD
HOUSEHOLD_2_411,TX_2,2013-05-05,1.0,5.84,HOUSEHOLD
HOUSEHOLD_2_411,TX_2,2014-06-15,1.0,5.84,HOUSEHOLD
HOUSEHOLD_2_411,TX_3,2013-05-05,2.0,5.84,HOUSEHOLD
HOUSEHOLD_2_411,WI_1,2013-05-05,2.0,5.84,HOUSEHOLD
HOUSEHOLD_2_415,CA_1,2014-06-15,2.0,2.48,HOUSEHOLD
HOUSEHOLD_2_415,CA_2,2014-04-20,1.0,2.48,HOUSEHOLD
HOUSEHOLD_2_415,CA_4,2014-06-15,1.0,2.48,HOUSEHOLD
HOUSEHOLD_2_415,WI_1,2014-04-20,1.0,2.48,HOUSEHOLD
HOUSEHOLD_2_415,WI_1,2014-06-15,1.0,2.48,HOUSEHOLD
HOUSEHOLD_2_415,WI_2,2014-06-15,1.0,2.48,HOUSEHOLD
HOUSEHOLD_2_415,WI_3,2014-06-15,1.0,2.48,HOUSEHOLD
HOUSEHOLD_2_422,CA_2,2014-04-20,2.0,4.97,HOUSEHOLD
HOUSEHOLD_2_422,CA_2,2014-06-15,1.0,4.97,HOUSEHOLD
HOUSEHOLD_2_422,CA_3,2014-06-15,2.0,4.97,HOUSEHOLD
HOUSEHOLD_2_422,TX_2,2014-04-20,1.0,4.97,HOUSEHOLD
HOUSEHOLD_2_423,CA_1,2014-06-15,4.0,3.87,HOUSEHOLD
HOUSEHOLD_2_423,CA_2,2013-05-05,3.0,3.27,HOUSEHOLD
HOUSEHOLD_2_423,CA_2,2014-04-20,6.0,3.78,HOUSEHOLD
HOUSEHOLD_2_423,CA_3,2013-05-05,4.0,3.27,HOUSEHOLD
HOUSEHOLD_2_423,CA_3,2014-04-20,5.0,3.78,HOUSEHOLD
HOUSEHOLD_2_423,TX_1,2014-04-20,1.0,3.78,HOUSEHOLD
HOUSEHOLD_2_423,TX_1,2014-06-15,1.0,3.87,HOUSEHOLD
HOUSEHOLD_2_423,TX_2,2014-06-15,1.0,3.87,HOUSEHOLD
HOUSEHOLD_2_423,TX_3,2014-06-15,2.0,3.78,HOUSEHOLD
HOUSEHOLD_2_423,WI_1,2013-05-05,1.0,3.27,HOUSEHOLD
HOUSEHOLD_2_423,WI_1,2014-04-20,1.0,3.78,HOUSEHOLD
HOUSEHOLD_2_423,WI_1,2014-06-15,1.0,3.87,HOUSEHOLD
HOUSEHOLD_2_423,WI_2,2014-06-15,1.0,3.78,HOUSEHOLD
HOUSEHOLD_2_423,WI_3,2011-04-24,1.0,2.97,HOUSEHOLD
HOUSEHOLD_2_430,TX_2,2014-04-20,1.0,3.97,HOUSEHOLD
HOUSEHOLD_2_458,CA_1,2014-06-15,1.0,3.98,HOUSEHOLD
HOUSEHOLD_2_458,CA_2,2014-06-15,2.0,3.98,HOUSEHOLD
HOUSEHOLD_2_458,TX_2,2013-05-05,1.0,3.98,HOUSEHOLD
HOUSEHOLD_2_462,CA_1,2013-05-05,2.0,8.47,HOUSEHOLD
HOUSEHOLD_2_462,CA_1,2014-04-20,1.0,8.47,HOUSEHOLD
HOUSEHOLD_2_462,CA_1,2014-06-15,1.0,8.47,HOUSEHOLD
HOUSEHOLD_2_462,CA_3,2014-04-20,1.0,8.47,HOUSEHOLD
HOUSEHOLD_2_462,CA_3,2014-06-15,1.0,8.47,HOUSEHOLD
HOUSEHOLD_2_462,WI_1,2011-04-24,1.0,8.47,HOUSEHOLD
HOUSEHOLD_2_462,WI_2,2013-05-05,1.0,8.47,HOUSEHOLD
HOUSEHOLD_2_477,CA_1,2014-06-15,1.0,5.92,HOUSEHOLD
HOUSEHOLD_2_477,CA_2,2014-06-15,1.0,5.92,HOUSEHOLD
HOUSEHOLD_2_477,CA_3,2014-06-15,7.0,5.92,HOUSEHOLD
HOUSEHOLD_2_477,TX_1,2014-06-15,3.0,5.92,HOUSEHOLD
HOUSEHOLD_2_477,TX_3,2014-06-15,2.0,5.92,HOUSEHOLD
HOUSEHOLD_2_488,CA_1,2014-06-15,1.0,5.27,HOUSEHOLD
HOUSEHOLD_2_488,CA_2,2013-05-05,1.0,4.97,HOUSEHOLD
HOUSEHOLD_2_488,CA_2,2014-06-15,1.0,5.27,HOUSEHOLD
HOUSEHOLD_2_488,CA_3,2014-06-15,1.0,5.27,HOUSEHOLD
HOUSEHOLD_2_488,CA_4,2014-04-20,1.0,4.97,HOUSEHOLD
HOUSEHOLD_2_488,CA_4,2014-06-15,1.0,5.27,HOUSEHOLD
HOUSEHOLD_2_488,TX_1,2014-04-20,1.0,4.97,HOUSEHOLD
HOUSEHOLD_2_488,TX_2,2014-04-20,2.0,4.97,HOUSEHOLD
HOUSEHOLD_2_488,WI_3,2014-06-15,1.0,5.27,HOUSEHOLD
HOUSEHOLD_2_491,CA_1,2013-05-05,2.0,6.97,HOUSEHOLD
HOUSEHOLD_2_491,CA_2,2013-05-05,1.0,6.97,HOUSEHOLD
HOUSEHOLD_2_491,CA_3,2014-04-20,2.0,6.97,HOUSEHOLD
HOUSEHOLD_2_491,CA_4,2014-04-20,1.0,6.97,HOUSEHOLD
HOUSEHOLD_2_491,TX_1,2014-06-15,2.0,6.97,HOUSEHOLD
HOUSEHOLD_2_491,TX_2,2013-05-05,1.0,6.97,HOUSEHOLD
HOUSEHOLD_2_491,TX_2,2014-04-20,1.0,6.97,HOUSEHOLD
HOUSEHOLD_2_491,TX_2,2014-06-15,1.0,6.97,HOUSEHOLD
HOUSEHOLD_2_491,TX_3,2013-05-05,1.0,6.97,HOUSEHOLD
HOUSEHOLD_2_491,WI_3,2013-05-05,1.0,6.97,HOUSEHOLD
HOUSEHOLD_2_491,WI_3,2014-04-20,1.0,6.97,HOUSEHOLD
HOUSEHOLD_2_492,CA_1,2014-04-20,1.0,5.92,HOUSEHOLD
HOUSEHOLD_2_492,CA_1,2014-06-15,3.0,5.92,HOUSEHOLD
HOUSEHOLD_2_492,CA_2,2013-05-05,2.0,5.92,HOUSEHOLD
HOUSEHOLD_2_492,CA_3,2013-05-05,3.0,5.92,HOUSEHOLD
HOUSEHOLD_2_492,CA_3,2014-04-20,2.0,5.92,HOUSEHOLD
HOUSEHOLD_2_492,CA_3,2014-06-15,1.0,5.92,HOUSEHOLD
HOUSEHOLD_2_492,CA_4,2014-04-20,4.0,5.92,HOUSEHOLD
HOUSEHOLD_2_492,CA_4,2014-06-15,1.0,5.92,HOUSEHOLD
HOUSEHOLD_2_492,TX_1,2014-04-20,1.0,5.92,HOUSEHOLD
HOUSEHOLD_2_492,TX_1,2014-06-15,1.0,5.92,HOUSEHOLD
HOUSEHOLD_2_492,TX_2,2013-05-05,2.0,5.92,HOUSEHOLD
HOUSEHOLD_2_492,TX_2,2014-04-20,3.0,5.92,HOUSEHOLD
HOUSEHOLD_2_492,TX_3,2013-05-05,1.0,5.92,HOUSEHOLD
HOUSEHOLD_2_492,TX_3,2014-04-20,2.0,5.92,HOUSEHOLD
HOUSEHOLD_2_492,WI_2,2013-05-05,1.0,5.92,HOUSEHOLD
HOUSEHOLD_2_492,WI_3,2013-05-05,1.0,5.92,HOUSEHOLD
HOUSEHOLD_2_492,WI_3,2014-06-15,3.0,5.92,HOUSEHOLD
HOUSEHOLD_2_506,CA_2,2013-05-05,1.0,6.5,HOUSEHOLD
HOUSEHOLD_2_506,TX_1,2014-06-15,2.0,6.97,HOUSEHOLD
HOUSEHOLD_2_506,TX_2,2014-06-15,1.0,6.97,HOUSEHOLD
HOUSEHOLD_2_506,TX_3,2014-04-20,1.0,6.97,HOUSEHOLD
HOUSEHOLD_2_507,CA_1,2014-04-20,2.0,6.97,HOUSEHOLD
HOUSEHOLD_2_507,CA_2,2011-04-24,3.0,6.97,HOUSEHOLD
HOUSEHOLD_2_507,CA_2,2013-05-05,3.0,6.97,HOUSEHOLD
HOUSEHOLD_2_507,CA_2,2014-04-20,1.0,6.97,HOUSEHOLD
HOUSEHOLD_2_507,CA_2,2014-06-15,1.0,6.97,HOUSEHOLD
HOUSEHOLD_2_507,CA_3,2011-04-24,2.0,6.97,HOUSEHOLD
HOUSEHOLD_2_507,CA_3,2013-05-05,1.0,6.97,HOUSEHOLD
HOUSEHOLD_2_507,CA_3,2014-06-15,1.0,6.97,HOUSEHOLD
HOUSEHOLD_2_507,CA_4,2011-04-24,1.0,6.97,HOUSEHOLD
HOUSEHOLD_2_507,CA_4,2013-05-05,3.0,6.97,HOUSEHOLD
HOUSEHOLD_2_507,TX_1,2013-05-05,2.0,6.97,HOUSEHOLD
HOUSEHOLD_2_507,TX_1,2014-06-15,1.0,6.97,HOUSEHOLD
HOUSEHOLD_2_507,TX_2,2014-04-20,1.0,6.97,HOUSEHOLD
HOUSEHOLD_2_507,TX_2,2014-06-15,1.0,6.97,HOUSEHOLD
HOUSEHOLD_2_507,TX_3,2014-04-20,2.0,6.97,HOUSEHOLD
HOUSEHOLD_2_507,WI_1,2011-04-24,2.0,6.97,HOUSEHOLD
HOUSEHOLD_2_507,WI_1,2013-05-05,1.0,6.97,HOUSEHOLD
HOUSEHOLD_2_507,WI_1,2014-04-20,2.0,6.97,HOUSEHOLD
HOUSEHOLD_2_507,WI_3,2011-04-24,1.0,6.97,HOUSEHOLD
HOUSEHOLD_2_514,CA_1,2013-05-05,1.0,18.97,HOUSEHOLD
HOUSEHOLD_2_514,CA_1,2014-06-15,1.0,17.94,HOUSEHOLD
HOUSEHOLD_2_514,CA_3,2013-05-05,1.0,18.97,HOUSEHOLD
HOUSEHOLD_2_514,WI_2,2013-05-05,1.0,18.97,HOUSEHOLD

